0.29,0.29,1.00,0.18,2.02
4.36,4.36,4.90,5.59,7.26
8.53,8.53,18.17,22.28,19.94
10.64,10.64,18.89,24.89,28.89
11.76,11.76,20.78,34.86,55.15
0.45,0.45,24.35,43.28,69.07
0.21,0.21,24.78,33.95,67.69
1.47,1.47,24.83,37.49,65.17
6.86,6.86,29.89,38.39,64.43
13.47,13.47,37.19,33.36,63.87
14.68,14.68,38.10,41.48,63.36
15.23,15.23,38.36,34.99,59.89
16.36,16.36,40.82,41.02,57.92
14.83,14.83,38.91,38.13,57.19
13.95,13.95,40.86,41.95,59.21
16.35,16.35,42.67,43.52,57.87
18.63,18.63,41.99,40.85,56.15
18.48,18.48,38.62,36.34,56.77
19.07,19.07,41.51,33.87,55.66
20.52,20.52,44.19,38.69,55.26
22.23,22.23,42.30,39.12,57.30
17.37,17.37,45.19,37.14,57.87
16.06,16.06,42.00,34.08,56.30
17.76,17.76,39.25,38.11,55.19
20.32,20.32,40.68,34.22,54.05
17.47,17.47,44.69,31.10,52.77
19.09,19.09,43.08,36.54,56.37
14.77,14.77,40.61,35.26,55.79
12.79,12.79,40.00,42.77,62.62
13.04,13.04,38.46,42.92,63.22
15.35,15.35,37.03,35.48,61.84
15.22,15.22,40.24,39.17,60.52
17.78,17.78,41.73,37.22,59.72
16.72,16.72,40.06,38.89,57.61
16.29,16.29,38.95,35.93,56.67
18.29,18.29,40.31,40.26,62.24
16.26,16.26,40.63,36.04,65.86
13.36,13.36,39.76,34.81,66.39
15.35,15.35,43.23,38.80,65.05
16.05,16.05,40.65,30.95,65.83
17.92,17.92,38.30,31.93,65.68
19.22,19.22,42.19,30.27,65.41
23.28,23.28,42.18,34.51,64.86
28.64,28.64,39.77,30.32,65.30
29.94,29.94,41.83,24.27,71.11
28.38,28.38,39.77,26.04,68.83
24.58,24.58,38.83,25.80,65.93
21.40,21.40,40.58,28.32,64.22
18.98,18.98,44.39,25.87,64.25
17.27,17.27,41.67,28.99,58.06
17.52,17.52,41.04,26.39,58.32
13.93,13.93,42.22,34.06,59.55
11.54,11.54,40.01,34.11,61.98
10.43,10.43,41.76,28.45,62.40
12.84,12.84,43.93,27.54,59.25
15.19,15.19,43.53,27.82,59.01
18.99,18.99,39.20,31.76,59.12
20.67,20.67,41.96,33.15,58.77
21.20,21.20,43.99,36.29,56.92
19.60,19.60,41.87,36.05,57.45
20.81,20.81,43.28,36.34,58.99
18.20,18.20,42.27,38.34,61.79
20.90,20.90,41.70,38.88,58.92
24.70,24.70,40.21,43.60,60.12
30.05,30.05,44.48,41.03,59.04
31.37,31.37,45.12,40.48,59.03
38.77,38.77,41.75,38.36,59.65
47.79,47.79,41.90,35.78,65.58
45.72,45.72,43.72,35.14,63.28
43.30,43.30,42.10,37.01,64.36
39.48,39.48,44.93,31.51,63.69
39.63,39.63,45.07,33.14,66.25
36.40,36.40,42.67,38.36,67.77
34.18,34.18,42.39,38.82,67.62
35.72,35.72,41.10,33.63,68.05
39.58,39.58,42.45,28.53,68.19
38.98,38.98,39.87,29.91,67.94
34.60,34.60,42.69,27.19,68.20
29.31,29.31,40.35,27.35,68.81
25.93,25.93,39.70,34.66,68.66
22.15,22.15,42.48,31.28,62.21
19.07,19.07,43.96,28.18,55.95
19.98,19.98,44.57,35.70,57.63
21.00,21.00,55.20,38.54,61.08
22.32,22.32,39.11,35.89,61.77
24.96,24.96,36.98,32.44,62.38
25.18,25.18,38.22,30.68,61.97
27.10,27.10,42.62,29.54,61.89
24.84,24.84,40.06,28.63,59.79
20.24,20.24,37.44,29.06,58.87
19.27,19.27,40.32,28.94,58.55
20.95,20.95,40.20,29.41,58.88
18.06,18.06,40.87,27.64,57.00
15.43,15.43,43.39,31.14,56.51
16.41,16.41,43.08,26.75,56.69
15.71,15.71,36.96,25.84,57.97
13.61,13.61,39.17,26.10,57.29
9.13,9.13,41.57,27.19,58.30
6.07,6.07,39.55,26.49,59.69
6.81,6.81,40.35,31.42,59.78
9.51,9.51,40.69,35.24,59.75
14.48,14.48,37.30,38.17,59.50
16.97,16.97,38.04,40.71,59.38
18.14,18.14,43.31,33.19,57.61
17.73,17.73,41.67,39.81,57.20
20.09,20.09,39.80,38.19,57.54
22.30,22.30,37.63,33.65,56.84
20.75,20.75,37.55,30.87,59.89
18.11,18.11,34.60,24.01,57.27
19.46,19.46,37.92,27.42,67.41
18.99,18.99,38.41,24.10,71.32
22.08,22.08,34.92,27.64,58.90
19.35,19.35,35.77,26.52,55.47
22.75,22.75,36.82,26.56,55.12
21.64,21.64,40.74,27.49,60.85
20.22,20.22,34.54,26.79,58.66
20.70,20.70,40.70,28.00,57.63
19.45,19.45,37.10,24.70,58.21
22.20,22.20,35.19,23.35,58.12
18.90,18.90,38.30,21.78,56.10
13.16,13.16,41.66,23.11,56.58
10.79,10.79,37.36,25.83,56.20
10.12,10.12,40.42,30.76,60.80
9.33,9.33,36.22,30.24,58.59
10.67,10.67,35.58,31.02,58.00
14.23,14.23,38.59,26.66,58.49
14.51,14.51,39.68,36.54,59.74
15.89,15.89,38.06,31.71,60.69
15.62,15.62,35.01,31.31,61.10
15.69,15.69,36.96,34.19,60.25
13.66,13.66,35.78,26.96,59.28
12.31,12.31,36.14,32.43,57.72
15.41,15.41,38.84,33.87,59.08
18.78,18.78,40.52,30.80,58.23
20.55,20.55,34.35,29.80,57.66
24.27,24.27,35.17,31.27,57.27
19.17,19.17,38.37,27.93,56.47
18.32,18.32,36.47,24.96,58.58
17.56,17.56,37.24,23.94,59.68
16.78,16.78,36.43,28.26,58.80
16.05,16.05,32.55,26.72,58.68
20.52,20.52,31.57,24.64,57.54
22.88,22.88,38.95,26.01,56.91
21.99,21.99,36.65,25.87,56.92
20.52,20.52,36.69,25.79,56.94
22.86,22.86,33.78,30.68,61.71
26.45,26.45,29.14,29.25,63.46
24.83,24.83,32.12,30.05,72.54
26.59,26.59,33.56,32.96,73.23
31.29,31.29,35.68,36.11,73.06
29.77,29.77,33.86,36.40,62.90
30.70,30.70,30.13,23.61,58.68
32.12,32.12,29.70,24.31,57.92
30.94,30.94,35.00,24.52,60.27
33.33,33.33,30.95,28.27,59.97
31.87,31.87,36.75,26.72,58.60
33.47,33.47,30.79,22.38,60.23
31.42,31.42,27.79,24.94,58.53
29.77,29.77,28.72,22.11,57.49
29.72,29.72,36.19,23.32,57.39
29.37,29.37,30.45,21.22,56.53
27.70,27.70,34.68,25.92,57.86
26.92,26.92,31.76,33.09,57.92
28.35,28.35,29.20,29.51,56.31
27.68,27.68,32.35,26.85,58.72
30.44,30.44,32.95,30.37,57.83
28.38,28.38,36.86,39.72,54.48
28.08,28.08,35.33,36.73,53.90
30.09,30.09,30.25,30.21,57.39
32.68,32.68,34.33,37.20,60.86
31.44,31.44,34.87,38.35,61.69
32.07,32.07,33.67,35.32,61.47
35.49,35.49,32.40,38.85,61.36
31.78,31.78,29.37,31.80,59.96
28.38,28.38,31.62,31.67,58.23
29.08,29.08,30.72,32.54,57.36
31.89,31.89,32.00,33.12,61.15
33.75,33.75,32.75,34.56,64.71
35.83,35.83,27.36,31.19,64.88
33.48,33.48,19.96,30.39,66.62
28.12,28.12,19.03,24.96,63.68
22.40,22.40,19.61,28.15,63.55
20.97,20.97,22.17,25.17,62.77
22.78,22.78,24.64,21.17,61.73
23.06,23.06,24.77,22.53,61.65
19.44,19.44,26.25,22.43,61.83
19.55,19.55,25.83,25.07,64.18
19.66,19.66,26.17,26.08,64.98
22.52,22.52,30.28,34.11,64.99
23.79,23.79,29.42,31.12,65.16
24.64,24.64,25.62,31.31,64.75
22.84,22.84,24.46,23.72,60.64
25.70,25.70,28.63,24.80,60.39
22.53,22.53,26.08,23.19,59.85
21.06,21.06,25.53,25.78,58.25
22.10,22.10,25.73,23.76,59.60
21.47,21.47,25.89,22.84,58.36
21.62,21.62,25.88,24.40,57.23
21.16,21.16,27.22,22.84,56.51
17.39,17.39,26.07,24.11,55.87
15.75,15.75,31.36,31.75,56.25
15.30,15.30,34.45,27.96,56.91
16.24,16.24,34.06,35.47,55.05
18.83,18.83,34.24,36.09,55.09
19.87,19.87,31.78,33.24,51.38
20.37,20.37,29.26,27.82,53.76
17.66,17.66,28.89,33.73,53.53
12.96,12.96,28.51,24.69,50.08
11.55,11.55,26.83,24.80,52.83
14.01,14.01,27.27,25.06,52.91
15.10,15.10,25.54,24.42,52.39
16.83,16.83,24.58,30.75,52.91
18.40,18.40,25.26,37.06,53.42
19.89,19.89,24.01,27.61,51.91
16.62,16.62,19.45,30.02,52.23
24.94,24.94,28.23,28.56,57.78
23.31,23.31,27.74,25.12,59.89
23.21,23.21,26.47,24.35,58.41
22.30,22.30,26.74,25.44,58.26
25.82,25.82,29.37,27.72,59.68
22.49,22.49,29.94,25.11,57.05
22.17,22.17,29.17,28.28,56.25
19.43,19.43,27.56,28.87,55.08
16.58,16.58,29.13,25.79,60.58
14.80,14.80,30.55,21.68,59.05
17.78,17.78,31.94,23.52,58.35
19.25,19.25,32.38,21.86,58.45
21.11,21.11,31.23,22.40,57.49
21.08,21.08,29.49,28.09,55.47
21.89,21.89,30.31,34.15,54.84
22.35,22.35,32.56,36.65,53.00
22.94,22.94,33.67,32.83,52.77
25.16,25.16,38.78,40.47,53.38
24.75,24.75,34.45,31.93,52.38
26.98,26.98,37.73,43.36,52.18
29.19,29.19,36.82,38.80,52.55
28.28,28.28,35.90,28.37,52.09
23.47,23.47,32.04,29.90,50.95
26.50,26.50,35.95,35.02,55.05
28.38,28.38,38.71,37.23,61.14
26.41,26.41,37.68,38.75,60.66
24.87,24.87,37.19,36.65,59.63
28.22,28.22,38.00,38.19,59.50
28.98,28.98,37.92,35.62,58.22
27.61,27.61,36.96,35.47,55.56
26.85,26.85,35.07,33.36,58.98
27.61,27.61,33.92,29.72,68.82
27.90,27.90,36.67,30.73,62.83
23.57,23.57,39.55,32.90,55.85
24.51,24.51,39.21,28.57,54.91
25.54,25.54,36.98,34.36,53.95
25.38,25.38,35.08,37.08,52.74
27.22,27.22,36.05,38.29,53.77
25.23,25.23,32.63,35.85,53.61
23.41,23.41,32.47,36.22,53.53
23.45,23.45,31.79,33.34,54.31
22.28,22.28,26.98,23.05,54.59
26.98,26.98,26.28,20.92,55.18
30.41,30.41,25.09,22.31,62.84
33.78,33.78,26.37,20.20,69.11
32.03,32.03,23.22,21.75,70.02
29.39,29.39,22.39,20.24,69.87
36.66,36.66,34.84,20.72,70.09
31.66,31.66,32.44,20.25,69.72
31.49,31.49,31.92,21.00,69.27
32.03,32.03,32.76,23.40,64.36
31.72,31.72,35.37,19.99,59.31
30.49,30.49,35.01,20.64,56.24
28.64,28.64,32.66,18.68,56.29
32.71,32.71,29.69,20.36,54.05
34.51,34.51,28.17,20.04,57.48
39.22,39.22,27.36,26.67,57.08
42.82,42.82,26.74,33.78,58.15
47.45,47.45,25.65,36.25,59.86
44.73,44.73,23.99,36.85,55.18
40.55,40.55,21.94,31.01,55.62
39.89,39.89,18.18,23.62,55.68
36.19,36.19,17.45,23.81,55.13
29.60,29.60,16.63,22.22,68.63
28.46,28.46,15.94,22.39,69.41
32.04,32.04,16.18,23.13,66.85
30.76,30.76,17.35,22.61,52.31
33.11,33.11,17.95,25.37,55.11
32.47,32.47,17.84,28.07,55.40
28.69,28.69,20.50,33.49,58.19
37.09,37.09,27.68,36.53,68.45
35.85,35.85,31.37,38.25,64.87
33.31,33.31,32.57,39.63,60.46
31.74,31.74,34.18,35.31,59.46
34.36,34.36,36.68,37.96,60.03
35.15,35.15,37.15,34.88,57.52
32.39,32.39,36.07,26.71,56.38
30.66,30.66,33.09,28.84,56.08
30.41,30.41,33.35,38.47,55.30
26.99,26.99,35.81,39.56,57.02
25.33,25.33,35.55,34.00,57.66
29.13,29.13,34.87,38.54,56.47
32.82,32.82,34.54,33.71,56.75
32.56,32.56,31.52,30.42,55.84
30.23,30.23,32.11,30.35,56.57
24.60,24.60,32.61,36.57,66.34
22.67,22.67,28.14,30.81,70.33
21.65,21.65,27.68,29.96,69.52
22.45,22.45,28.83,28.55,69.14
25.19,25.19,30.47,30.75,68.86
27.65,27.65,31.08,28.72,68.88
29.67,29.67,34.64,32.60,67.31
26.00,26.00,34.78,31.54,59.79
29.64,29.64,36.46,29.23,54.59
35.95,35.95,43.50,34.81,60.72
33.66,33.66,41.17,31.69,60.46
29.32,29.32,41.60,35.99,59.22
31.86,31.86,42.12,34.64,59.51
34.73,34.73,41.97,27.66,58.02
32.95,32.95,42.11,37.68,57.49
31.15,31.15,41.70,40.22,58.47
28.65,28.65,40.40,37.06,57.86
28.31,28.31,41.02,31.77,58.28
27.74,27.74,42.14,38.26,56.10
28.63,28.63,40.39,34.70,53.28
32.28,32.28,40.64,34.47,53.09
32.53,32.53,38.37,36.53,54.38
34.13,34.13,36.83,32.53,56.25
32.02,32.02,35.37,26.33,53.77
29.71,29.71,35.46,23.78,52.66
29.73,29.73,38.77,23.17,53.78
31.07,31.07,36.86,29.51,55.14
31.70,31.70,34.23,32.60,53.96
35.66,35.66,36.87,28.61,53.29
36.67,36.67,36.50,32.88,49.87
31.53,31.53,35.95,21.61,48.61
23.23,23.23,36.50,30.30,50.94
22.67,22.67,52.33,35.03,63.26
25.13,25.13,49.12,32.95,68.02
28.38,28.38,41.61,36.45,68.61
32.82,32.82,37.06,34.81,63.05
34.26,34.26,32.41,27.83,61.18
35.94,35.94,31.66,24.46,59.29
36.73,36.73,29.33,24.06,57.48
37.54,37.54,29.88,25.24,55.40
38.56,38.56,31.26,28.54,56.13
37.32,37.32,33.83,32.73,55.78
38.77,38.77,34.14,32.98,55.15
40.51,40.51,35.06,31.94,54.87
43.55,43.55,32.95,32.37,53.48
42.87,42.87,29.52,27.30,53.76
39.74,39.74,30.46,35.05,53.94
32.65,32.65,28.69,32.59,63.19
29.43,29.43,23.05,28.44,70.40
32.29,32.29,23.83,36.26,70.65
25.92,25.92,26.81,38.12,65.37
26.72,26.72,26.16,31.12,58.19
29.44,29.44,28.86,26.42,55.41
29.12,29.12,31.29,33.41,54.30
27.56,27.56,33.59,38.63,51.91
34.04,34.04,33.83,36.49,55.97
37.78,37.78,36.83,36.24,60.98
34.32,34.32,34.23,34.14,59.74
31.43,31.43,31.28,27.06,59.14
31.34,31.34,31.15,24.36,59.73
32.40,32.40,30.65,25.58,58.39
31.34,31.34,28.36,27.56,65.27
30.68,30.68,25.70,24.14,71.74
36.09,36.09,23.73,27.56,69.61
39.03,39.03,24.44,18.82,65.41
37.60,37.60,25.16,25.11,61.39
35.66,35.66,24.03,21.60,61.50
33.72,33.72,25.34,23.34,61.46
32.44,32.44,26.41,28.16,60.32
34.50,34.50,27.93,32.27,61.74
33.53,33.53,28.01,35.55,62.52
29.91,29.91,28.13,35.13,61.97
30.75,30.75,32.26,38.70,64.29
27.88,27.88,30.94,37.11,65.11
27.77,27.77,31.01,30.68,65.41
29.10,29.10,31.54,31.16,64.63
30.43,30.43,31.78,34.68,66.04
29.73,29.73,31.46,36.26,65.72
31.50,31.50,33.58,38.31,63.96
37.89,37.89,34.15,36.08,65.90
36.50,36.50,33.51,37.94,66.08
35.70,35.70,31.08,34.60,63.17
36.32,36.32,32.90,36.63,63.80
34.94,34.94,32.97,24.69,63.89
34.31,34.31,32.28,30.10,61.60
32.74,32.74,30.80,36.62,60.22
29.87,29.87,30.26,34.18,58.81
27.25,27.25,29.14,33.09,60.51
25.39,25.39,30.47,36.78,68.83
23.20,23.20,27.69,29.73,70.37
24.04,24.04,28.81,25.16,70.25
24.10,24.10,29.50,33.01,68.71
24.92,24.92,28.95,31.34,60.19
24.19,24.19,29.75,25.11,62.23
22.99,22.99,31.58,23.50,69.85
22.94,22.94,32.47,29.88,58.40
26.55,26.55,35.62,35.31,55.82
28.22,28.22,32.85,34.52,54.47
31.37,31.37,34.20,36.74,54.17
32.77,32.77,33.20,35.32,54.24
30.67,30.67,33.59,34.04,54.61
28.76,28.76,33.04,32.90,55.22
33.91,33.91,35.41,26.90,57.09
34.33,34.33,34.41,26.09,60.02
33.24,33.24,32.64,25.91,58.36
31.96,31.96,30.79,31.82,58.28
33.14,33.14,33.20,34.47,68.13
31.38,31.38,31.80,31.54,72.38
30.63,30.63,31.66,29.17,71.94
27.57,27.57,29.79,27.41,70.41
28.53,28.53,31.72,29.09,70.05
30.63,30.63,35.41,33.67,65.37
32.39,32.39,33.25,27.14,58.59
31.92,31.92,31.85,26.67,58.20
29.12,29.12,32.87,27.33,57.81
29.90,29.90,32.72,30.85,58.35
32.79,32.79,31.73,26.46,58.24
38.01,38.01,31.07,21.94,57.58
38.23,38.23,29.62,22.24,57.07
39.23,39.23,29.70,21.95,56.34
43.06,43.06,25.00,21.19,58.13
48.50,48.50,26.34,26.67,63.93
44.86,44.86,26.76,23.20,70.14
41.42,41.42,24.76,21.15,70.42
36.81,36.81,25.00,27.93,66.92
32.06,32.06,31.95,27.96,66.89
32.25,32.25,41.04,23.69,69.70
30.77,30.77,40.77,24.22,69.90
30.36,30.36,38.01,24.96,69.48
31.80,31.80,36.61,27.77,66.55
31.32,31.32,35.24,25.78,57.25
30.18,30.18,34.02,24.07,55.00
29.77,29.77,33.97,22.21,55.07
29.48,29.48,28.99,23.60,55.76
33.10,33.10,33.19,21.92,58.54
40.56,40.56,33.40,24.15,64.85
41.98,41.98,30.31,25.86,67.71
36.19,36.19,31.80,29.10,60.02
32.44,32.44,30.57,26.57,61.02
33.95,33.95,30.03,26.75,61.51
33.11,33.11,30.15,25.59,60.73
30.83,30.83,29.47,28.62,62.61
30.97,30.97,28.17,26.03,63.43
30.78,30.78,26.62,22.99,64.37
30.83,30.83,26.12,27.69,62.73
30.55,30.55,27.95,25.67,66.96
31.19,31.19,27.69,25.01,70.22
31.18,31.18,28.11,24.81,70.56
31.08,31.08,30.88,25.49,70.93
37.65,37.65,36.02,25.51,72.18
38.57,38.57,37.39,25.87,72.33
36.63,36.63,35.13,23.94,70.48
37.70,37.70,36.11,26.98,62.40
36.97,36.97,34.68,22.22,61.73
33.65,33.65,33.90,25.38,57.64
30.52,30.52,37.01,24.22,52.22
29.66,29.66,36.34,25.15,54.66
32.52,32.52,52.75,23.83,61.92
29.53,29.53,39.55,23.48,61.50
31.50,31.50,32.60,28.52,62.56
41.43,41.43,27.51,28.67,64.21
45.59,45.59,25.72,27.46,63.63
44.10,44.10,26.97,29.23,61.69
35.54,35.54,28.26,30.68,60.12
32.13,32.13,28.43,28.62,61.09
29.16,29.16,26.90,28.58,60.30
30.53,30.53,26.75,22.80,58.62
27.68,27.68,27.02,27.96,57.36
28.93,28.93,24.88,23.34,54.79
27.81,27.81,27.78,19.88,54.19
25.83,25.83,29.06,21.39,54.63
23.89,23.89,27.48,21.14,55.43
30.30,30.30,37.07,26.52,58.98
31.30,31.30,41.88,34.81,59.47
31.83,31.83,38.42,30.32,59.65
33.15,33.15,37.46,22.89,55.41
33.74,33.74,36.21,24.59,54.92
34.06,34.06,32.19,22.87,57.40
32.73,32.73,32.40,24.87,57.19
33.39,33.39,33.62,24.51,56.54
35.34,35.34,35.37,23.89,57.35
33.71,33.71,37.62,26.86,56.76
35.58,35.58,37.20,25.82,57.18
36.00,36.00,35.97,23.90,56.92
35.75,35.75,36.45,27.40,58.78
35.30,35.30,36.19,24.48,54.17
37.63,37.63,32.90,19.28,56.06
36.31,36.31,31.34,26.04,56.48
44.82,44.82,33.45,32.96,61.03
45.51,45.51,29.58,28.29,62.13
47.68,47.68,26.39,27.76,62.55
43.02,43.02,24.60,27.41,62.16
38.76,38.76,24.36,25.07,66.77
36.17,36.17,25.01,27.66,69.89
37.02,37.02,25.75,24.78,62.17
37.31,37.31,28.59,27.54,63.39
35.32,35.32,31.32,28.78,62.96
34.34,34.34,33.35,27.78,62.65
31.03,31.03,29.47,28.74,62.77
31.03,31.03,31.41,29.68,61.91
28.62,28.62,30.41,29.14,61.13
24.71,24.71,27.26,23.58,60.49
21.88,21.88,32.26,32.97,58.45
22.38,22.38,35.65,30.34,58.11
25.56,25.56,36.51,29.10,58.81
24.49,24.49,38.21,28.32,57.80
24.76,24.76,35.22,29.39,57.48
26.24,26.24,38.66,27.50,56.40
24.81,24.81,41.29,28.37,55.58
25.05,25.05,40.71,31.38,55.16
24.94,24.94,38.98,28.39,55.22
25.66,25.66,41.19,27.05,57.32
24.79,24.79,37.61,28.95,61.24
27.51,27.51,39.01,30.21,62.99
24.61,24.61,41.37,32.65,62.70
23.52,23.52,41.13,27.98,62.23
26.00,26.00,35.28,31.04,61.48
25.05,25.05,39.45,31.08,59.90
25.66,25.66,39.74,30.17,58.15
26.14,26.14,40.07,28.74,64.32
28.81,28.81,39.70,28.15,64.28
30.11,30.11,40.61,28.99,66.22
24.69,24.69,35.97,27.32,65.49
25.27,25.27,36.60,27.41,64.05
25.94,25.94,40.30,31.41,62.41
30.31,30.31,39.39,32.80,59.27
32.41,32.41,38.37,31.21,60.04
33.60,33.60,40.89,30.04,59.02
33.13,33.13,39.33,29.33,59.83
30.15,30.15,37.73,27.95,58.80
28.55,28.55,39.01,28.13,58.01
29.05,29.05,41.26,29.78,58.78
29.91,29.91,39.13,30.13,56.04
30.04,30.04,38.80,27.01,55.91
30.42,30.42,38.12,30.05,57.11
29.99,29.99,38.64,32.02,57.88
32.19,32.19,37.71,34.02,58.31
32.85,32.85,41.52,31.45,58.93
32.15,32.15,39.65,31.90,54.81
31.18,31.18,38.52,29.84,54.97
32.08,32.08,38.48,26.43,56.10
32.80,32.80,42.62,31.36,55.88
31.49,31.49,38.30,29.93,56.49
30.66,30.66,42.78,35.41,56.56
33.18,33.18,39.62,30.49,57.83
28.35,28.35,35.96,36.22,58.56
30.18,30.18,37.39,29.00,60.86
31.70,31.70,40.28,33.34,61.45
31.64,31.64,40.29,29.73,62.52
33.74,33.74,39.00,32.22,59.39
32.10,32.10,39.60,32.20,55.26
29.72,29.72,37.11,28.94,57.18
27.48,27.48,37.66,30.05,54.83
24.05,24.05,38.78,28.85,55.70
26.14,26.14,40.34,30.61,54.75
30.08,30.08,35.73,23.84,54.49
33.24,33.24,36.26,29.38,55.06
30.07,30.07,37.22,27.25,53.72
28.87,28.87,37.73,29.39,54.06
27.44,27.44,39.86,30.54,54.87
29.02,29.02,40.39,32.17,54.19
30.10,30.10,39.78,32.51,49.31
31.45,31.45,38.08,30.33,51.00
33.40,33.40,39.41,32.65,51.94
34.04,34.04,41.06,31.57,53.19
33.19,33.19,40.98,31.21,52.94
31.84,31.84,39.76,31.67,53.08
33.15,33.15,37.24,26.57,55.85
32.16,32.16,35.70,28.02,56.28
31.33,31.33,35.70,24.87,55.83
34.68,34.68,39.28,29.73,53.20
37.55,37.55,37.99,27.46,53.72
38.78,38.78,36.78,27.18,52.07
36.40,36.40,34.45,24.28,52.21
33.66,33.66,36.48,23.82,57.54
34.99,34.99,36.49,26.34,56.50
31.41,31.41,38.96,29.19,53.49
30.78,30.78,37.03,27.43,54.58
30.76,30.76,35.26,28.81,55.20
30.22,30.22,35.19,28.47,54.63
24.95,24.95,36.50,34.28,54.10
17.64,17.64,40.18,32.44,55.13
18.99,18.99,49.51,32.24,58.50
16.36,16.36,34.84,34.41,55.52
21.30,21.30,27.82,28.19,57.13
24.34,24.34,27.34,30.32,56.26
22.89,22.89,26.24,32.15,56.37
25.49,25.49,27.15,34.40,60.14
26.25,26.25,26.98,29.38,59.68
25.62,25.62,25.06,29.76,60.05
26.30,26.30,29.79,31.83,60.26
29.08,29.08,27.36,27.84,62.26
26.41,26.41,29.23,31.16,63.26
31.86,31.86,29.48,29.05,61.74
31.45,31.45,29.94,25.48,61.33
31.56,31.56,27.84,24.24,61.87
31.34,31.34,30.29,27.48,63.13
30.16,30.16,30.92,28.10,61.19
31.60,31.60,32.89,31.00,58.93
32.12,32.12,35.36,30.35,56.90
32.82,32.82,34.70,27.80,56.68
34.12,34.12,36.23,27.25,57.47
34.51,34.51,35.49,29.36,59.26
34.22,34.22,36.30,29.56,58.77
31.63,31.63,33.23,31.22,56.99
29.53,29.53,33.56,31.17,59.91
29.27,29.27,31.36,29.97,59.55
24.51,24.51,30.36,29.55,58.18
25.69,25.69,29.38,31.64,55.27
28.36,28.36,29.33,29.71,55.34
30.84,30.84,28.97,30.36,60.14
32.72,32.72,28.19,27.17,70.99
32.71,32.71,26.07,26.65,71.68
32.08,32.08,27.25,26.71,71.84
30.28,30.28,26.98,23.75,70.27
29.83,29.83,26.96,28.17,60.87
32.64,32.64,27.32,28.13,56.21
35.15,35.15,25.28,24.79,56.43
34.78,34.78,26.11,25.92,57.28
33.97,33.97,29.39,26.52,58.17
31.22,31.22,30.99,26.49,57.88
30.91,30.91,32.43,27.40,55.16
28.35,28.35,31.99,25.35,57.57
27.08,27.08,28.76,24.62,59.77
29.43,29.43,29.94,26.02,59.89
32.88,32.88,32.71,25.63,60.12
31.20,31.20,34.53,26.98,60.55
31.86,31.86,31.06,25.89,56.83
28.98,28.98,30.37,27.24,57.24
26.49,26.49,27.99,22.86,63.26
22.87,22.87,29.32,27.02,61.34
22.83,22.83,30.03,26.33,59.28
22.48,22.48,33.15,26.46,59.44
24.45,24.45,32.77,28.37,58.16
28.22,28.22,33.14,25.57,58.90
29.05,29.05,34.75,28.25,60.76
28.02,28.02,38.69,28.51,57.67
23.10,23.10,41.24,27.85,59.80
25.37,25.37,41.08,30.91,59.16
28.41,28.41,40.61,31.32,57.89
35.44,35.44,38.54,29.78,60.27
34.95,34.95,36.64,30.24,58.35
36.29,36.29,35.34,27.38,56.95
33.90,33.90,34.95,26.79,57.37
32.60,32.60,34.92,22.13,55.86
30.59,30.59,32.90,25.23,53.12
30.03,30.03,29.67,24.11,56.06
31.40,31.40,31.22,25.38,58.66
31.90,31.90,33.81,24.36,60.41
30.23,30.23,31.50,25.86,58.70
30.68,30.68,28.76,22.76,58.55
28.43,28.43,25.66,22.72,57.34
24.69,24.69,26.52,26.03,57.87
23.07,23.07,27.88,25.49,57.04
24.04,24.04,29.55,26.19,55.47
21.55,21.55,27.26,26.46,51.67
21.20,21.20,27.77,28.06,52.51
23.68,23.68,27.40,28.74,56.80
27.67,27.67,28.35,29.11,57.94
29.03,29.03,30.00,29.21,58.58
28.63,28.63,28.68,27.85,57.43
29.80,29.80,29.56,29.09,59.28
35.48,35.48,25.11,25.67,57.92
34.93,34.93,25.67,26.38,59.43
37.57,37.57,27.25,27.28,61.07
34.86,34.86,28.20,24.11,62.36
35.80,35.80,28.21,26.86,62.83
33.86,33.86,27.72,27.68,63.88
34.60,34.60,30.66,23.65,62.01
32.69,32.69,33.62,30.11,61.05
31.01,31.01,37.06,28.54,62.71
30.13,30.13,38.36,25.40,62.93
27.91,27.91,41.51,29.12,61.89
28.58,28.58,41.13,27.12,59.15
29.00,29.00,35.01,24.27,58.51
26.33,26.33,29.35,25.63,59.37
23.59,23.59,29.95,24.18,61.02
22.56,22.56,30.81,25.69,58.44
20.30,20.30,29.97,24.57,56.37
18.96,18.96,29.11,25.36,56.28
19.18,19.18,29.64,23.08,56.89
17.86,17.86,31.20,24.38,57.57
19.93,19.93,31.86,21.13,53.62
19.04,19.04,32.43,24.40,52.53
17.44,17.44,34.32,22.58,55.04
18.83,18.83,33.65,25.65,54.66
23.06,23.06,34.28,22.77,52.21
28.75,28.75,35.90,27.37,49.53
29.44,29.44,34.15,24.55,50.52
32.02,32.02,35.72,27.09,51.02
27.22,27.22,35.61,27.15,47.74
25.86,25.86,36.67,27.53,52.50
24.91,24.91,39.65,29.08,52.13
23.69,23.69,36.94,23.92,50.38
24.53,24.53,36.02,28.24,47.61
27.38,27.38,37.61,23.28,48.15
27.98,27.98,35.38,24.50,51.16
29.96,29.96,35.37,21.85,53.07
26.94,26.94,34.93,27.55,53.72
24.56,24.56,31.79,26.25,55.16
25.65,25.65,31.78,26.28,53.75
24.27,24.27,29.11,22.99,54.79
24.43,24.43,30.37,26.92,57.55
23.36,23.36,28.02,23.56,60.51
20.21,20.21,32.07,25.76,59.86
18.06,18.06,37.90,26.17,52.99
19.94,19.94,53.70,25.77,55.73
19.51,19.51,57.17,26.35,62.93
19.61,19.61,48.87,29.11,64.64
21.48,21.48,43.89,25.86,59.02
27.01,27.01,40.82,26.99,60.01
25.63,25.63,42.86,30.15,59.09
28.78,28.78,42.92,29.24,58.80
28.01,28.01,44.08,28.05,60.55
26.49,26.49,46.55,26.76,58.88
27.25,27.25,42.45,23.72,58.91
24.14,24.14,37.59,24.70,56.94
23.81,23.81,35.91,25.65,57.54
24.76,24.76,33.99,24.09,70.27
24.94,24.94,31.66,23.24,72.62
25.96,25.96,31.74,27.56,71.68
26.41,26.41,32.24,29.71,69.05
24.68,24.68,32.81,24.28,61.06
26.17,26.17,30.68,21.97,52.86
26.79,26.79,30.80,25.12,53.41
28.32,28.32,30.61,25.80,53.16
27.65,27.65,33.03,31.34,52.94
25.50,25.50,30.20,30.24,51.32
28.24,28.24,32.41,30.35,53.81
28.22,28.22,31.93,32.40,54.69
26.10,26.10,30.25,30.69,54.57
22.85,22.85,28.17,26.45,56.89
24.03,24.03,25.90,25.77,58.02
27.68,27.68,28.57,25.37,59.32
29.89,29.89,29.76,27.18,57.89
29.57,29.57,27.40,22.19,52.85
27.85,27.85,29.00,27.31,52.10
22.73,22.73,29.31,24.65,54.12
24.15,24.15,30.70,24.15,58.43
23.40,23.40,31.63,24.99,56.52
19.90,19.90,31.06,26.86,56.06
21.43,21.43,28.03,23.31,55.16
19.07,19.07,30.41,24.39,54.16
22.41,22.41,30.58,26.28,55.82
24.58,24.58,30.34,26.06,57.02
23.81,23.81,29.70,26.40,59.02
22.20,22.20,30.88,27.10,58.84
20.31,20.31,28.04,22.77,58.05
18.18,18.18,28.12,23.29,52.46
21.86,21.86,28.62,26.66,52.96
19.93,19.93,26.44,26.42,57.26
22.36,22.36,28.72,29.07,65.94
28.35,28.35,32.74,28.93,71.63
43.03,43.03,41.29,26.80,71.37
29.68,29.68,42.92,27.35,66.24
27.44,27.44,38.91,28.96,60.18
26.03,26.03,33.56,26.92,60.84
28.89,28.89,33.44,28.85,63.88
30.15,30.15,29.40,25.06,64.62
29.28,29.28,28.46,22.30,63.61
27.22,27.22,26.48,18.40,60.58
25.80,25.80,27.07,17.12,61.12
25.81,25.81,24.06,17.66,60.18
24.39,24.39,21.15,17.45,57.89
23.49,23.49,19.80,19.01,58.68
21.25,21.25,20.39,18.67,57.91
19.26,19.26,20.35,16.47,58.95
20.79,20.79,23.05,22.32,59.09
18.49,18.49,20.62,18.12,59.24
16.34,16.34,23.39,21.26,59.52
16.45,16.45,23.82,22.00,57.50
13.19,13.19,19.65,21.04,55.85
10.80,10.80,19.68,23.63,55.80
11.60,11.60,22.25,25.70,56.34
16.00,16.00,20.83,24.18,58.08
19.11,19.11,22.29,25.25,58.50
21.91,21.91,23.11,25.21,61.11
19.93,19.93,23.97,26.86,63.14
20.06,20.06,24.53,26.81,64.82
18.10,18.10,22.14,24.36,63.31
24.72,24.72,23.78,25.91,64.12
25.72,25.72,21.56,22.65,64.24
27.12,27.12,22.35,22.21,64.58
28.63,28.63,23.39,21.30,65.96
37.56,37.56,29.02,20.96,61.64
29.60,29.60,33.19,23.42,64.10
26.56,26.56,37.68,23.20,61.79
27.22,27.22,34.13,21.91,64.66
29.04,29.04,32.33,22.42,64.05
27.66,27.66,28.73,21.61,65.05
29.62,29.62,27.06,23.86,65.56
30.05,30.05,25.69,23.92,63.97
29.91,29.91,23.34,23.71,63.57
30.67,30.67,26.40,26.38,64.14
26.76,26.76,27.33,24.77,64.46
22.38,22.38,30.57,19.92,65.65
18.13,18.13,26.37,19.78,62.71
17.79,17.79,22.55,20.71,62.91
17.95,17.95,22.65,25.66,62.18
19.48,19.48,24.13,24.72,60.39
19.99,19.99,28.87,24.77,61.29
24.12,24.12,34.63,26.15,56.70
21.78,21.78,29.06,21.60,58.66
20.12,20.12,24.24,25.63,55.87
24.61,24.61,24.45,23.84,58.92
24.80,24.80,23.89,21.19,58.51
27.32,27.32,26.61,19.35,58.10
25.03,25.03,28.39,23.51,60.46
23.22,23.22,31.50,23.20,62.16
24.05,24.05,32.41,25.25,59.34
20.04,20.04,28.58,26.98,56.44
17.96,17.96,24.80,25.31,56.42
18.12,18.12,24.11,25.36,52.54
20.62,20.62,24.62,26.04,55.57
23.39,23.39,25.42,28.42,56.84
27.32,27.32,25.80,29.95,60.28
30.17,30.17,28.45,28.93,60.07
35.23,35.23,30.86,29.06,61.01
39.72,39.72,29.77,28.41,60.49
40.67,40.67,28.59,28.87,59.96
29.92,29.92,29.34,25.50,62.68
26.04,26.04,25.04,22.39,64.33
28.87,28.87,21.21,20.85,65.10
25.58,25.58,21.05,21.91,64.18
26.07,26.07,24.76,22.95,64.93
26.39,26.39,24.24,26.89,63.85
23.48,23.48,22.90,27.93,63.03
24.66,24.66,27.64,26.15,65.71
23.72,23.72,31.34,23.99,64.12
18.08,18.08,36.50,20.58,62.17
17.61,17.61,37.90,24.33,68.36
17.29,17.29,41.08,25.58,69.47
18.75,18.75,42.17,26.07,65.46
22.57,22.57,39.23,25.45,56.23
25.66,25.66,31.56,22.33,56.15
25.80,25.80,25.47,26.33,54.12
24.75,24.75,24.93,24.45,59.42
23.74,23.74,24.50,28.08,58.77
22.40,22.40,25.62,26.23,59.39
22.49,22.49,25.17,27.41,61.38
23.75,23.75,24.51,26.11,59.13
20.48,20.48,23.91,27.45,57.79
18.98,18.98,24.03,28.83,57.90
21.53,21.53,23.46,25.13,56.18
21.90,21.90,22.21,28.23,61.38
17.87,17.87,20.93,24.31,59.69
17.37,17.37,21.22,23.64,57.91
18.82,18.82,22.40,22.15,57.59
23.50,23.50,25.43,25.22,57.56
17.07,17.07,19.41,25.55,67.61
18.64,18.64,18.14,24.10,65.50
19.81,19.81,20.59,29.74,62.42
21.67,21.67,23.85,24.69,60.18
21.49,21.49,23.83,26.37,60.65
23.10,23.10,26.35,25.14,62.09
22.31,22.31,30.75,26.97,64.20
22.28,22.28,28.33,24.04,60.74
22.80,22.80,26.92,28.18,60.23
23.38,23.38,26.19,25.12,58.84
29.46,29.46,25.82,28.83,60.55
33.61,33.61,27.65,32.78,63.12
26.16,26.16,24.75,31.91,61.79
19.48,19.48,25.36,28.73,64.04
18.26,18.26,23.51,30.04,67.24
12.90,12.90,23.83,26.25,66.96
14.33,14.33,22.86,27.21,65.95
17.16,17.16,18.46,28.45,66.84
20.08,20.08,18.27,25.28,66.80
19.33,19.33,17.60,27.82,64.69
16.21,16.21,18.47,28.40,61.54
16.34,16.34,20.43,28.69,63.74
18.83,18.83,21.46,28.89,61.72
19.49,19.49,22.82,25.37,60.89
17.80,17.80,19.52,22.73,63.60
17.87,17.87,18.89,21.98,63.37
16.51,16.51,20.89,23.61,61.48
15.56,15.56,23.99,22.36,58.05
14.16,14.16,25.42,23.17,63.03
12.99,12.99,29.89,25.53,63.83
7.69,7.69,29.81,26.91,60.35
5.47,5.47,28.50,28.41,58.27
8.25,8.25,25.60,29.13,59.46
11.71,11.71,23.43,29.37,57.07
13.75,13.75,22.30,27.92,61.28
14.45,14.45,20.61,28.23,63.41
13.95,13.95,21.01,27.95,65.00
10.36,10.36,19.61,26.19,67.59
12.28,12.28,21.91,28.66,70.40
15.73,15.73,18.43,24.72,63.67
21.20,21.20,21.57,23.70,61.70
23.19,23.19,20.69,20.78,63.17
18.40,18.40,23.14,23.92,63.99
11.94,11.94,19.77,28.58,64.38
12.80,12.80,19.13,25.23,62.38
13.05,13.05,19.46,24.54,63.79
15.57,15.57,16.83,25.13,61.85
16.53,16.53,16.55,21.36,62.28
17.83,17.83,19.04,29.04,63.20
15.34,15.34,21.35,26.88,63.83
12.23,12.23,23.37,29.06,61.63
11.54,11.54,27.94,32.02,62.62
14.18,14.18,29.33,30.26,61.65
11.56,11.56,28.82,28.48,63.28
11.57,11.57,29.68,23.13,60.22
12.31,12.31,26.41,23.18,59.41
16.10,16.10,26.28,15.34,56.57
18.00,18.00,25.30,19.53,61.72
17.18,17.18,25.28,22.85,64.71
17.66,17.66,25.81,24.50,66.13
16.57,16.57,28.49,26.91,67.42
14.62,14.62,26.98,26.06,65.11
13.35,13.35,25.32,23.16,63.61
13.46,13.46,23.39,21.79,62.52
17.42,17.42,25.30,20.35,61.64
21.33,21.33,22.99,25.94,64.13
15.84,15.84,23.90,24.39,62.12
14.24,14.24,24.28,27.70,60.09
13.83,13.83,23.52,29.44,61.50
14.62,14.62,22.79,25.67,61.32
14.92,14.92,23.27,26.69,64.20
17.74,17.74,23.73,27.79,71.35
17.81,17.81,23.47,26.70,70.44
16.14,16.14,25.11,25.09,62.40
14.65,14.65,25.22,25.75,60.71
14.07,14.07,26.24,29.47,64.45
14.47,14.47,25.08,27.26,64.71
15.77,15.77,25.71,26.37,62.04
16.13,16.13,25.77,26.26,59.05
15.82,15.82,25.92,30.34,59.96
17.04,17.04,24.19,27.14,60.92
18.03,18.03,25.21,30.11,62.72
16.64,16.64,22.79,29.53,66.09
16.01,16.01,25.61,28.20,65.31
14.88,14.88,23.25,22.30,65.18
14.98,14.98,25.10,27.19,63.04
12.24,12.24,25.72,26.70,65.46
15.70,15.70,27.17,28.08,64.87
16.85,16.85,26.82,31.70,65.30
17.47,17.47,26.38,27.63,64.09
11.35,11.35,25.06,33.25,61.09
11.76,11.76,25.37,29.75,63.43
9.29,9.29,26.71,32.51,64.68
10.41,10.41,22.71,25.81,64.91
18.21,18.21,24.51,29.97,65.63
25.63,25.63,23.92,26.27,65.51
22.69,22.69,25.26,22.74,66.17
17.49,17.49,24.77,20.64,65.38
14.35,14.35,27.55,29.46,62.80
13.88,13.88,23.07,24.12,63.65
13.69,13.69,23.64,28.76,63.56
17.58,17.58,23.58,26.57,64.46
18.95,18.95,25.56,31.21,64.48
19.65,19.65,28.62,27.58,65.27
20.14,20.14,25.48,25.80,60.52
13.39,13.39,24.97,20.12,63.94
7.14,7.14,28.61,26.93,63.69
10.64,10.64,42.83,29.13,64.71
6.05,6.05,28.62,20.86,63.52
8.71,8.71,26.58,21.95,64.76
11.00,11.00,25.34,23.98,65.85
14.13,14.13,27.33,19.44,67.17
16.32,16.32,26.22,20.35,64.90
13.73,13.73,24.53,22.33,62.51
15.45,15.45,25.29,25.63,63.11
16.36,16.36,26.36,25.83,61.22
18.63,18.63,27.91,27.47,63.57
18.66,18.66,30.41,25.85,64.55
22.91,22.91,30.88,26.93,63.12
21.41,21.41,31.10,25.68,62.90
21.32,21.32,34.11,24.91,60.69
13.40,13.40,41.34,22.71,58.14
10.76,10.76,48.84,25.44,59.41
17.76,17.76,63.94,30.94,66.56
15.99,15.99,60.73,33.90,61.80
14.28,14.28,60.47,25.58,62.83
14.31,14.31,57.95,26.50,63.28
15.73,15.73,58.77,31.18,63.57
15.14,15.14,55.95,34.42,64.31
14.57,14.57,55.87,27.54,64.30
14.45,14.45,54.52,28.36,63.23
14.39,14.39,54.85,27.93,64.71
14.15,14.15,54.60,31.61,66.02
13.11,13.11,55.98,30.21,65.30
11.19,11.19,55.52,32.70,66.11
12.03,12.03,55.39,29.72,64.69
12.01,12.01,52.67,31.59,64.23
12.34,12.34,51.32,30.95,62.16
13.53,13.53,51.48,27.65,64.24
13.30,13.30,50.94,31.20,63.25
13.24,13.24,51.46,29.50,62.64
13.49,13.49,48.42,30.15,63.24
17.89,17.89,47.10,29.98,60.40
18.43,18.43,45.90,29.62,60.35
18.20,18.20,45.33,28.94,57.69
13.40,13.40,48.78,26.13,55.43
12.43,12.43,57.70,24.32,64.64
12.19,12.19,59.81,29.40,63.29
14.94,14.94,58.98,18.70,61.82
15.97,15.97,57.04,34.52,62.87
16.77,16.77,54.96,35.07,63.03
15.59,15.59,54.58,46.37,62.71
12.42,12.42,54.27,45.39,62.27
11.20,11.20,63.41,56.91,62.93
9.35,9.35,65.23,60.83,64.43
9.59,9.59,63.31,63.41,62.25
9.83,9.83,72.26,70.28,62.59
11.35,11.35,66.98,61.53,64.71
11.56,11.56,51.29,67.46,63.75
10.91,10.91,60.50,64.26,63.42
14.24,14.24,56.98,64.37,62.92
15.97,15.97,58.87,60.65,61.30
17.71,17.71,60.83,64.71,61.03
19.63,19.63,58.27,63.95,62.03
18.89,18.89,53.64,63.69,61.79
18.18,18.18,45.23,67.65,62.32
19.17,19.17,41.72,61.37,63.57
17.77,17.77,39.92,68.50,59.00
15.75,15.75,42.33,58.82,56.59
16.97,16.97,50.80,65.07,62.26
22.76,22.76,55.02,65.42,63.90
23.17,23.17,55.31,66.62,63.34
24.00,24.00,53.35,66.89,63.98
22.18,22.18,51.64,65.76,61.22
20.15,20.15,49.14,66.40,62.43
16.81,16.81,47.62,63.63,63.04
14.80,14.80,50.07,67.67,62.47
16.10,16.10,56.17,61.86,63.79
19.27,19.27,55.47,67.96,61.32
15.62,15.62,50.46,62.87,60.04
15.77,15.77,47.10,69.20,62.57
15.79,15.79,42.67,61.03,61.60
15.24,15.24,43.23,66.74,62.25
9.64,9.64,48.66,63.85,59.71
7.24,7.24,59.81,58.87,57.47
4.78,4.78,70.66,59.45,59.86
5.05,5.05,68.96,49.36,59.51
16.86,16.86,74.35,48.52,60.07
20.32,20.32,71.30,44.78,58.74
19.44,19.44,63.78,51.39,57.85
18.53,18.53,64.44,52.28,58.37
18.26,18.26,66.83,52.68,55.87
14.93,14.93,66.88,52.90,54.64
17.73,17.73,67.29,47.79,59.92
22.30,22.30,65.14,45.82,61.39
20.19,20.19,58.94,51.40,60.21
23.02,23.02,53.71,43.04,60.03
25.86,25.86,47.72,44.41,58.26
22.90,22.90,45.39,46.96,59.30
19.50,19.50,42.03,43.87,60.01
17.49,17.49,45.08,46.07,61.06
24.91,24.91,49.54,48.26,64.80
27.80,27.80,49.26,39.66,60.68
27.03,27.03,45.10,36.61,61.10
24.20,24.20,40.72,39.11,61.11
21.63,21.63,39.00,40.85,61.63
20.13,20.13,39.79,39.04,60.10
18.40,18.40,46.58,34.21,59.13
15.33,15.33,51.86,36.61,59.36
18.57,18.57,54.51,40.52,58.35
18.56,18.56,47.77,37.43,59.25
22.94,22.94,40.86,34.59,56.88
22.27,22.27,40.15,37.16,55.63
22.65,22.65,37.70,45.22,55.18
19.49,19.49,42.64,44.62,55.74
14.36,14.36,55.32,48.73,56.33
13.76,13.76,67.94,64.28,59.11
12.07,12.07,65.16,68.60,60.92
13.65,13.65,67.15,68.04,58.83
16.84,16.84,71.43,67.59,60.31
21.11,21.11,63.55,61.25,59.20
21.98,21.98,48.00,64.46,57.79
20.96,20.96,56.00,64.33,57.54
19.66,19.66,59.43,63.82,57.91
18.19,18.19,61.50,65.67,58.30
18.49,18.49,58.59,71.18,58.11
18.86,18.86,52.16,67.16,58.94
19.00,19.00,39.85,65.74,59.18
19.98,19.98,35.25,65.22,59.93
19.25,19.25,32.32,69.09,59.44
16.79,16.79,37.64,65.06,59.40
16.16,16.16,43.19,59.90,57.83
19.68,19.68,57.52,66.49,58.16
18.34,18.34,54.91,64.63,59.34
22.26,22.26,50.05,67.36,58.43
25.44,25.44,44.53,66.94,60.75
26.21,26.21,37.40,70.52,59.83
28.65,28.65,39.32,68.20,60.37
24.75,24.75,47.36,68.22,59.13
17.43,17.43,51.21,66.98,57.37
15.64,15.64,59.75,69.06,60.83
11.52,11.52,57.20,65.97,59.21
18.16,18.16,54.27,68.14,61.13
23.72,23.72,48.14,69.23,61.08
24.49,24.49,46.00,67.66,60.73
18.02,18.02,47.69,68.99,59.77
9.58,9.58,52.38,65.13,57.76
10.41,10.41,70.56,51.91,58.65
7.33,7.33,72.72,60.71,60.12
15.13,15.13,68.34,54.67,60.15
20.95,20.95,73.56,52.21,59.09
21.34,21.34,67.24,49.94,61.22
22.18,22.18,62.65,51.29,61.01
20.45,20.45,64.50,49.38,59.48
19.53,19.53,64.93,53.32,58.07
20.46,20.46,65.73,51.67,57.72
25.33,25.33,63.78,48.33,59.90
20.39,20.39,59.92,50.79,58.09
22.56,22.56,47.89,47.21,56.71
22.82,22.82,44.90,49.92,57.45
22.25,22.25,42.54,52.81,54.36
21.03,21.03,38.57,53.70,53.39
18.22,18.22,43.18,53.04,54.37
22.00,22.00,54.58,42.31,58.92
24.30,24.30,59.66,46.61,61.00
25.16,25.16,56.03,45.51,59.67
22.92,22.92,52.86,44.07,59.53
23.87,23.87,44.84,38.00,60.28
20.94,20.94,43.75,46.21,59.56
18.00,18.00,44.02,41.02,58.49
15.86,15.86,48.33,44.77,55.77
16.68,16.68,57.60,43.86,60.72
16.91,16.91,51.73,46.17,56.67
19.33,19.33,46.60,41.28,55.80
20.82,20.82,42.64,36.32,56.45
19.95,19.95,37.77,40.08,52.93
17.95,17.95,41.88,45.13,55.77
14.17,14.17,48.00,46.14,53.84
13.51,13.51,66.54,63.04,57.41
12.14,12.14,60.43,67.63,57.31
15.23,15.23,63.38,60.84,54.73
17.46,17.46,72.37,66.97,52.84
23.44,23.44,67.58,63.45,54.47
25.82,25.82,66.96,68.31,54.66
24.45,24.45,64.93,64.33,52.39
20.73,20.73,66.39,67.88,52.94
17.25,17.25,64.91,63.60,54.79
17.58,17.58,61.40,67.70,60.90
14.91,14.91,56.96,64.16,60.91
14.23,14.23,50.63,66.03,59.18
16.31,16.31,47.25,68.51,59.28
19.16,19.16,42.41,65.08,57.49
17.65,17.65,39.56,68.10,56.96
17.55,17.55,37.62,60.97,53.69
20.01,20.01,44.66,67.31,56.57
19.92,19.92,48.08,65.39,55.17
19.47,19.47,47.28,70.70,55.07
19.94,19.94,41.92,64.63,56.64
19.86,19.86,36.37,66.55,57.21
19.07,19.07,34.54,64.55,57.95
17.21,17.21,36.51,66.58,57.50
12.61,12.61,44.89,66.85,55.31
16.17,16.17,56.18,63.77,58.29
14.38,14.38,52.29,69.73,57.55
15.17,15.17,44.20,67.10,56.22
16.72,16.72,38.72,67.36,56.04
17.19,17.19,37.90,61.19,56.21
15.93,15.93,44.34,68.76,62.69
8.75,8.75,52.21,60.44,70.97
5.03,5.03,64.19,61.31,70.69
5.70,5.70,68.65,54.74,68.64
7.34,7.34,66.49,43.04,69.11
14.76,14.76,74.33,47.65,61.94
17.63,17.63,69.37,48.14,59.27
17.83,17.83,63.83,50.02,58.86
18.92,18.92,65.94,47.31,56.54
18.35,18.35,66.32,50.16,55.65
18.92,18.92,66.06,51.44,57.08
25.34,25.34,66.10,44.63,59.09
22.54,22.54,63.22,50.12,57.77
23.61,23.61,54.38,49.87,58.75
24.78,24.78,48.18,46.52,57.91
23.01,23.01,42.98,55.95,58.11
21.69,21.69,42.47,55.25,57.91
18.49,18.49,44.58,55.69,58.04
17.27,17.27,49.76,50.64,58.94
19.40,19.40,54.36,40.30,60.06
23.87,23.87,52.65,46.73,58.65
26.96,26.96,47.53,48.33,59.17
24.20,24.20,44.10,39.73,59.49
23.01,23.01,36.53,41.47,59.44
20.71,20.71,39.30,37.70,57.97
13.95,13.95,44.29,41.31,56.94
16.75,16.75,56.11,41.90,59.17
15.47,15.47,59.94,44.44,60.35
12.29,12.29,56.73,45.12,59.61
15.03,15.03,53.18,42.69,60.84
19.58,19.58,47.11,38.15,59.20
19.33,19.33,44.84,40.92,60.43
14.15,14.15,45.86,49.14,59.02
14.15,14.15,60.70,52.29,56.94
11.35,11.35,70.76,63.97,59.03
11.11,11.11,71.55,68.57,57.65
14.26,14.26,66.88,64.75,57.23
17.89,17.89,68.81,64.61,57.91
20.04,20.04,66.24,65.32,58.74
19.76,19.76,66.00,66.12,58.90
20.01,20.01,65.59,67.50,59.78
20.40,20.40,62.95,62.72,58.91
21.24,21.24,57.84,68.16,60.74
22.17,22.17,49.13,62.07,61.13
22.95,22.95,41.08,68.81,60.49
26.56,26.56,44.81,64.70,61.83
28.38,28.38,37.35,68.36,60.53
26.16,26.16,36.07,67.79,59.63
21.87,21.87,41.28,58.11,58.50
16.20,16.20,48.75,64.02,57.85
15.39,15.39,60.88,64.36,60.31
14.17,14.17,59.33,67.80,61.49
15.63,15.63,55.56,64.47,61.33
17.99,17.99,50.52,68.97,59.69
18.62,18.62,45.12,64.65,60.21
15.34,15.34,41.75,68.06,58.05
12.13,12.13,43.31,65.83,55.15
12.48,12.48,52.32,67.52,61.82
16.95,16.95,56.94,68.38,60.87
11.47,11.47,45.55,64.63,58.60
12.26,12.26,41.99,68.65,59.65
15.04,15.04,38.51,68.10,58.67
16.71,16.71,40.49,68.41,57.73
15.59,15.59,47.28,66.62,56.98
7.39,7.39,55.51,61.59,55.34
4.43,4.43,69.84,59.09,60.90
6.30,6.30,71.86,62.48,60.07
14.02,14.02,68.34,56.08,60.98
17.96,17.96,73.08,52.47,59.22
15.14,15.14,65.90,55.74,60.30
11.73,11.73,64.37,55.72,60.93
10.05,10.05,65.98,52.58,61.12
14.14,14.14,66.14,54.00,69.84
19.00,19.00,65.87,52.14,70.14
20.36,20.36,63.60,49.09,66.97
17.56,17.56,58.85,53.18,62.86
17.12,17.12,54.53,49.78,63.95
14.49,14.49,47.30,49.21,62.03
12.05,12.05,45.60,49.84,59.91
12.46,12.46,43.54,49.58,61.10
14.34,14.34,44.29,46.92,61.19
21.08,21.08,49.88,46.94,64.26
23.93,23.93,50.38,43.34,61.46
26.63,26.63,48.48,44.31,61.27
24.81,24.81,41.61,39.22,61.47
23.38,23.38,38.44,38.23,61.48
23.76,23.76,41.16,35.84,61.39
18.84,18.84,47.60,28.24,57.61
12.20,12.20,54.92,29.50,59.99
15.06,15.06,57.58,30.60,60.69
14.94,14.94,61.87,27.63,66.32
16.61,16.61,60.50,24.76,68.26
19.25,19.25,58.22,25.31,67.01
20.54,20.54,47.24,29.53,57.75
16.39,16.39,42.54,33.30,57.22
11.89,11.89,53.48,46.20,55.39
10.90,10.90,70.00,60.05,61.40
8.36,8.36,65.45,66.55,62.53
8.76,8.76,67.04,63.95,61.64
10.87,10.87,70.67,64.64,61.22
14.74,14.74,63.56,58.21,60.92
15.18,15.18,51.36,64.52,61.04
15.42,15.42,55.88,60.36,59.14
16.96,16.96,53.27,62.66,57.89
20.46,20.46,59.64,65.90,63.00
20.58,20.58,57.20,63.61,62.07
18.59,18.59,54.46,69.55,60.41
18.56,18.56,45.52,65.05,61.06
18.46,18.46,33.84,66.88,60.99
17.34,17.34,33.68,69.24,58.37
17.19,17.19,37.43,64.21,57.68
15.14,15.14,45.23,63.17,58.24
18.94,18.94,52.54,66.31,60.59
19.86,19.86,51.01,67.65,60.49
23.20,23.20,47.78,66.30,58.49
23.30,23.30,42.37,68.12,56.99
21.12,21.12,37.83,64.71,58.44
19.42,19.42,35.97,68.78,57.43
14.75,14.75,42.04,64.96,56.42
12.48,12.48,48.53,67.33,54.56
17.47,17.47,61.13,68.46,63.22
16.88,16.88,56.90,63.46,60.83
14.31,14.31,53.65,68.19,61.55
16.77,16.77,48.70,63.33,61.89
15.06,15.06,47.13,70.44,61.36
11.40,11.40,45.72,63.60,58.57
6.01,6.01,49.45,63.70,57.33
8.66,8.66,68.51,60.98,60.23
16.48,16.48,72.92,55.62,61.33
16.25,16.25,70.69,54.28,60.73
18.91,18.91,72.29,50.01,60.82
21.87,21.87,68.54,54.99,61.07
21.68,21.68,61.48,52.89,58.99
21.14,21.14,62.37,51.79,60.19
17.48,17.48,63.50,56.18,58.37
16.73,16.73,63.81,56.23,59.56
22.06,22.06,63.82,44.45,60.65
19.58,19.58,57.85,54.35,58.21
21.02,21.02,46.17,54.65,57.02
19.72,19.72,41.66,47.07,60.20
17.77,17.77,38.79,56.64,57.92
17.13,17.13,37.43,54.85,58.36
14.67,14.67,42.41,55.82,59.93
18.71,18.71,51.31,51.70,58.70
19.28,19.28,58.49,49.34,61.92
22.48,22.48,55.23,45.34,61.90
22.44,22.44,52.74,48.19,62.85
21.51,21.51,47.62,49.42,62.11
21.45,21.45,41.91,53.31,60.39
18.66,18.66,42.37,50.33,60.18
17.72,17.72,48.95,49.03,59.65
18.43,18.43,57.32,49.09,64.13
16.43,16.43,51.57,46.11,61.91
17.55,17.55,46.47,35.85,60.63
21.04,21.04,42.35,40.33,61.36
21.75,21.75,37.26,39.12,59.35
20.62,20.62,39.68,41.19,59.53
15.78,15.78,43.63,39.49,58.75
16.41,16.41,66.11,60.22,60.32
14.02,14.02,67.73,66.84,60.21
15.41,15.41,64.46,60.11,61.15
18.57,18.57,71.17,61.85,59.39
21.70,21.70,69.84,64.26,61.03
23.29,23.29,65.49,62.33,60.28
22.33,22.33,65.38,65.60,60.83
22.03,22.03,66.24,57.93,62.19
24.17,24.17,64.86,66.69,60.36
26.46,26.46,62.44,62.17,62.67
30.55,30.55,56.02,65.93,64.90
32.86,32.86,45.92,61.69,64.51
36.39,36.39,42.85,65.85,64.03
35.26,35.26,39.20,67.43,62.92
31.58,31.58,38.43,62.84,61.21
21.21,21.21,40.08,55.76,59.93
19.62,19.62,54.24,65.08,62.62
17.89,17.89,57.29,67.95,61.65
20.31,20.31,52.64,62.12,60.37
23.13,23.13,47.32,67.91,61.66
25.15,25.15,41.91,63.22,59.62
23.73,23.73,36.37,68.60,60.26
19.31,19.31,37.75,63.49,59.57
17.78,17.78,43.54,67.17,58.58
17.78,17.78,54.39,66.35,62.01
18.18,18.18,54.53,64.68,60.56
16.86,16.86,48.83,66.80,60.25
20.24,20.24,45.58,62.38,59.67
18.87,18.87,41.17,67.69,60.67
16.35,16.35,41.81,60.29,61.80
8.84,8.84,48.18,68.42,61.13
6.23,6.23,60.79,58.48,60.64
4.38,4.38,70.44,57.05,60.25
5.93,5.93,69.88,60.53,63.49
15.09,15.09,71.77,57.84,62.79
19.48,19.48,72.18,53.87,63.99
17.55,17.55,62.17,58.69,64.15
17.96,17.96,63.63,57.00,64.48
15.91,15.91,65.15,52.29,63.18
16.17,16.17,64.37,53.01,64.23
21.18,21.18,65.40,50.18,64.59
18.62,18.62,62.51,58.33,63.42
17.68,17.68,53.52,58.45,63.27
20.69,20.69,43.49,53.75,63.18
18.39,18.39,40.76,45.42,63.38
16.40,16.40,42.02,46.14,62.25
15.74,15.74,41.85,47.14,60.17
18.36,18.36,43.44,48.61,62.22
22.36,22.36,50.06,55.19,61.12
22.55,22.55,50.57,45.50,61.95
24.03,24.03,46.22,47.15,63.14
23.64,23.64,40.18,52.01,61.49
21.45,21.45,39.12,54.62,62.54
18.02,18.02,39.98,53.48,58.39
17.55,17.55,47.77,50.26,57.92
20.81,20.81,55.75,50.40,59.13
18.33,18.33,57.65,46.09,62.13
15.27,15.27,52.97,39.96,63.85
17.82,17.82,47.43,39.12,63.68
15.29,15.29,40.23,36.68,63.00
13.81,13.81,38.97,40.64,61.91
10.02,10.02,42.26,36.57,62.39
8.94,8.94,56.77,50.26,61.31
11.97,11.97,69.32,64.98,63.65
11.28,11.28,68.41,63.59,61.15
11.09,11.09,67.46,64.28,60.62
13.96,13.96,69.85,64.82,61.11
16.47,16.47,68.97,64.42,61.24
17.41,17.41,65.50,62.56,60.00
17.88,17.88,64.26,67.06,60.99
18.73,18.73,65.22,63.61,60.82
17.94,17.94,63.29,67.64,60.27
17.11,17.11,59.36,66.32,59.65
17.77,17.77,49.99,69.71,61.09
19.34,19.34,43.55,63.55,59.33
18.02,18.02,37.68,67.74,60.87
16.34,16.34,32.60,64.76,58.25
13.26,13.26,38.08,65.45,58.62
11.95,11.95,41.79,56.06,58.82
20.53,20.53,50.21,66.53,61.99
21.62,21.62,49.45,69.47,64.27
21.71,21.71,46.13,64.81,62.99
21.49,21.49,42.09,67.83,63.93
18.30,18.30,36.68,63.93,63.57
15.41,15.41,37.34,69.35,64.13
12.80,12.80,45.14,64.36,62.42
12.89,12.89,50.25,67.34,62.87
19.11,19.11,57.43,65.52,63.00
14.25,14.25,49.53,68.76,61.81
12.08,12.08,46.49,66.31,61.68
13.78,13.78,42.07,66.79,60.35
12.65,12.65,41.86,69.43,60.65
8.09,8.09,46.59,65.01,59.83
3.34,3.34,53.95,62.43,60.30
5.97,5.97,70.43,60.62,62.88
3.43,3.43,71.06,59.84,60.16
12.93,12.93,71.05,56.62,60.14
18.48,18.48,73.32,51.63,60.03
16.26,16.26,64.25,54.12,60.12
12.57,12.57,64.13,55.89,60.40
11.21,11.21,64.19,52.03,64.05
12.19,12.19,64.99,49.90,70.57
19.19,19.19,64.65,49.61,71.02
24.18,24.18,62.86,53.70,70.37
18.90,18.90,56.16,52.78,72.51
19.35,19.35,48.64,46.95,71.93
16.24,16.24,42.54,44.30,72.57
15.38,15.38,41.09,51.40,68.73
14.40,14.40,37.38,48.07,65.03
14.14,14.14,38.64,45.26,62.27
22.84,22.84,46.19,52.93,64.82
25.14,25.14,49.18,49.10,63.34
27.02,27.02,47.83,44.30,63.49
25.79,25.79,39.91,50.47,63.27
23.88,23.88,37.05,55.35,63.02
21.32,21.32,38.64,51.39,63.78
19.63,19.63,44.12,47.69,62.07
17.78,17.78,50.52,49.63,63.10
16.78,16.78,55.28,46.49,62.59
14.52,14.52,49.75,43.89,63.26
17.30,17.30,45.91,36.92,63.37
17.75,17.75,40.10,34.54,62.42
15.21,15.21,38.40,37.21,62.56
12.02,12.02,39.98,40.93,60.97
10.69,10.69,48.44,41.87,61.47
10.64,10.64,69.38,64.78,61.38
10.55,10.55,68.55,61.77,62.20
10.40,10.40,65.46,66.63,63.15
12.13,12.13,72.20,66.42,61.44
16.17,16.17,70.30,67.31,62.92
16.93,16.93,63.05,66.51,63.37
18.30,18.30,65.34,68.89,63.44
18.52,18.52,66.21,64.43,61.54
23.21,23.21,64.36,67.82,63.46
23.07,23.07,60.73,68.45,61.71
25.07,25.07,52.14,68.51,62.71
23.12,23.12,44.45,67.54,62.70
19.27,19.27,44.21,69.06,60.60
16.43,16.43,32.33,69.98,61.69
13.52,13.52,35.35,66.74,60.24
14.45,14.45,41.43,58.08,62.00
21.95,21.95,53.48,66.21,61.66
14.56,14.56,54.08,68.55,61.46
18.94,18.94,50.97,65.35,62.60
23.42,23.42,45.95,68.43,63.61
24.07,24.07,41.17,67.73,63.51
19.82,19.82,40.55,67.82,64.18
17.47,17.47,45.38,67.02,63.13
16.55,16.55,52.12,67.11,62.03
23.43,23.43,56.61,68.33,65.83
20.78,20.78,54.94,65.44,63.64
16.85,16.85,45.95,67.43,63.23
18.49,18.49,42.11,65.46,64.10
17.39,17.39,37.67,66.61,66.06
15.40,15.40,42.20,65.15,65.28
8.87,8.87,46.45,67.76,64.23
2.88,2.88,66.89,62.41,64.81
3.63,3.63,70.69,49.43,65.52
7.16,7.16,69.33,55.70,64.65
19.62,19.62,73.62,48.75,64.64
19.26,19.26,67.99,54.42,64.30
19.09,19.09,63.84,55.96,64.27
18.86,18.86,62.61,52.62,64.11
17.93,17.93,65.51,53.76,63.46
19.02,19.02,65.27,54.18,63.31
27.47,27.47,64.34,48.10,64.58
24.87,24.87,62.60,50.24,64.10
22.84,22.84,50.36,47.34,63.91
20.40,20.40,45.46,43.78,60.35
20.21,20.21,42.94,42.81,62.28
19.54,19.54,41.64,49.55,61.65
17.85,17.85,40.16,46.12,62.63
20.05,20.05,44.79,50.76,62.49
21.90,21.90,48.46,48.77,61.56
23.85,23.85,49.02,46.84,62.28
25.42,25.42,43.81,47.13,62.78
24.01,24.01,39.55,50.70,62.91
23.33,23.33,35.57,54.65,64.72
19.65,19.65,39.85,48.03,63.44
18.98,18.98,47.50,52.63,62.71
18.99,18.99,55.23,50.42,63.72
17.67,17.67,50.76,46.74,62.27
22.41,22.41,47.10,45.26,63.01
23.43,23.43,41.51,42.98,60.90
23.59,23.59,41.39,42.94,60.20
22.89,22.89,46.09,43.18,60.28
18.60,18.60,53.03,44.09,56.28
17.67,17.67,67.67,54.98,58.85
13.78,13.78,71.03,65.52,60.44
18.97,18.97,66.15,65.81,59.38
23.22,23.22,69.67,68.58,59.73
23.29,23.29,68.00,61.06,61.65
27.91,27.91,65.77,69.79,61.54
31.55,31.55,68.26,63.67,61.57
30.33,30.33,65.86,69.15,60.07
33.86,33.86,62.51,65.07,58.78
32.90,32.90,57.27,68.63,59.00
34.42,34.42,50.31,63.93,58.67
39.30,39.30,45.91,68.49,59.52
30.89,30.89,44.37,68.83,58.14
23.59,23.59,36.63,69.57,59.42
23.04,23.04,33.45,67.69,62.71
19.65,19.65,36.69,63.78,60.00
19.62,19.62,44.73,64.68,62.99
22.74,22.74,49.06,66.46,62.01
22.87,22.87,47.90,70.28,58.54
22.69,22.69,43.49,66.89,58.05
22.34,22.34,37.48,67.80,57.49
21.84,21.84,35.09,67.32,57.90
20.34,20.34,36.93,68.89,57.87
18.62,18.62,45.35,68.30,56.90
19.70,19.70,54.04,69.01,60.06
19.90,19.90,55.19,65.56,58.63
17.56,17.56,47.95,66.54,57.39
21.14,21.14,44.58,68.36,59.31
23.49,23.49,37.26,66.69,58.74
22.61,22.61,39.79,67.28,61.28
17.46,17.46,45.40,66.04,60.40
12.75,12.75,61.45,61.71,59.80
17.98,17.98,70.54,58.62,59.35
19.44,19.44,64.75,60.48,60.98
18.07,18.07,72.34,60.48,62.09
21.10,21.10,71.22,56.19,63.10
21.42,21.42,64.82,55.39,63.15
21.98,21.98,62.49,55.23,64.70
21.16,21.16,66.01,53.89,64.30
19.69,19.69,66.50,53.71,61.86
25.51,25.51,66.65,53.30,63.20
28.56,28.56,64.13,49.54,65.42
36.37,36.37,55.47,56.84,66.61
39.86,39.86,45.30,54.27,64.85
38.61,38.61,43.37,55.77,64.43
39.35,39.35,44.14,55.38,59.72
39.12,39.12,39.00,56.71,57.77
38.14,38.14,43.77,56.32,58.96
37.42,37.42,49.98,47.77,58.78
39.58,39.58,49.73,43.35,58.23
33.00,33.00,47.13,52.07,57.45
37.37,37.37,41.75,45.24,59.05
42.19,42.19,39.16,47.08,58.40
41.56,41.56,43.87,49.35,59.02
30.27,30.27,50.95,45.16,68.62
18.68,18.68,56.75,43.67,71.57
18.11,18.11,57.46,49.22,71.30
23.70,23.70,53.33,45.61,70.03
25.83,25.83,51.93,38.40,66.36
31.18,31.18,42.66,39.45,59.46
40.78,40.78,40.38,47.81,65.68
29.04,29.04,43.87,50.14,60.17
19.99,19.99,54.97,54.32,57.79
15.75,15.75,68.51,66.60,58.65
12.31,12.31,65.70,68.70,54.33
17.46,17.46,67.53,66.98,56.23
22.46,22.46,70.06,68.02,59.63
26.20,26.20,63.24,67.47,61.00
26.86,26.86,66.32,69.83,61.08
25.54,25.54,65.44,65.42,61.24
27.37,27.37,62.08,68.21,63.00
27.29,27.29,56.26,69.01,62.66
26.84,26.84,49.11,67.35,60.90
27.56,27.56,54.55,66.64,61.27
39.80,39.80,51.44,69.34,62.41
51.51,51.51,39.40,70.30,63.66
54.07,54.07,33.79,67.67,63.03
48.63,48.63,38.44,66.86,60.44
37.29,37.29,44.90,59.71,60.60
25.67,25.67,55.46,66.34,63.00
20.76,20.76,54.77,70.46,62.38
23.84,23.84,50.37,69.04,63.56
31.00,31.00,45.24,68.51,62.96
35.51,35.51,39.26,68.12,62.19
34.62,34.62,41.39,69.12,61.76
32.64,32.64,47.12,68.66,60.63
24.44,24.44,52.96,69.55,61.01
23.93,23.93,58.16,68.45,63.21
25.59,25.59,50.78,70.16,61.24
26.70,26.70,44.02,69.64,58.94
29.13,29.13,38.84,69.70,59.65
29.68,29.68,39.64,67.76,58.17
25.34,25.34,44.63,69.10,57.18
16.02,16.02,49.12,62.91,56.49
12.03,12.03,70.63,64.51,58.95
9.28,9.28,69.80,60.52,57.37
15.65,15.65,70.15,57.48,55.84
21.67,21.67,73.79,53.04,56.62
24.80,24.80,67.05,56.39,56.69
26.11,26.11,62.74,58.65,56.72
26.19,26.19,66.23,55.25,56.95
25.21,25.21,65.16,57.59,56.02
24.71,24.71,66.64,53.13,58.81
29.32,29.32,64.96,48.97,61.41
29.07,29.07,58.75,54.54,58.82
30.90,30.90,47.12,57.48,61.23
35.10,35.10,45.87,52.39,62.57
36.81,36.81,42.14,54.61,63.00
34.91,34.91,38.39,49.74,62.27
25.44,25.44,42.47,52.13,62.16
21.07,21.07,50.48,49.14,65.08
22.00,22.00,51.95,43.78,66.66
26.20,26.20,48.92,42.08,65.41
28.57,28.57,43.54,44.34,63.27
27.57,27.57,38.07,51.74,65.90
26.30,26.30,38.45,50.90,64.68
24.82,24.82,44.66,52.14,64.48
27.23,27.23,50.92,48.41,62.21
28.21,28.21,58.83,52.63,65.22
27.02,27.02,51.58,53.46,64.34
25.72,25.72,45.94,45.21,65.10
26.35,26.35,39.58,43.19,63.67
28.06,28.06,42.41,42.74,65.47
30.07,30.07,42.82,47.62,63.21
35.54,35.54,52.96,42.94,61.74
24.13,24.13,68.68,61.34,60.56
23.03,23.03,71.93,63.84,62.24
29.68,29.68,63.93,60.45,68.93
35.28,35.28,72.89,65.46,61.56
35.01,35.01,67.06,63.62,56.87
30.30,30.30,57.64,68.92,58.05
29.20,29.20,59.18,67.75,58.36
31.40,31.40,53.54,66.46,58.88
33.97,33.97,56.35,62.25,59.37
35.93,35.93,59.90,69.08,61.24
33.82,33.82,58.30,64.94,60.55
26.89,26.89,50.80,67.46,61.56
27.45,27.45,39.97,62.90,61.05
27.19,27.19,33.14,69.32,59.73
27.08,27.08,37.96,63.56,60.71
23.35,23.35,39.87,60.12,57.92
25.63,25.63,48.47,60.77,60.46
25.80,25.80,50.42,66.72,61.19
26.71,26.71,50.07,65.55,62.64
24.28,24.28,48.00,67.27,64.61
20.90,20.90,45.39,66.64,64.90
20.97,20.97,44.00,65.36,63.43
21.79,21.79,45.47,67.09,62.14
21.78,21.78,49.36,64.93,61.47
19.27,19.27,57.43,68.46,64.26
14.50,14.50,53.83,63.94,62.59
18.31,18.31,46.89,67.70,60.80
21.03,21.03,39.61,63.97,62.61
23.24,23.24,35.68,68.37,62.49
21.87,21.87,43.47,64.97,63.57
16.38,16.38,47.85,64.87,60.96
18.07,18.07,64.61,57.77,61.05
15.72,15.72,69.75,53.51,60.88
18.46,18.46,63.47,50.39,61.93
24.33,24.33,72.95,52.02,59.71
23.35,23.35,72.33,53.38,61.25
27.34,27.34,63.89,53.47,62.48
24.19,24.19,65.86,52.56,60.22
22.42,22.42,67.06,50.15,61.06
18.86,18.86,66.84,44.87,62.08
25.84,25.84,67.02,48.54,62.87
22.40,22.40,62.63,56.81,60.01
23.71,23.71,54.73,54.87,59.76
24.58,24.58,52.43,51.48,59.93
24.58,24.58,40.87,52.83,60.30
27.16,27.16,41.19,53.76,57.77
24.22,24.22,39.56,51.66,57.85
23.76,23.76,45.85,57.00,60.14
26.59,26.59,50.74,53.85,63.09
33.21,33.21,56.31,51.10,69.50
29.77,29.77,51.54,53.32,66.10
30.27,30.27,41.83,52.18,55.94
29.41,29.41,38.24,56.41,55.08
26.62,26.62,40.92,53.55,56.86
16.91,16.91,44.49,54.34,53.66
17.73,17.73,55.76,50.71,58.14
17.13,17.13,57.94,51.56,56.34
23.28,23.28,51.01,50.85,54.91
24.51,24.51,40.39,41.73,54.45
27.39,27.39,37.28,42.13,54.78
26.58,26.58,39.28,40.15,55.29
22.36,22.36,45.54,42.29,54.60
15.60,15.60,64.84,56.32,56.43
14.35,14.35,69.74,63.52,59.05
20.06,20.06,71.87,68.71,57.81
24.13,24.13,71.52,67.49,56.91
27.49,27.49,70.54,68.98,60.97
30.26,30.26,64.07,67.82,62.67
29.72,29.72,58.52,69.27,59.61
30.80,30.80,60.56,66.31,63.10
28.73,28.73,63.54,71.22,62.37
32.89,32.89,64.19,65.95,64.03
34.60,34.60,61.66,69.04,63.47
33.01,33.01,52.93,70.83,62.65
33.66,33.66,36.03,66.63,64.98
36.51,36.51,34.68,69.31,63.50
33.08,33.08,35.07,67.93,58.19
29.12,29.12,41.37,67.51,55.03
20.42,20.42,50.36,63.11,57.24
18.35,18.35,59.10,63.18,60.57
18.91,18.91,54.77,66.51,59.09
20.66,20.66,50.72,68.87,57.38
24.67,24.67,44.83,68.97,59.04
27.70,27.70,38.42,67.59,59.05
28.13,28.13,38.67,70.31,59.04
23.78,23.78,43.64,66.78,55.84
16.32,16.32,54.26,68.91,59.65
19.04,19.04,56.54,68.14,58.85
23.57,23.57,47.43,69.78,58.50
30.61,30.61,43.68,67.57,56.67
32.82,32.82,38.77,70.48,58.29
31.14,31.14,39.52,68.45,57.18
26.77,26.77,46.92,70.24,57.24
11.86,11.86,57.41,65.98,53.87
8.29,8.29,70.51,66.02,59.93
12.94,12.94,68.61,63.12,61.28
16.07,16.07,72.60,63.79,60.32
18.67,18.67,72.80,55.10,60.68
17.58,17.58,64.59,54.12,62.31
15.46,15.46,66.46,57.03,61.74
15.50,15.50,66.89,53.60,60.61
17.50,17.50,67.17,55.94,62.92
18.09,18.09,67.61,52.11,63.94
24.15,24.15,64.60,54.44,63.96
21.56,21.56,58.41,56.43,63.16
22.59,22.59,49.33,53.34,63.41
21.37,21.37,44.10,54.38,62.15
21.51,21.51,43.85,55.35,63.82
25.37,25.37,41.89,53.24,63.90
28.86,28.86,45.75,52.47,63.48
25.51,25.51,49.45,51.80,65.64
26.42,26.42,51.46,42.75,64.70
27.74,27.74,50.90,47.70,64.16
24.71,24.71,46.61,45.60,62.67
24.70,24.70,42.83,47.97,62.47
24.02,24.02,42.35,46.99,60.99
19.61,19.61,48.93,40.39,59.08
15.65,15.65,55.81,41.89,61.53
18.19,18.19,57.11,34.83,60.52
13.70,13.70,52.85,42.36,59.12
14.64,14.64,47.14,36.16,60.20
18.91,18.91,43.28,46.63,66.36
18.21,18.21,44.40,54.23,66.63
16.30,16.30,50.44,56.68,66.52
16.89,16.89,58.25,56.94,63.35
14.76,14.76,70.82,68.76,64.28
18.09,18.09,62.88,66.94,62.99
21.86,21.86,60.38,58.56,60.27
24.81,24.81,69.93,65.47,58.94
25.16,25.16,68.17,61.50,59.68
28.18,28.18,68.83,64.88,62.19
28.38,28.38,68.07,66.99,61.44
28.21,28.21,65.86,66.18,62.51
29.58,29.58,62.57,67.45,63.71
32.44,32.44,58.42,67.37,62.35
32.30,32.30,45.38,65.40,62.59
27.33,27.33,48.63,67.44,59.66
28.20,28.20,46.46,69.59,60.26
28.73,28.73,36.16,67.21,60.57
30.74,30.74,38.89,66.11,57.94
25.20,25.20,43.62,54.63,59.34
26.26,26.26,53.54,64.99,58.06
26.22,26.22,52.48,69.15,59.16
28.61,28.61,48.56,67.70,60.67
30.11,30.11,43.03,70.66,60.81
31.99,31.99,37.79,69.06,62.81
31.94,31.94,37.38,68.81,60.15
42.20,42.20,46.29,69.48,58.22
45.82,45.82,57.49,70.47,61.11
34.30,34.30,60.71,68.33,63.40
30.44,30.44,57.50,68.45,63.05
42.23,42.23,50.25,65.61,62.81
49.25,49.25,44.09,64.65,63.90
50.76,50.76,40.35,66.56,63.79
52.43,52.43,47.78,65.78,63.00
46.41,46.41,54.62,67.48,69.40
25.47,25.47,70.00,54.61,71.85
17.79,17.79,68.88,53.65,68.36
21.50,21.50,61.85,43.67,56.77
34.03,34.03,75.25,51.21,52.68
40.09,40.09,68.21,56.18,55.51
39.78,39.78,64.23,59.12,55.64
35.26,35.26,66.56,56.21,57.32
34.90,34.90,68.41,55.92,55.52
30.25,30.25,68.11,50.88,58.95
35.96,35.96,65.93,50.96,58.40
39.81,39.81,62.10,54.85,57.55
41.60,41.60,50.34,57.55,60.49
41.19,41.19,48.50,50.98,62.40
41.30,41.30,44.05,49.26,60.05
41.04,41.04,43.12,46.83,59.28
38.64,38.64,42.90,43.28,60.62
31.26,31.26,50.40,51.02,61.18
32.07,32.07,53.38,50.46,60.88
44.32,44.32,53.14,49.17,59.34
53.56,53.56,46.60,50.21,59.08
55.37,55.37,41.23,55.85,57.57
53.34,53.34,40.41,58.16,59.08
50.23,50.23,46.86,54.09,56.67
28.80,28.80,53.62,54.43,55.01
19.09,19.09,63.00,52.60,57.92
17.20,17.20,57.76,46.78,57.87
24.53,24.53,51.66,39.80,57.70
29.39,29.39,43.14,43.16,56.30
34.38,34.38,39.99,39.26,57.71
33.36,33.36,42.26,40.88,56.95
21.66,21.66,47.60,38.75,55.91
21.25,21.25,66.04,54.35,58.78
32.93,32.93,64.87,64.98,59.51
36.56,36.56,64.97,62.81,58.91
32.03,32.03,74.12,65.91,62.46
27.94,27.94,66.20,55.97,63.33
27.09,27.09,61.12,65.69,60.07
23.83,23.83,65.61,62.93,60.67
25.33,25.33,64.00,66.35,59.62
24.97,24.97,58.55,63.26,61.11
26.22,26.22,58.27,66.14,60.51
26.25,26.25,57.13,63.86,57.27
29.50,29.50,55.88,63.94,58.40
34.76,34.76,46.23,70.10,58.61
31.71,31.71,31.35,64.94,57.77
27.42,27.42,34.14,68.75,56.45
21.31,21.31,44.43,61.78,54.23
17.51,17.51,53.01,65.24,56.44
15.38,15.38,58.12,67.33,54.71
20.68,20.68,54.85,67.32,54.82
24.88,24.88,49.76,67.49,56.39
27.59,27.59,43.49,66.16,56.28
31.62,31.62,40.04,66.68,55.06
27.57,27.57,44.94,65.33,56.05
16.47,16.47,49.23,69.94,52.86
17.57,17.57,60.18,61.86,58.10
20.42,20.42,57.92,69.60,58.56
35.46,35.46,51.48,66.26,56.35
43.57,43.57,44.78,66.03,58.34
37.00,37.00,40.19,63.06,59.12
33.09,33.09,48.90,61.49,60.03
27.17,27.17,52.67,65.50,57.51
17.05,17.05,62.15,61.69,54.94
11.39,11.39,70.33,61.27,59.34
17.05,17.05,70.27,55.70,59.74
23.73,23.73,72.58,57.46,57.27
29.79,29.79,72.38,54.23,58.00
29.75,29.75,64.28,53.52,57.72
32.62,32.62,64.63,55.60,60.38
39.20,39.20,65.56,50.18,61.04
40.27,40.27,66.71,54.78,60.70
31.37,31.37,66.11,49.69,62.35
25.71,25.71,62.45,48.66,59.17
26.61,26.61,54.89,58.40,57.69
31.28,31.28,48.23,48.92,57.64
30.41,30.41,45.08,50.00,60.12
28.53,28.53,41.34,53.77,57.20
26.27,26.27,39.14,50.79,57.78
23.97,23.97,45.21,49.55,60.22
28.63,28.63,50.16,46.20,58.70
35.08,35.08,52.52,45.14,57.70
46.53,46.53,49.56,48.00,60.46
52.78,52.78,41.31,49.07,59.70
46.97,46.97,38.26,53.52,62.58
41.82,41.82,40.65,53.00,63.00
33.83,33.83,48.87,49.25,59.08
29.87,29.87,60.04,47.31,62.67
32.10,32.10,56.33,55.84,58.33
38.10,38.10,53.26,42.42,58.71
42.40,42.40,52.43,46.93,59.34
40.51,40.51,42.83,44.99,58.14
39.75,39.75,43.69,43.12,59.72
39.26,39.26,50.19,44.23,62.59
28.79,28.79,61.31,51.60,63.59
20.59,20.59,72.30,67.67,63.50
16.66,16.66,73.27,67.34,61.11
15.20,15.20,63.74,68.73,59.27
19.39,19.39,70.92,67.47,59.19
21.99,21.99,68.92,66.87,58.69
23.98,23.98,56.60,65.29,60.33
27.14,27.14,57.67,69.68,58.00
26.78,26.78,60.76,64.98,57.27
30.06,30.06,62.08,68.77,58.66
30.21,30.21,60.77,70.56,55.58
29.70,29.70,52.01,68.40,55.49
25.69,25.69,37.22,69.44,55.94
24.63,24.63,32.81,68.79,57.18
21.05,21.05,33.09,70.43,55.83
19.66,19.66,34.30,69.40,55.66
17.79,17.79,42.37,60.65,58.81
20.57,20.57,51.79,67.07,62.56
27.37,27.37,50.84,69.40,62.40
38.40,38.40,48.47,68.60,63.83
41.46,41.46,49.18,69.70,63.90
41.54,41.54,48.26,70.87,64.58
36.72,36.72,48.71,68.50,63.50
38.60,38.60,48.48,70.33,64.31
31.72,31.72,54.36,66.88,64.74
18.98,18.98,58.10,68.98,63.66
15.09,15.09,51.27,67.08,61.14
21.76,21.76,49.97,70.23,59.92
23.00,23.00,42.87,67.47,58.52
21.64,21.64,42.61,68.49,57.10
22.82,22.82,50.13,67.47,59.37
20.15,20.15,56.36,64.13,60.03
19.52,19.52,71.20,58.15,60.13
20.18,20.18,70.99,63.25,59.22
24.76,24.76,68.56,55.50,57.82
27.12,27.12,74.49,48.94,59.10
30.33,30.33,65.42,56.84,60.77
28.66,28.66,63.58,59.58,61.38
24.50,24.50,67.11,58.03,60.84
18.88,18.88,66.54,54.86,63.67
16.45,16.45,66.78,51.17,69.86
22.31,22.31,64.48,51.20,68.89
18.90,18.90,57.95,56.02,63.95
20.25,20.25,48.51,55.39,62.81
18.32,18.32,45.22,53.04,63.24
18.52,18.52,42.91,47.67,60.69
13.25,13.25,42.50,48.80,60.15
10.20,10.20,43.33,43.38,59.81
15.10,15.10,47.58,54.87,63.31
21.44,21.44,49.05,54.37,61.12
24.59,24.59,48.20,46.50,57.80
22.31,22.31,43.20,52.44,57.53
22.42,22.42,39.58,55.90,58.03
21.28,21.28,40.07,57.12,55.80
17.43,17.43,42.42,55.53,53.63
18.16,18.16,48.94,52.99,55.88
17.84,17.84,56.86,52.23,60.93
24.94,24.94,52.38,50.01,60.61
29.21,29.21,54.24,43.19,70.34
27.74,27.74,42.53,40.21,60.25
25.27,25.27,34.84,43.45,53.37
18.40,18.40,35.53,43.29,53.32
14.40,14.40,46.59,43.33,54.74
10.01,10.01,69.61,64.77,60.73
7.05,7.05,66.51,66.35,57.38
6.24,6.24,67.26,63.72,56.38
9.34,9.34,72.86,68.36,53.56
13.33,13.33,67.75,62.14,56.02
17.25,17.25,64.25,65.71,57.15
16.73,16.73,62.72,62.08,57.38
12.90,12.90,65.51,65.72,58.42
16.04,16.04,65.52,66.98,60.19
17.11,17.11,63.01,66.89,59.99
19.31,19.31,57.08,68.45,59.54
18.38,18.38,42.00,65.62,58.30
16.87,16.87,36.57,66.48,56.99
19.68,19.68,34.27,65.92,55.38
17.16,17.16,36.69,67.83,59.26
12.02,12.02,40.31,61.24,56.04
15.70,15.70,57.09,68.66,63.24
19.64,19.64,57.71,63.02,61.55
22.38,22.38,54.56,70.34,61.62
24.06,24.06,49.30,64.75,57.26
23.89,23.89,41.81,66.91,58.22
23.31,23.31,37.84,65.18,58.53
17.00,17.00,40.13,66.91,58.02
11.17,11.17,47.48,68.11,57.22
16.27,16.27,58.50,64.39,62.21
13.90,13.90,56.30,67.40,61.58
13.70,13.70,49.01,65.33,59.32
18.77,18.77,42.03,70.58,57.62
28.89,28.89,36.33,65.65,57.99
27.86,27.86,44.31,69.28,57.14
18.76,18.76,58.13,64.33,56.59
4.12,4.12,67.76,61.23,61.34
2.77,2.77,68.92,56.83,63.64
6.95,6.95,67.79,56.67,63.96
16.51,16.51,74.94,58.68,63.57
17.19,17.19,68.57,59.44,62.83
17.14,17.14,65.01,59.57,63.60
17.66,17.66,66.44,52.92,62.67
19.92,19.92,66.29,56.41,62.09
21.56,21.56,66.91,57.03,61.26
24.39,24.39,65.56,51.03,63.99
22.78,22.78,61.61,58.02,61.29
22.25,22.25,51.55,56.67,62.83
23.45,23.45,47.34,51.22,62.45
22.45,22.45,42.34,55.01,61.88
20.69,20.69,41.61,55.02,61.77
17.31,17.31,46.89,54.73,61.97
18.47,18.47,54.89,52.27,64.09
21.78,21.78,53.55,50.14,63.81
27.66,27.66,53.39,49.26,65.27
27.26,27.26,49.64,49.42,66.31
30.53,30.53,42.46,50.10,66.09
34.26,34.26,40.59,53.79,68.29
30.26,30.26,44.34,51.71,67.00
17.43,17.43,48.78,52.62,65.33
17.78,17.78,58.37,50.46,65.99
13.43,13.43,55.76,53.47,65.30
15.81,15.81,50.77,43.50,63.68
19.43,19.43,48.61,44.45,65.23
26.14,26.14,47.36,45.92,64.96
23.87,23.87,51.22,51.54,64.65
17.51,17.51,53.60,46.11,64.06
17.32,17.32,63.49,54.90,61.83
12.96,12.96,71.65,66.82,62.62
13.82,13.82,65.83,60.27,57.23
18.48,18.48,73.83,68.70,61.77
20.17,20.17,70.25,67.69,58.92
20.99,20.99,69.33,65.62,61.07
21.19,21.19,63.96,68.03,63.71
19.45,19.45,49.51,63.14,62.76
20.62,20.62,56.82,62.13,62.82
22.52,22.52,58.82,62.60,61.05
24.97,24.97,56.65,71.48,61.04
25.35,25.35,49.80,67.81,59.34
27.44,27.44,38.34,68.56,58.70
34.69,34.69,38.38,67.10,58.93
36.37,36.37,42.69,69.12,58.66
29.53,29.53,49.45,68.47,58.58
18.34,18.34,60.07,68.12,62.03
13.37,13.37,62.11,66.74,64.47
16.74,16.74,57.16,66.48,63.11
19.85,19.85,50.98,70.64,62.08
23.08,23.08,45.80,67.50,62.43
28.20,28.20,41.67,70.75,62.04
27.83,27.83,41.27,65.93,62.26
25.01,25.01,44.01,68.35,61.39
21.27,21.27,49.28,65.85,63.06
21.35,21.35,55.57,69.44,64.91
20.19,20.19,54.92,67.07,63.08
23.33,23.33,48.12,68.61,64.32
26.52,26.52,43.70,68.79,62.49
28.51,28.51,43.90,67.87,62.37
25.30,25.30,49.97,69.15,61.48
12.91,12.91,57.81,66.54,58.97
7.37,7.37,71.51,70.18,61.83
10.76,10.76,69.20,57.43,61.32
14.61,14.61,73.73,69.23,61.14
20.62,20.62,71.70,66.19,62.12
27.13,27.13,66.21,65.84,61.88
31.25,31.25,65.17,63.07,62.08
30.88,30.88,60.96,61.10,65.87
24.21,24.21,58.83,66.96,64.18
26.37,26.37,62.36,62.49,65.44
25.81,25.81,60.10,66.74,64.81
25.34,25.34,55.15,63.77,65.00
27.80,27.80,48.72,57.29,64.25
30.22,30.22,43.67,52.75,64.81
26.37,26.37,40.58,55.66,62.16
20.26,20.26,44.13,52.93,60.39
23.52,23.52,53.51,63.85,64.83
18.65,18.65,61.82,71.48,63.76
19.63,19.63,61.40,65.93,60.71
23.88,23.88,58.81,73.99,58.84
21.37,21.37,53.16,69.19,57.85
21.70,21.70,46.59,70.25,61.49
21.34,21.34,43.14,72.53,59.45
18.27,18.27,45.94,65.66,60.09
14.40,14.40,52.15,67.78,62.91
17.78,17.78,58.43,73.51,61.29
23.06,23.06,53.17,68.35,60.10
25.35,25.35,46.12,67.39,59.25
27.00,27.00,39.01,72.68,59.28
27.13,27.13,37.08,67.77,58.91
23.58,23.58,43.69,66.75,60.20
15.16,15.16,50.19,72.20,58.51
15.97,15.97,68.86,66.18,62.60
8.33,8.33,66.64,69.38,61.18
9.62,9.62,67.04,62.85,60.93
14.44,14.44,68.71,64.12,58.27
20.45,20.45,72.56,66.83,57.65
24.08,24.08,65.17,69.42,56.82
24.98,24.98,59.75,66.15,56.92
24.75,24.75,58.59,68.52,58.81
24.29,24.29,50.94,66.84,58.08
26.03,26.03,49.95,64.37,61.11
26.63,26.63,51.91,61.30,59.32
28.47,28.47,49.32,50.14,58.64
28.30,28.30,42.45,51.21,58.10
26.94,26.94,38.74,52.54,58.00
20.27,20.27,41.20,49.93,57.91
14.47,14.47,47.03,62.19,61.31
12.77,12.77,59.45,68.32,62.11
16.78,16.78,58.17,64.89,60.40
21.65,21.65,55.94,65.83,60.06
22.16,22.16,52.15,63.09,61.33
23.14,23.14,50.94,67.55,62.48
23.77,23.77,50.45,62.56,63.31
20.84,20.84,52.07,68.99,62.49
14.63,14.63,55.37,61.00,63.24
13.05,13.05,62.58,67.51,62.41
12.58,12.58,59.92,56.32,62.72
17.59,17.59,54.32,67.85,62.77
20.39,20.39,45.52,63.73,63.36
21.42,21.42,41.96,68.43,60.35
18.81,18.81,43.82,67.28,60.25
12.37,12.37,53.11,66.49,60.39
10.28,10.28,67.32,68.12,57.72
15.86,15.86,67.10,58.08,58.93
21.94,21.94,72.70,68.41,60.05
29.83,29.83,73.76,64.19,59.48
27.32,27.32,71.08,66.87,57.73
25.94,25.94,67.63,65.36,61.38
20.06,20.06,62.25,67.98,62.11
13.96,13.96,54.18,64.50,61.10
14.48,14.48,51.21,62.29,61.91
21.01,21.01,54.53,66.04,63.96
18.79,18.79,50.80,67.97,60.07
19.78,19.78,42.87,67.98,57.77
19.78,19.78,38.44,68.94,58.99
18.78,18.78,37.06,60.60,59.97
16.11,16.11,38.81,62.40,58.50
14.47,14.47,46.76,66.61,57.95
15.96,15.96,59.40,67.85,60.98
12.30,12.30,61.34,69.06,61.65
13.69,13.69,55.79,67.90,61.13
17.81,17.81,46.71,67.79,60.60
19.60,19.60,41.07,70.22,58.79
20.64,20.64,37.74,68.46,57.27
20.72,20.72,42.60,69.87,57.88
16.04,16.04,49.96,69.02,57.53
13.63,13.63,58.31,69.72,60.34
14.73,14.73,57.02,68.68,60.18
19.24,19.24,50.66,69.09,58.93
19.66,19.66,44.55,70.78,58.78
20.07,20.07,41.14,68.18,58.68
17.99,17.99,45.67,70.24,60.13
11.89,11.89,58.18,64.91,57.76
13.93,13.93,66.79,56.81,59.48
12.09,12.09,72.14,64.13,61.06
14.18,14.18,68.29,68.56,58.19
17.10,17.10,73.47,61.17,57.70
18.05,18.05,72.74,66.77,55.98
21.46,21.46,69.30,64.67,61.22
23.29,23.29,65.00,63.09,62.07
20.13,20.13,59.43,63.73,60.88
21.45,21.45,51.61,61.63,62.10
22.40,22.40,47.72,66.11,62.90
26.33,26.33,51.20,67.12,59.05
25.99,25.99,48.56,66.40,57.28
25.12,25.12,38.68,64.48,58.01
21.99,21.99,31.13,67.21,57.45
18.76,18.76,33.82,64.53,55.81
16.10,16.10,41.51,68.78,57.74
15.74,15.74,53.53,63.16,59.98
14.14,14.14,57.88,65.98,60.17
14.33,14.33,54.85,63.54,57.71
18.21,18.21,51.12,67.47,59.20
15.69,15.69,41.42,66.96,57.35
15.42,15.42,37.56,64.84,60.58
14.92,14.92,38.92,66.81,59.59
13.17,13.17,46.58,64.04,59.19
16.66,16.66,54.90,66.57,62.06
17.76,17.76,58.16,60.19,61.27
20.04,20.04,52.34,67.61,59.38
25.45,25.45,48.02,65.61,59.58
26.98,26.98,44.77,63.98,62.35
23.78,23.78,44.69,67.41,64.80
12.98,12.98,45.97,62.66,64.84
9.68,9.68,61.05,65.03,64.24
4.06,4.06,70.67,65.29,60.79
5.66,5.66,72.48,67.12,59.24
9.92,9.92,72.59,66.67,58.49
13.62,13.62,72.89,66.68,60.11
18.68,18.68,69.85,65.92,60.68
19.20,19.20,65.36,65.16,59.92
16.49,16.49,57.69,64.86,59.53
10.65,10.65,55.26,62.35,62.00
12.45,12.45,58.83,63.69,62.26
17.27,17.27,56.26,65.45,62.53
32.04,32.04,49.57,58.02,60.73
30.88,30.88,45.01,60.02,62.80
36.41,36.41,39.55,58.43,61.06
25.69,25.69,37.82,51.84,61.84
16.75,16.75,42.58,50.91,60.64
16.71,16.71,52.52,63.97,62.63
15.27,15.27,59.57,70.64,65.18
15.90,15.90,61.63,72.79,58.63
14.30,14.30,62.17,68.88,61.02
13.03,13.03,56.42,70.54,62.21
12.69,12.69,50.18,72.48,63.45
14.58,14.58,47.92,68.06,63.71
11.67,11.67,46.00,69.41,61.10
13.00,13.00,48.91,71.06,59.42
15.39,15.39,52.36,70.13,61.64
18.00,18.00,49.43,70.71,57.73
17.66,17.66,41.16,71.17,59.05
16.97,16.97,33.95,68.82,58.48
15.91,15.91,32.39,68.76,59.84
11.54,11.54,41.84,69.51,56.55
7.74,7.74,54.27,66.78,58.13
6.12,6.12,70.96,69.60,59.81
7.89,7.89,66.44,66.65,59.03
10.17,10.17,72.77,63.69,57.44
15.64,15.64,69.93,62.43,59.00
14.99,14.99,67.93,66.13,57.40
17.37,17.37,67.44,68.61,58.22
14.22,14.22,59.06,70.48,58.07
10.28,10.28,53.23,65.70,59.71
12.67,12.67,60.42,59.10,61.43
16.23,16.23,59.88,58.03,58.06
19.44,19.44,57.34,50.16,59.36
22.94,22.94,49.58,51.69,57.70
24.93,24.93,45.46,48.31,59.27
21.62,21.62,40.50,49.15,59.80
14.10,14.10,39.03,46.99,59.86
14.12,14.12,48.31,66.04,58.14
14.60,14.60,58.11,70.46,61.82
13.31,13.31,55.66,68.48,58.78
14.23,14.23,51.53,71.39,57.67
17.64,17.64,44.91,71.56,59.41
18.68,18.68,38.49,70.29,57.07
17.46,17.46,37.02,70.02,58.26
13.29,13.29,42.51,68.70,55.99
8.46,8.46,53.12,69.65,57.10
9.28,9.28,61.31,69.17,60.04
10.16,10.16,56.72,70.50,60.52
15.03,15.03,52.55,69.49,56.61
19.13,19.13,50.23,69.92,57.59
19.74,19.74,48.06,70.40,58.19
12.11,12.11,48.43,67.39,56.39
5.96,5.96,54.21,70.13,58.38
9.79,9.79,70.43,66.56,61.93
10.10,10.10,68.77,67.95,63.06
10.34,10.34,72.42,65.81,61.22
11.97,11.97,70.17,64.86,59.52
15.37,15.37,71.01,66.86,60.32
15.71,15.71,63.26,68.36,63.76
17.25,17.25,59.17,64.96,62.46
16.01,16.01,56.92,64.94,60.97
19.31,19.31,55.97,69.77,62.35
22.33,22.33,53.27,67.80,65.53
17.32,17.32,45.92,68.85,61.33
16.33,16.33,41.99,64.01,62.46
16.81,16.81,40.74,61.94,60.80
17.29,17.29,41.32,58.07,62.21
17.30,17.30,41.70,58.27,59.72
17.41,17.41,47.77,65.82,62.02
18.96,18.96,53.93,68.20,62.32
19.15,19.15,51.84,66.99,62.50
22.04,22.04,48.73,69.79,63.01
24.45,24.45,45.63,65.64,60.90
23.19,23.19,40.57,72.72,60.32
21.67,21.67,41.15,59.83,61.67
15.55,15.55,41.84,71.31,61.70
15.23,15.23,49.78,65.72,60.32
18.73,18.73,55.35,72.28,61.81
19.63,19.63,53.15,66.12,62.96
21.10,21.10,48.90,72.82,60.74
21.62,21.62,42.91,67.97,56.02
21.68,21.68,40.98,65.93,59.94
19.04,19.04,42.75,64.77,58.06
14.03,14.03,52.19,65.74,58.51
15.06,15.06,65.81,68.42,58.92
10.43,10.43,68.08,64.00,60.24
6.33,6.33,71.93,69.69,58.24
10.59,10.59,72.68,62.63,55.11
16.71,16.71,68.24,68.82,59.50
20.86,20.86,61.87,64.99,58.19
23.90,23.90,49.48,67.30,56.69
23.55,23.55,56.69,63.48,56.87
25.64,25.64,58.38,66.02,59.30
28.47,28.47,54.18,67.36,61.06
29.17,29.17,47.65,66.68,56.47
28.18,28.18,38.92,68.05,56.56
27.04,27.04,40.44,68.88,55.53
23.64,23.64,35.56,70.26,54.94
17.62,17.62,37.08,68.46,52.86
16.95,16.95,49.69,71.02,57.25
13.83,13.83,59.50,66.66,59.89
13.13,13.13,56.86,67.51,61.72
18.28,18.28,53.94,68.81,59.04
21.00,21.00,46.43,69.46,55.00
21.05,21.05,38.01,66.18,59.72
22.14,22.14,35.83,68.15,60.78
22.39,22.39,40.02,68.98,58.64
19.64,19.64,45.66,67.76,60.91
22.05,22.05,51.98,64.60,63.53
22.67,22.67,52.06,70.85,64.64
25.48,25.48,47.40,69.06,62.33
29.54,29.54,42.32,67.19,59.40
31.90,31.90,40.80,68.65,58.30
30.95,30.95,42.24,65.66,60.06
19.96,19.96,50.41,69.05,58.68
18.03,18.03,62.26,63.28,58.45
12.19,12.19,69.70,67.43,58.79
12.86,12.86,72.61,66.75,56.37
17.84,17.84,74.11,62.33,54.33
21.18,21.18,71.95,64.47,54.47
25.34,25.34,65.25,63.00,54.84
22.04,22.04,59.37,67.20,51.81
16.86,16.86,56.09,60.03,54.25
14.76,14.76,59.65,65.45,58.53
19.56,19.56,59.27,63.28,61.24
20.02,20.02,55.54,68.86,59.90
18.78,18.78,47.01,59.95,58.86
17.60,17.60,39.63,62.95,57.98
17.11,17.11,33.43,54.39,58.87
15.02,15.02,34.57,57.80,58.45
17.28,17.28,42.44,56.22,59.98
17.75,17.75,53.41,66.62,60.54
8.08,8.08,57.11,71.76,60.33
10.22,10.22,58.17,69.73,61.82
13.54,13.54,55.77,72.08,61.39
18.64,18.64,51.43,70.74,61.23
23.64,23.64,47.92,65.84,60.41
24.80,24.80,49.07,71.13,60.59
19.01,19.01,50.22,69.79,62.27
13.89,13.89,53.42,71.55,62.52
15.58,15.58,57.10,71.67,65.60
22.17,22.17,53.18,68.01,65.56
27.06,27.06,44.46,68.67,64.18
27.80,27.80,38.07,71.75,62.49
25.95,25.95,39.52,67.01,60.79
17.94,17.94,47.97,68.33,58.35
13.85,13.85,59.47,70.67,59.48
11.90,11.90,71.40,66.15,59.84
24.08,24.08,69.01,65.77,61.11
23.16,23.16,65.85,59.37,57.11
24.17,24.17,70.62,62.12,59.81
25.41,25.41,68.79,61.55,60.00
23.41,23.41,63.95,66.58,61.34
22.26,22.26,63.91,66.22,62.04
22.44,22.44,56.21,66.39,63.02
25.61,25.61,50.73,66.73,60.69
28.76,28.76,53.35,65.24,61.33
36.79,36.79,49.59,58.14,57.54
38.86,38.86,46.01,54.34,58.92
38.28,38.28,41.47,55.50,56.96
33.97,33.97,40.85,54.55,57.33
25.67,25.67,43.23,58.93,57.75
23.18,23.18,55.37,70.51,57.71
19.43,19.43,59.53,67.53,59.32
16.44,16.44,56.51,69.57,57.33
22.12,22.12,56.09,67.55,58.62
26.02,26.02,51.10,69.90,58.60
24.57,24.57,45.94,68.59,55.30
19.83,19.83,42.09,69.83,57.45
14.07,14.07,45.18,68.76,57.95
14.45,14.45,53.98,69.69,57.90
21.17,21.17,59.01,69.58,60.71
20.03,20.03,51.59,70.36,54.82
23.55,23.55,48.16,68.07,59.48
23.64,23.64,41.19,66.07,58.50
22.07,22.07,41.76,68.16,61.14
18.03,18.03,47.65,65.95,58.70
11.31,11.31,59.13,68.64,59.29
9.37,9.37,71.66,65.95,61.20
13.53,13.53,67.07,68.11,61.58
16.88,16.88,72.88,61.55,61.86
20.35,20.35,72.24,61.96,61.04
24.74,24.74,66.87,66.12,61.14
28.83,28.83,62.46,64.36,59.68
27.94,27.94,61.44,69.16,62.71
21.69,21.69,59.95,64.92,57.58
22.54,22.54,58.50,68.10,60.25
27.64,27.64,56.27,66.59,59.24
25.81,25.81,50.30,69.03,58.58
24.12,24.12,42.48,69.15,55.55
27.18,27.18,38.14,60.72,58.94
26.45,26.45,37.20,66.63,55.45
20.98,20.98,42.09,60.54,55.37
20.87,20.87,53.56,66.34,58.19
17.75,17.75,57.13,68.75,62.75
26.06,26.06,54.65,68.70,60.10
29.69,29.69,50.94,70.12,61.33
28.52,28.52,43.00,68.50,61.04
27.38,27.38,37.63,69.27,62.34
25.35,25.35,37.54,69.72,59.47
22.89,22.89,45.93,68.09,61.87
18.59,18.59,55.56,68.56,60.72
15.72,15.72,58.05,70.84,58.97
21.23,21.23,55.39,69.98,60.15
27.99,27.99,49.42,69.39,58.86
30.49,30.49,41.15,69.31,57.87
28.50,28.50,42.57,67.73,56.52
25.69,25.69,53.96,61.62,58.62
20.60,20.60,61.26,60.47,55.42
21.36,21.36,72.31,65.95,59.18
19.95,19.95,73.15,67.66,56.09
21.43,21.43,70.48,67.80,54.93
23.76,23.76,70.90,62.39,55.65
25.74,25.74,71.83,66.02,57.98
25.86,25.86,68.12,64.52,60.97
24.96,24.96,62.63,67.77,60.91
22.82,22.82,52.46,63.21,61.51
24.45,24.45,55.06,65.74,63.31
29.60,29.60,57.64,67.80,63.29
29.84,29.84,54.70,65.83,62.72
31.33,31.33,45.90,68.54,63.16
31.66,31.66,40.13,63.48,63.14
30.26,30.26,39.97,69.36,60.28
27.69,27.69,38.80,62.96,59.71
23.12,23.12,47.64,68.74,59.50
21.04,21.04,59.89,61.76,56.18
17.52,17.52,62.49,66.08,58.31
22.69,22.69,58.66,64.56,60.03
25.53,25.53,50.50,66.84,58.14
27.02,27.02,40.99,68.21,55.42
28.14,28.14,36.22,65.74,56.06
27.01,27.01,40.72,68.59,57.89
24.71,24.71,47.18,63.81,58.24
24.54,24.54,56.55,66.37,63.00
25.87,25.87,50.15,59.97,56.62
26.39,26.39,44.94,70.54,55.30
25.30,25.30,40.78,63.08,57.22
25.75,25.75,38.13,68.14,60.31
24.28,24.28,42.46,64.64,56.07
15.15,15.15,49.15,69.25,56.03
15.58,15.58,67.86,66.61,56.99
13.58,13.58,67.48,68.43,59.27
20.83,20.83,67.14,66.69,53.21
24.38,24.38,74.53,65.84,52.36
27.95,27.95,70.66,65.43,54.30
29.10,29.10,67.53,66.94,55.48
27.04,27.04,69.11,67.25,55.77
22.03,22.03,66.36,64.78,57.54
20.04,20.04,62.67,66.82,56.44
22.43,22.43,58.81,62.38,59.51
22.94,22.94,57.31,58.82,58.56
23.16,23.16,52.75,58.33,59.59
29.15,29.15,47.38,53.60,62.45
30.65,30.65,40.06,54.59,59.97
28.05,28.05,40.85,55.75,58.09
23.50,23.50,45.90,59.18,58.74
20.43,20.43,52.90,66.14,58.93
21.45,21.45,53.35,70.40,57.70
27.72,27.72,50.75,66.18,58.38
30.54,30.54,48.42,68.40,58.09
26.47,26.47,44.92,71.66,58.08
23.22,23.22,43.13,66.80,57.86
21.38,21.38,47.94,68.74,60.16
16.34,16.34,54.37,69.69,59.91
16.46,16.46,60.35,67.01,58.95
22.91,22.91,57.67,69.00,59.63
25.43,25.43,51.55,68.35,58.84
28.45,28.45,45.46,65.95,59.62
28.91,28.91,39.43,70.78,58.85
27.68,27.68,44.61,68.29,57.80
20.91,20.91,51.96,66.14,58.16
20.57,20.57,64.46,71.05,57.69
15.11,15.11,68.07,63.86,52.26
18.39,18.39,72.11,67.25,53.08
22.46,22.46,64.56,61.70,56.47
25.57,25.57,74.02,62.71,56.62
27.19,27.19,65.70,63.29,55.06
26.20,26.20,62.25,71.08,54.04
25.33,25.33,60.74,64.09,56.03
22.90,22.90,52.18,65.43,54.41
21.92,21.92,52.31,70.33,56.02
26.54,26.54,54.53,69.24,48.60
28.63,28.63,52.11,67.28,53.08
31.69,31.69,51.12,64.59,54.25
31.79,31.79,45.48,49.58,53.50
27.82,27.82,40.47,52.24,53.99
21.35,21.35,49.59,57.72,56.70
24.19,24.19,59.79,65.25,61.17
23.69,23.69,59.77,60.71,66.10
23.56,23.56,55.63,65.04,59.85
27.62,27.62,52.02,66.64,62.21
32.21,32.21,45.08,64.29,64.95
32.00,32.00,41.58,65.83,65.50
28.61,28.61,41.85,67.27,64.30
21.18,21.18,48.89,63.80,63.02
15.88,15.88,58.52,65.89,61.86
14.71,14.71,58.30,62.45,62.49
19.13,19.13,51.76,66.42,64.15
22.76,22.76,44.88,61.83,64.78
25.75,25.75,40.36,68.64,64.63
24.64,24.64,44.51,62.33,60.89
19.56,19.56,52.56,65.64,61.47
14.24,14.24,60.41,56.01,57.68
16.99,16.99,68.31,59.27,59.57
16.47,16.47,66.49,65.47,57.66
13.98,13.98,72.22,69.78,59.10
16.06,16.06,71.65,68.44,59.15
19.82,19.82,70.15,69.79,61.45
20.63,20.63,65.12,71.33,60.61
21.26,21.26,53.99,71.02,61.66
20.32,20.32,56.77,71.14,62.78
25.31,25.31,56.06,71.09,62.08
23.60,23.60,56.22,71.22,61.58
22.34,22.34,50.38,71.01,60.79
21.71,21.71,44.43,69.92,60.98
20.46,20.46,40.79,70.50,61.04
20.86,20.86,42.22,69.53,60.19
20.51,20.51,43.13,69.29,60.70
19.92,19.92,50.74,67.41,62.04
18.37,18.37,52.90,62.29,62.02
20.69,20.69,51.87,58.60,63.26
23.71,23.71,46.68,66.04,63.13
24.19,24.19,40.43,69.20,60.03
22.98,22.98,37.40,70.09,61.38
21.15,21.15,40.71,67.97,61.23
18.78,18.78,46.38,68.23,60.49
21.21,21.21,55.34,68.00,60.73
21.60,21.60,54.20,69.49,60.04
23.85,23.85,51.93,69.18,60.65
25.88,25.88,48.18,67.18,60.81
27.58,27.58,47.23,65.62,60.73
26.97,26.97,46.37,64.95,59.86
19.42,19.42,54.56,64.07,60.34
25.14,25.14,63.70,65.13,60.51
25.15,25.15,68.99,67.83,61.67
27.11,27.11,66.00,67.01,61.70
26.43,26.43,70.08,66.64,58.85
25.54,25.54,70.28,64.39,60.53
23.55,23.55,68.15,62.61,61.33
22.30,22.30,67.47,64.46,61.07
20.10,20.10,67.52,67.73,62.06
20.59,20.59,64.61,60.51,62.22
23.53,23.53,60.35,67.50,62.00
27.38,27.38,54.39,64.52,62.34
27.46,27.46,42.91,67.31,62.08
28.68,28.68,43.50,65.43,61.56
27.16,27.16,39.34,67.74,61.24
24.91,24.91,33.99,66.59,61.58
19.93,19.93,38.51,66.65,58.40
25.28,25.28,55.86,67.27,57.79
19.77,19.77,60.96,65.06,61.56
18.76,18.76,57.59,69.83,60.69
23.02,23.02,51.69,63.93,57.62
22.27,22.27,40.66,68.93,58.60
21.41,21.41,32.98,60.20,59.27
19.72,19.72,33.69,69.09,58.69
18.31,18.31,41.32,62.52,60.01
20.22,20.22,48.53,67.05,62.83
25.48,25.48,57.08,65.64,61.38
25.62,25.62,49.48,66.02,62.47
28.79,28.79,47.08,67.42,60.83
24.24,24.24,40.46,61.57,60.45
20.37,20.37,42.49,67.92,63.39
14.91,14.91,48.57,62.06,61.51
8.82,8.82,60.76,68.90,63.72
8.96,8.96,71.47,63.80,56.18
7.79,7.79,69.40,64.26,57.21
12.65,12.65,70.18,61.74,55.73
15.31,15.31,70.32,63.59,57.66
22.28,22.28,69.06,63.60,57.63
23.95,23.95,66.42,61.93,58.30
24.07,24.07,64.27,68.60,59.16
20.16,20.16,64.20,64.13,56.99
23.48,23.48,61.30,65.75,60.79
23.06,23.06,58.34,67.60,61.34
27.25,27.25,52.95,67.17,61.63
25.98,25.98,47.31,65.18,59.28
22.66,22.66,44.60,65.18,61.17
20.10,20.10,39.12,60.17,60.52
19.59,19.59,41.97,56.20,62.56
22.15,22.15,51.20,61.64,63.06
18.07,18.07,57.99,65.30,63.48
15.13,15.13,55.25,71.48,61.10
17.29,17.29,51.55,68.57,60.64
19.39,19.39,45.49,64.69,60.91
23.54,23.54,40.48,70.65,58.77
21.96,21.96,38.38,67.94,60.75
16.98,16.98,41.03,68.40,60.07
16.15,16.15,46.29,71.74,57.86
17.74,17.74,56.21,64.40,57.74
22.37,22.37,51.81,66.64,59.57
23.84,23.84,45.38,71.41,59.30
20.25,20.25,35.52,66.06,58.96
20.90,20.90,35.19,67.15,60.22
16.08,16.08,41.18,69.93,58.34
14.51,14.51,49.31,67.02,55.84
15.35,15.35,72.11,69.17,58.67
14.38,14.38,70.87,68.61,59.39
18.16,18.16,66.71,63.60,62.95
20.10,20.10,72.11,69.17,58.59
21.31,21.31,66.62,65.46,59.07
22.50,22.50,62.61,64.68,62.67
20.29,20.29,62.33,70.43,61.61
19.31,19.31,61.41,66.00,63.59
22.63,22.63,58.05,66.65,65.61
27.68,27.68,57.79,70.81,64.60
27.00,27.00,50.30,67.72,62.98
30.67,30.67,45.32,68.06,66.95
27.16,27.16,42.83,61.43,64.64
24.42,24.42,39.19,56.60,64.08
21.49,21.49,36.20,52.24,61.73
16.02,16.02,45.38,63.54,60.75
17.29,17.29,58.72,69.06,62.26
15.96,15.96,56.89,66.76,62.43
16.60,16.60,55.95,71.54,62.37
18.65,18.65,55.97,65.32,62.74
22.04,22.04,55.80,70.22,64.57
21.86,21.86,53.51,64.77,61.28
20.76,20.76,54.01,69.91,65.56
14.73,14.73,54.94,63.72,61.66
15.28,15.28,59.73,69.45,60.51
16.65,16.65,59.21,68.32,61.38
19.39,19.39,51.67,67.48,59.91
19.41,19.41,41.95,70.55,60.18
16.63,16.63,39.96,67.28,58.25
14.93,14.93,42.86,70.38,60.07
11.28,11.28,51.51,65.43,59.89
9.46,9.46,71.14,68.98,60.57
4.86,4.86,71.74,67.41,58.46
7.75,7.75,68.85,66.87,57.03
11.92,11.92,72.50,61.06,57.81
15.45,15.45,60.11,66.50,58.24
16.45,16.45,61.28,63.50,57.33
17.41,17.41,66.17,67.11,58.01
17.36,17.36,61.89,67.22,58.43
21.23,21.23,57.17,66.49,56.78
26.79,26.79,54.15,68.25,60.58
24.54,24.54,52.14,65.81,60.00
21.29,21.29,50.10,69.94,61.46
20.64,20.64,45.50,64.47,61.15
21.76,21.76,35.30,69.98,61.68
20.80,20.80,35.67,62.38,55.67
19.99,19.99,42.33,69.35,56.63
23.51,23.51,58.13,63.79,62.25
18.59,18.59,58.90,69.44,61.61
21.33,21.33,52.59,69.24,62.27
22.37,22.37,45.62,68.35,61.91
20.67,20.67,37.83,71.60,64.01
17.77,17.77,40.71,67.47,65.63
13.20,13.20,51.56,72.01,63.26
8.11,8.11,56.49,67.84,61.99
13.63,13.63,59.90,71.56,61.31
18.76,18.76,54.84,68.21,63.37
24.53,24.53,49.61,70.41,63.62
25.40,25.40,42.74,68.53,65.72
25.03,25.03,38.77,70.49,64.19
21.26,21.26,45.03,70.33,64.12
15.05,15.05,57.01,68.72,61.81
18.15,18.15,68.17,68.45,59.02
17.64,17.64,69.64,65.58,56.11
18.42,18.42,67.26,58.86,55.21
18.49,18.49,72.24,63.68,52.82
22.20,22.20,68.53,67.32,52.17
26.84,26.84,66.25,64.12,55.66
26.08,26.08,66.73,61.27,54.55
25.13,25.13,64.20,64.02,53.80
25.55,25.55,62.53,64.41,51.15
29.72,29.72,58.16,63.65,55.92
33.36,33.36,48.71,61.53,55.83
31.69,31.69,43.37,65.57,55.98
30.66,30.66,44.46,66.03,55.47
28.67,28.67,32.40,69.02,55.67
25.96,25.96,32.78,63.46,56.37
21.33,21.33,39.98,68.05,57.67
22.34,22.34,47.59,66.57,57.57
20.18,20.18,56.43,69.49,55.42
22.01,22.01,56.25,65.09,55.37
27.02,27.02,52.66,68.00,57.32
30.26,30.26,41.52,63.01,58.45
32.40,32.40,33.67,66.09,59.35
30.24,30.24,33.48,65.38,60.05
26.40,26.40,41.57,64.67,59.35
24.84,24.84,51.75,68.73,62.12
27.03,27.03,57.82,67.76,65.21
30.47,30.47,50.40,69.09,60.79
33.21,33.21,46.37,64.08,62.53
33.29,33.29,43.36,70.30,60.92
29.74,29.74,43.11,67.25,60.70
25.51,25.51,50.54,67.21,58.80
22.44,22.44,64.95,67.23,57.15
16.89,16.89,73.97,68.35,58.87
20.34,20.34,73.18,61.31,59.34
23.70,23.70,70.02,65.04,59.60
25.75,25.75,72.82,69.01,58.42
23.32,23.32,63.99,64.28,60.34
22.29,22.29,63.73,65.67,59.40
18.38,18.38,60.75,65.36,60.52
17.45,17.45,59.24,68.86,60.34
24.40,24.40,58.60,66.57,60.49
25.96,25.96,55.92,67.21,58.45
27.15,27.15,48.68,65.97,58.22
22.81,22.81,44.55,51.64,58.29
21.55,21.55,38.33,55.01,57.32
21.02,21.02,37.97,57.81,55.17
20.97,20.97,40.47,56.27,56.17
24.29,24.29,52.95,66.83,58.18
20.36,20.36,61.41,70.25,56.99
20.50,20.50,62.21,67.85,54.35
19.96,19.96,59.25,68.16,53.21
22.03,22.03,53.30,72.60,57.71
23.76,23.76,46.21,70.61,53.91
22.05,22.05,41.67,69.08,53.90
17.56,17.56,40.70,71.71,53.36
16.51,16.51,47.06,66.18,50.77
20.21,20.21,56.83,72.00,55.01
24.66,24.66,50.06,71.92,55.04
29.20,29.20,44.00,67.02,52.57
28.67,28.67,36.18,71.87,51.38
27.00,27.00,39.56,70.49,51.33
19.71,19.71,49.79,66.49,49.52
14.09,14.09,59.91,72.32,52.03
18.49,18.49,73.62,65.43,56.12
20.37,20.37,73.26,68.37,57.55
22.23,22.23,71.69,68.68,56.60
22.57,22.57,71.64,64.78,59.73
23.87,23.87,68.37,67.17,60.61
21.67,21.67,61.55,65.99,59.60
21.41,21.41,59.60,67.53,60.27
23.37,23.37,56.19,66.58,62.26
27.25,27.25,57.06,61.44,61.23
27.49,27.49,57.83,61.15,62.35
28.25,28.25,55.06,55.73,63.53
29.08,29.08,47.47,51.83,62.85
29.72,29.72,39.09,49.13,62.56
28.19,28.19,42.56,49.56,60.76
21.26,21.26,38.41,50.53,55.75
19.42,19.42,47.13,66.44,53.65
18.61,18.61,59.37,69.55,61.79
19.84,19.84,57.59,66.88,56.79
24.07,24.07,52.79,71.30,53.94
26.08,26.08,45.95,67.30,52.03
27.41,27.41,40.70,71.49,54.89
26.96,26.96,40.81,65.32,53.00
19.24,19.24,41.62,70.98,52.95
14.76,14.76,53.68,65.31,51.74
11.04,11.04,64.06,68.23,57.97
14.99,14.99,61.40,68.26,54.20
21.16,21.16,55.68,68.92,54.25
25.52,25.52,52.40,66.44,54.61
25.91,25.91,50.16,67.40,52.71
16.84,16.84,46.46,67.57,48.99
6.93,6.93,54.81,66.78,49.78
12.02,12.02,73.00,65.54,55.44
12.88,12.88,72.64,65.30,55.26
16.45,16.45,71.65,64.84,58.34
18.10,18.10,71.79,66.14,56.35
18.18,18.18,67.71,64.84,58.85
18.83,18.83,63.91,63.93,58.64
19.72,19.72,62.81,66.33,60.39
18.96,18.96,60.68,66.81,59.92
21.46,21.46,59.50,64.54,60.38
23.40,23.40,56.97,66.34,59.87
22.18,22.18,49.97,65.80,61.18
23.48,23.48,45.33,67.68,60.86
23.81,23.81,43.57,64.34,59.27
25.28,25.28,43.02,67.18,60.62
24.43,24.43,43.80,62.57,59.70
22.04,22.04,48.90,61.45,57.97
23.98,23.98,57.36,67.71,59.83
23.50,23.50,53.61,69.46,61.81
25.36,25.36,50.60,64.25,61.69
27.76,27.76,46.47,70.71,58.44
26.65,26.65,40.27,68.31,60.06
23.12,23.12,40.38,66.37,56.88
22.09,22.09,43.77,71.44,56.07
19.93,19.93,47.48,66.92,56.79
21.94,21.94,57.30,66.01,58.22
23.93,23.93,53.46,72.19,56.97
25.76,25.76,48.02,66.27,54.66
24.02,24.02,42.62,66.52,55.75
23.41,23.41,39.02,72.24,55.31
20.42,20.42,45.29,67.73,56.06
16.94,16.94,50.22,65.71,52.59
19.29,19.29,71.20,69.94,57.32
17.31,17.31,69.02,65.11,54.69
17.66,17.66,64.85,63.13,53.75
20.36,20.36,73.16,66.72,56.54
22.33,22.33,63.08,62.72,56.01
26.87,26.87,55.93,66.62,58.30
28.79,28.79,58.41,66.14,61.05
29.75,29.75,54.87,61.43,61.89
30.38,30.38,53.00,64.57,61.44
32.75,32.75,55.36,62.55,62.47
31.56,31.56,54.67,66.87,62.39
31.36,31.36,52.70,64.05,61.37
30.86,30.86,44.52,69.67,61.18
29.66,29.66,35.04,63.96,59.76
26.04,26.04,36.46,65.27,55.79
21.80,21.80,43.83,67.65,53.39
18.31,18.31,52.77,65.60,57.59
17.30,17.30,53.03,68.53,60.58
24.17,24.17,53.19,66.70,57.59
24.45,24.45,46.77,68.45,60.75
23.83,23.83,39.58,63.03,59.38
20.08,20.08,35.05,66.58,61.72
18.85,18.85,41.72,61.24,58.95
18.62,18.62,49.31,66.15,59.65
23.42,23.42,55.67,63.52,58.93
25.33,25.33,56.09,66.19,60.05
28.86,28.86,51.93,67.85,60.49
33.59,33.59,46.69,66.48,62.03
34.53,34.53,43.75,67.90,61.10
33.33,33.33,44.45,64.79,57.68
17.55,17.55,52.22,65.05,57.00
11.12,11.12,68.04,63.70,57.86
9.45,9.45,72.95,67.06,55.90
13.24,13.24,74.01,67.97,52.82
15.92,15.92,74.64,64.76,49.27
17.75,17.75,65.03,59.87,53.07
19.99,19.99,65.56,63.07,50.88
18.62,18.62,64.70,63.19,52.45
15.42,15.42,59.33,63.74,51.35
18.03,18.03,62.44,62.15,53.03
23.21,23.21,63.25,67.60,56.10
16.94,16.94,62.06,67.35,58.62
18.67,18.67,56.05,64.13,58.45
18.49,18.49,45.42,68.89,59.47
22.57,22.57,44.38,62.83,59.89
22.51,22.51,40.00,53.70,56.12
23.61,23.61,42.21,52.30,54.37
24.27,24.27,58.31,69.00,56.77
16.73,16.73,62.51,69.70,56.53
19.71,19.71,62.34,63.57,58.68
24.16,24.16,60.50,71.37,54.63
28.62,28.62,54.18,71.19,56.87
29.22,29.22,50.18,65.31,56.00
25.71,25.71,50.68,71.54,55.82
21.78,21.78,51.25,64.38,55.07
18.85,18.85,54.77,69.23,55.25
21.17,21.17,58.16,71.80,54.11
25.27,25.27,48.64,64.66,52.66
26.99,26.99,40.43,70.01,52.97
28.98,28.98,36.37,71.19,53.18
25.81,25.81,41.74,65.08,49.70
17.67,17.67,51.89,69.83,49.65
19.76,19.76,66.34,67.08,49.86
24.24,24.24,71.88,66.14,51.69
32.21,32.21,72.01,67.15,56.44
39.16,39.16,68.70,64.99,54.26
40.65,40.65,69.01,56.98,55.56
32.52,32.52,61.75,63.70,55.44
30.36,30.36,52.87,64.17,54.36
29.99,29.99,63.27,65.90,55.58
31.64,31.64,65.65,66.59,56.47
31.60,31.60,63.12,67.02,58.79
34.93,34.93,61.68,62.17,54.58
37.10,37.10,60.01,68.78,51.60
38.26,38.26,54.57,59.47,50.00
35.88,35.88,47.36,52.03,52.23
31.10,31.10,38.35,55.76,54.42
21.79,21.79,40.56,53.79,50.47
19.95,19.95,53.51,67.07,53.40
17.33,17.33,59.50,69.68,54.17
17.87,17.87,57.17,67.19,51.75
23.03,23.03,51.59,71.04,55.85
27.09,27.09,43.83,68.26,56.35
26.35,26.35,40.73,69.93,55.41
27.55,27.55,40.65,68.74,54.63
23.78,23.78,44.03,70.23,54.28
14.86,14.86,48.79,68.82,53.22
15.92,15.92,60.14,68.94,54.94
17.97,17.97,53.96,71.29,55.84
26.10,26.10,47.15,69.61,51.68
30.19,30.19,38.70,72.71,46.97
31.63,31.63,39.14,70.48,46.63
26.31,26.31,50.29,70.58,47.43
17.45,17.45,58.60,66.74,45.09
12.90,12.90,75.06,65.64,47.18
15.41,15.41,71.08,64.68,45.57
21.35,21.35,67.84,67.76,46.19
27.57,27.57,70.49,67.77,46.14
30.13,30.13,69.85,67.08,48.15
30.99,30.99,62.97,67.90,48.77
28.17,28.17,64.24,68.20,46.12
22.98,22.98,63.82,67.39,45.04
23.98,23.98,62.49,68.15,48.17
24.03,24.03,56.23,69.36,52.81
24.31,24.31,48.10,66.93,47.99
28.92,28.92,44.77,70.77,46.70
31.06,31.06,48.20,68.25,44.86
25.84,25.84,38.62,62.56,45.42
21.81,21.81,39.83,56.91,49.59
23.41,23.41,47.45,62.87,54.20
21.74,21.74,59.61,64.69,57.19
20.77,20.77,58.71,65.31,57.35
21.75,21.75,53.25,65.59,57.88
22.08,22.08,46.30,71.55,60.92
21.50,21.50,45.88,69.15,60.25
18.35,18.35,46.46,63.09,58.18
15.55,15.55,51.41,72.40,60.91
21.07,21.07,57.01,71.29,60.15
23.00,23.00,57.63,64.96,57.65
26.75,26.75,54.22,69.90,61.45
28.23,28.23,49.96,72.30,62.32
29.79,29.79,42.84,65.11,60.62
28.74,28.74,52.68,67.88,62.08
22.75,22.75,57.45,66.72,56.60
19.03,19.03,57.67,60.82,52.04
22.55,22.55,72.47,65.76,54.31
24.06,24.06,72.17,69.10,53.77
28.02,28.02,69.46,67.41,52.21
31.77,31.77,71.80,64.96,52.96
33.59,33.59,66.30,66.26,54.85
37.08,37.08,61.56,67.10,54.42
35.99,35.99,58.38,62.38,56.84
36.59,36.59,44.09,67.60,55.92
36.68,36.68,46.74,67.56,55.42
37.66,37.66,53.46,70.10,53.30
39.84,39.84,54.90,67.62,55.61
41.19,41.19,48.85,66.30,52.34
43.00,43.00,34.81,68.49,53.12
44.28,44.28,34.01,69.13,52.14
39.24,39.24,37.93,68.86,52.92
24.94,24.94,45.06,67.83,53.71
21.71,21.71,57.57,69.46,58.43
20.95,20.95,59.45,67.60,56.36
28.77,28.77,54.63,70.39,54.16
30.13,30.13,45.40,67.28,54.27
29.16,29.16,34.95,69.45,54.07
30.25,30.25,32.56,67.97,52.35
26.32,26.32,35.79,71.22,51.01
20.42,20.42,45.01,68.01,51.49
22.95,22.95,57.65,67.87,57.58
25.08,25.08,50.03,67.14,53.03
26.35,26.35,48.11,68.16,53.49
30.38,30.38,42.30,66.43,52.80
30.33,30.33,42.98,65.33,54.99
26.03,26.03,46.26,69.51,53.61
18.82,18.82,55.70,65.95,50.17
15.47,15.47,72.24,67.64,50.30
15.55,15.55,74.72,68.56,49.44
21.36,21.36,65.03,67.35,47.07
23.19,23.19,69.09,67.43,48.31
29.73,29.73,66.34,63.38,49.31
32.33,32.33,57.52,67.36,46.04
33.12,33.12,53.26,65.44,46.30
29.07,29.07,49.23,67.51,44.98
24.97,24.97,54.90,67.09,47.55
24.97,24.97,56.82,68.56,54.29
23.90,23.90,55.52,67.77,55.10
32.84,32.84,51.34,66.44,55.51
33.64,33.64,44.24,52.57,52.77
35.90,35.90,37.33,60.33,52.15
28.37,28.37,38.78,57.84,51.08
23.89,23.89,46.11,62.36,51.37
21.51,21.51,57.55,71.14,52.81
17.92,17.92,59.59,68.93,52.86
21.33,21.33,58.99,72.48,52.93
24.86,24.86,57.21,73.36,52.10
29.38,29.38,52.28,66.68,55.27
28.49,28.49,49.16,72.21,53.45
29.29,29.29,49.22,70.78,54.76
23.70,23.70,49.59,71.71,51.88
21.96,21.96,55.26,71.68,51.99
26.09,26.09,55.26,69.97,53.95
28.17,28.17,49.81,70.73,54.39
28.71,28.71,40.04,73.33,52.28
27.36,27.36,34.35,69.58,48.16
21.53,21.53,42.34,68.21,47.62
15.73,15.73,46.53,72.84,47.93
13.66,13.66,68.29,67.77,53.11
16.05,16.05,71.55,69.80,53.41
20.98,20.98,66.20,69.23,57.71
21.39,21.39,67.68,68.53,56.32
25.20,25.20,64.94,67.13,58.53
26.73,26.73,56.43,70.11,57.02
23.40,23.40,54.91,66.03,57.95
22.46,22.46,63.32,68.68,58.19
23.74,23.74,64.21,69.47,59.28
25.43,25.43,61.94,67.80,58.78
28.50,28.50,56.55,67.46,60.71
27.95,27.95,53.38,69.04,60.10
29.99,29.99,45.57,70.06,63.09
27.90,27.90,40.88,67.47,61.22
21.51,21.51,40.27,69.47,57.91
18.16,18.16,45.51,63.75,54.54
21.18,21.18,57.59,67.90,57.06
19.16,19.16,58.70,71.21,57.07
24.37,24.37,55.88,68.78,57.29
25.29,25.29,51.31,70.80,57.23
28.05,28.05,42.15,65.74,53.41
28.29,28.29,39.02,71.22,55.40
22.91,22.91,41.23,65.24,54.67
18.91,18.91,42.67,70.61,51.37
13.62,13.62,55.20,65.99,54.76
12.11,12.11,56.66,70.02,58.42
20.25,20.25,51.36,68.53,58.51
30.51,30.51,44.46,68.88,57.72
26.41,26.41,43.79,65.14,56.83
23.76,23.76,43.30,65.07,55.03
18.86,18.86,48.98,69.10,54.01
15.31,15.31,64.49,64.73,57.71
9.01,9.01,69.91,64.04,60.62
12.15,12.15,69.38,67.50,59.32
16.31,16.31,70.96,64.87,58.69
20.84,20.84,72.43,61.40,60.26
21.50,21.50,64.18,62.47,61.82
19.41,19.41,62.98,68.37,61.84
21.07,21.07,62.60,68.58,63.35
22.12,22.12,62.76,66.52,61.25
26.12,26.12,61.19,67.74,63.71
25.46,25.46,59.23,69.72,61.85
23.99,23.99,48.25,69.04,62.26
24.28,24.28,51.42,68.22,60.67
24.28,24.28,47.30,70.52,61.36
22.77,22.77,40.88,70.80,60.95
20.81,20.81,40.16,70.11,58.60
21.49,21.49,48.37,66.12,60.83
19.82,19.82,52.02,59.21,63.64
22.02,22.02,49.34,56.58,64.95
23.70,23.70,44.23,56.26,67.12
23.84,23.84,36.68,60.34,62.45
22.51,22.51,33.47,62.64,61.54
21.69,21.69,36.14,64.72,61.69
20.51,20.51,44.68,64.10,62.02
18.20,18.20,53.97,64.86,62.10
17.45,17.45,56.36,66.99,64.32
21.40,21.40,52.50,61.65,65.14
24.80,24.80,47.16,62.67,62.92
27.10,27.10,44.47,61.99,63.71
24.98,24.98,47.71,62.67,64.23
18.35,18.35,54.33,60.23,63.01
19.70,19.70,65.50,56.20,60.73
18.03,18.03,69.91,67.23,62.93
16.26,16.26,65.30,67.63,60.13
17.77,17.77,68.03,70.21,60.72
19.22,19.22,68.67,70.51,61.21
23.91,23.91,65.55,67.18,59.24
21.58,21.58,64.60,67.17,61.99
20.52,20.52,65.43,66.28,60.92
22.92,22.92,64.81,68.80,59.89
26.18,26.18,63.40,65.16,64.11
29.48,29.48,59.73,68.60,63.44
29.80,29.80,49.02,61.69,62.75
31.00,31.00,40.86,68.94,58.80
30.36,30.36,45.10,65.31,59.70
27.42,27.42,39.46,67.29,58.45
20.64,20.64,45.90,66.99,56.91
22.15,22.15,60.26,68.82,59.68
14.03,14.03,64.99,66.54,62.92
16.01,16.01,58.42,67.32,65.22
21.59,21.59,53.76,67.66,64.97
22.65,22.65,45.37,67.34,64.06
22.98,22.98,40.54,68.59,64.27
23.14,23.14,38.57,63.68,62.17
19.74,19.74,43.24,69.11,62.25
21.03,21.03,48.38,62.93,63.19
25.71,25.71,63.21,69.56,63.03
24.27,24.27,61.29,63.96,60.80
23.95,23.95,61.71,67.69,63.27
25.18,25.18,56.39,69.97,60.55
23.46,23.46,52.95,66.57,60.67
15.95,15.95,54.60,65.81,58.40
7.70,7.70,61.35,63.86,56.28
13.15,13.15,72.72,67.18,56.60
14.79,14.79,66.85,64.94,58.87
17.47,17.47,71.97,67.88,57.01
23.70,23.70,68.64,66.90,59.98
27.02,27.02,67.19,64.55,61.05
30.20,30.20,62.15,62.03,61.44
29.53,29.53,64.98,67.26,59.09
25.19,25.19,64.36,65.07,59.89
24.78,24.78,62.78,63.15,59.93
22.58,22.58,61.99,64.96,61.30
23.41,23.41,56.71,61.76,60.40
23.32,23.32,48.40,59.42,58.55
24.48,24.48,44.53,58.76,56.95
24.49,24.49,42.76,53.36,59.68
21.52,21.52,43.71,53.71,59.10
22.88,22.88,52.64,61.26,58.50
13.50,13.50,61.12,67.86,59.90
11.42,11.42,62.65,70.15,61.33
14.70,14.70,62.00,67.24,60.71
17.11,17.11,56.94,71.13,59.49
20.04,20.04,51.63,70.55,60.58
20.76,20.76,48.79,66.92,58.92
18.41,18.41,47.64,70.19,59.53
15.30,15.30,48.46,70.47,58.53
15.30,15.30,58.52,64.46,61.20
18.09,18.09,56.14,69.25,60.35
20.84,20.84,49.98,66.37,59.68
24.24,24.24,45.96,66.54,62.45
24.39,24.39,43.62,69.50,61.77
22.16,22.16,52.12,63.65,59.54
17.69,17.69,61.17,64.52,57.02
17.49,17.49,68.58,71.10,56.55
20.65,20.65,65.73,68.45,56.52
22.17,22.17,69.18,68.74,58.26
24.51,24.51,63.37,59.30,61.53
25.58,25.58,57.57,60.61,61.58
28.96,28.96,60.89,67.37,59.48
29.08,29.08,67.48,69.13,56.67
28.27,28.27,66.99,66.47,58.53
25.62,25.62,62.63,63.40,59.31
26.95,26.95,61.55,65.85,59.36
28.00,28.00,57.48,56.58,59.90
32.81,32.81,51.98,55.72,60.14
32.09,32.09,48.72,47.51,58.85
32.20,32.20,46.04,46.97,55.81
27.95,27.95,41.58,48.11,55.78
26.34,26.34,45.13,57.61,54.18
26.10,26.10,58.95,67.15,57.02
22.72,22.72,58.10,70.23,53.92
22.85,22.85,55.56,67.49,50.76
27.54,27.54,51.39,69.75,50.90
28.23,28.23,47.69,67.75,50.35
29.07,29.07,45.69,66.41,48.82
27.47,27.47,45.44,69.40,46.04
23.95,23.95,49.90,66.08,49.79
19.28,19.28,60.32,68.82,57.44
20.11,20.11,59.61,64.49,54.73
24.52,24.52,55.39,70.50,53.00
28.68,28.68,50.68,62.74,57.77
30.37,30.37,47.57,70.19,53.83
28.68,28.68,48.82,64.49,51.46
20.68,20.68,56.12,69.92,49.11
11.59,11.59,72.83,65.22,52.88
11.48,11.48,68.29,66.16,50.98
16.82,16.82,69.13,66.59,52.54
23.47,23.47,72.03,66.81,53.15
29.01,29.01,68.78,66.37,56.13
32.84,32.84,63.43,62.33,57.37
32.12,32.12,65.64,67.40,56.76
26.66,26.66,65.03,59.77,55.56
23.60,23.60,65.33,69.77,53.99
27.23,27.23,60.53,65.11,57.18
23.75,23.75,52.21,68.26,59.06
27.43,27.43,43.59,67.14,58.87
29.40,29.40,49.62,65.90,60.23
32.90,32.90,45.22,62.89,56.85
30.76,30.76,39.28,66.44,55.47
27.78,27.78,42.00,61.53,52.48
27.80,27.80,57.02,66.93,52.11
22.80,22.80,60.54,71.82,56.51
26.04,26.04,54.68,67.16,57.32
33.18,33.18,47.90,68.92,55.95
37.09,37.09,39.03,70.21,56.09
35.63,35.63,35.25,69.07,57.89
30.31,30.31,44.11,69.15,57.66
25.30,25.30,50.62,70.38,54.36
20.33,20.33,60.97,69.78,57.00
20.47,20.47,57.00,69.95,54.41
29.63,29.63,50.97,69.12,54.67
34.43,34.43,44.43,69.13,52.93
35.72,35.72,39.69,70.18,51.07
29.25,29.25,43.46,69.15,47.99
20.35,20.35,56.56,66.89,47.32
19.07,19.07,69.54,65.15,49.93
11.97,11.97,68.21,68.77,47.40
17.17,17.17,67.29,67.63,50.39
24.43,24.43,71.30,67.18,49.18
30.90,30.90,68.15,63.67,49.56
33.33,33.33,64.08,67.45,51.85
33.50,33.50,63.19,66.70,48.07
30.03,30.03,64.55,69.41,52.13
29.77,29.77,61.88,67.82,55.15
29.55,29.55,61.57,66.40,60.73
31.01,31.01,56.73,66.09,60.84
34.78,34.78,54.16,68.03,62.02
36.64,36.64,48.16,67.01,59.94
39.34,39.34,45.38,68.94,58.36
36.28,36.28,40.35,69.34,54.63
29.73,29.73,40.69,67.62,54.15
23.51,23.51,54.39,68.26,57.36
18.77,18.77,61.51,69.68,60.42
20.04,20.04,58.28,68.88,60.39
27.16,27.16,54.80,66.58,61.28
31.26,31.26,49.07,67.41,58.75
33.42,33.42,47.51,67.76,55.83
31.80,31.80,47.59,67.18,54.97
26.94,26.94,48.80,66.65,56.57
20.43,20.43,62.07,69.99,58.77
16.24,16.24,61.87,66.15,59.77
20.37,20.37,55.69,66.12,59.15
23.57,23.57,54.66,68.10,59.89
25.21,25.21,48.72,70.16,57.43
25.45,25.45,48.92,68.47,57.07
21.38,21.38,52.26,69.05,52.98
14.65,14.65,64.24,67.73,53.66
12.71,12.71,71.09,67.74,51.25
17.96,17.96,65.18,67.00,50.20
18.94,18.94,71.83,63.25,49.88
24.69,24.69,70.25,66.82,49.57
28.34,28.34,62.13,67.41,52.73
32.31,32.31,62.29,66.15,51.37
34.42,34.42,65.04,68.61,49.21
27.09,27.09,64.87,69.22,48.23
22.72,22.72,64.25,66.37,51.33
23.52,23.52,61.21,61.47,51.49
27.85,27.85,55.93,67.52,50.44
36.95,36.95,48.65,60.21,51.53
37.01,37.01,45.68,66.78,55.48
34.95,34.95,40.64,57.43,52.61
28.84,28.84,43.43,57.99,50.75
27.00,27.00,55.68,64.95,52.10
16.81,16.81,59.48,66.21,53.17
15.86,15.86,59.71,70.58,53.73
20.71,20.71,59.16,63.77,54.37
25.87,25.87,55.11,68.47,56.07
30.99,30.99,50.38,72.56,57.16
32.30,32.30,50.65,66.94,56.16
26.65,26.65,51.55,66.39,55.97
19.56,19.56,53.79,70.45,55.25
22.23,22.23,57.64,66.31,55.89
27.38,27.38,53.83,68.00,55.97
32.48,32.48,46.33,71.08,57.98
33.49,33.49,37.65,64.77,55.85
29.03,29.03,40.65,68.30,54.86
20.87,20.87,49.95,69.20,49.01
12.95,12.95,60.34,65.47,47.32
16.62,16.62,72.22,68.69,47.64
19.61,19.61,66.34,65.89,48.75
20.16,20.16,70.28,66.55,46.45
23.10,23.10,67.51,62.62,48.93
22.87,22.87,63.81,65.86,48.93
21.55,21.55,57.03,62.50,50.36
21.98,21.98,67.52,68.90,52.88
23.17,23.17,68.92,63.92,52.06
27.02,27.02,64.98,58.34,57.36
29.90,29.90,64.77,54.14,55.94
32.55,32.55,57.88,46.16,54.94
35.50,35.50,51.65,45.77,57.07
37.90,37.90,48.65,43.30,56.87
36.44,36.44,40.75,43.89,55.14
31.66,31.66,40.74,47.03,52.29
30.56,30.56,47.44,64.47,49.37
30.89,30.89,59.28,72.39,51.55
30.49,30.49,57.74,68.46,51.73
31.54,31.54,53.41,70.86,53.90
33.79,33.79,47.59,67.68,53.04
34.60,34.60,43.12,70.71,54.08
34.17,34.17,41.29,65.63,53.07
30.30,30.30,44.23,71.16,52.94
25.18,25.18,50.17,64.93,49.65
17.20,17.20,58.12,69.15,53.87
18.52,18.52,53.31,66.90,50.54
25.15,25.15,48.67,68.12,50.62
27.87,27.87,46.97,66.98,50.68
29.61,29.61,48.96,67.74,49.94
23.41,23.41,52.63,67.22,49.61
18.67,18.67,59.49,66.27,46.44
12.98,12.98,73.54,63.83,54.78
12.28,12.28,67.11,65.93,58.07
16.35,16.35,69.15,61.09,57.48
14.73,14.73,70.87,65.31,59.15
17.24,17.24,67.42,63.47,60.08
18.64,18.64,65.55,62.31,60.75
21.09,21.09,66.78,69.34,60.79
19.31,19.31,65.13,66.02,59.25
22.64,22.64,63.99,65.26,61.77
24.83,24.83,59.50,67.01,60.54
23.11,23.11,50.56,62.73,61.90
22.92,22.92,48.02,62.71,61.69
23.62,23.62,46.83,57.87,61.43
23.00,23.00,40.70,57.48,61.59
22.11,22.11,41.98,55.58,59.74
20.54,20.54,46.06,61.30,57.27
20.15,20.15,52.53,67.81,57.97
20.14,20.14,52.98,71.89,61.55
22.44,22.44,50.10,66.82,60.51
24.81,24.81,44.53,69.15,61.85
25.48,25.48,38.74,68.59,61.35
24.99,24.99,36.77,69.72,62.56
24.58,24.58,40.99,71.33,61.09
21.58,21.58,47.77,69.30,60.15
21.93,21.93,58.75,68.39,60.97
20.69,20.69,53.84,68.08,60.11
25.52,25.52,51.97,70.44,62.78
29.53,29.53,48.81,66.83,62.09
32.04,32.04,45.35,66.09,62.79
27.83,27.83,49.53,68.10,60.33
17.77,17.77,61.71,65.04,57.47
19.68,19.68,71.04,70.09,57.41
19.56,19.56,65.75,68.12,57.67
22.77,22.77,64.98,67.43,57.14
24.25,24.25,70.10,70.95,55.78
27.74,27.74,65.71,62.66,58.20
28.85,28.85,55.21,65.68,56.24
28.34,28.34,60.98,64.62,55.92
30.42,30.42,62.69,65.93,55.96
32.21,32.21,63.76,65.44,57.99
31.84,31.84,61.99,68.16,60.82
33.34,33.34,56.63,68.14,60.31
34.04,34.04,46.27,68.39,59.81
33.52,33.52,38.32,65.26,56.53
32.27,32.27,39.57,68.58,55.26
27.70,27.70,38.71,67.73,52.29
26.73,26.73,49.53,70.25,49.41
22.87,22.87,62.93,65.60,60.06
17.62,17.62,59.94,67.59,62.02
21.78,21.78,56.56,70.32,61.54
27.05,27.05,47.11,66.71,59.11
29.05,29.05,39.02,68.54,56.08
31.94,31.94,35.42,67.34,54.38
29.83,29.83,39.78,70.51,53.70
23.76,23.76,46.50,65.98,53.06
23.67,23.67,61.75,66.53,61.40
24.01,24.01,57.95,68.01,60.95
27.48,27.48,51.83,69.30,61.89
28.31,28.31,44.49,67.41,60.74
30.14,30.14,41.51,66.56,60.79
27.83,27.83,46.69,68.46,58.85
20.29,20.29,54.57,66.15,57.31
18.69,18.69,69.72,65.99,60.03
13.72,13.72,68.52,65.80,57.89
19.09,19.09,63.67,68.09,58.07
23.65,23.65,71.96,70.51,61.38
29.46,29.46,66.71,64.37,64.64
34.39,34.39,55.05,65.92,64.23
35.15,35.15,55.28,61.91,64.49
30.85,30.85,61.27,67.33,62.80
27.74,27.74,62.47,64.63,61.52
28.86,28.86,62.79,68.19,61.63
28.31,28.31,57.98,67.99,58.82
32.38,32.38,53.80,61.72,58.59
29.80,29.80,45.40,50.08,56.99
29.19,29.19,37.89,52.60,59.91
26.49,26.49,37.66,53.79,52.69
24.22,24.22,49.43,54.90,57.68
18.73,18.73,57.55,68.41,57.16
10.56,10.56,54.97,65.16,55.89
10.92,10.92,55.23,70.71,59.38
15.15,15.15,50.37,70.36,59.11
22.27,22.27,46.63,64.61,61.52
25.47,25.47,44.09,72.50,56.91
25.42,25.42,45.88,67.58,52.98
22.78,22.78,47.31,69.11,53.38
18.28,18.28,56.47,70.93,56.18
15.32,15.32,58.41,66.27,58.11
21.09,21.09,54.55,71.84,59.22
24.38,24.38,46.18,70.43,59.86
29.93,29.93,42.71,66.91,57.63
24.77,24.77,43.63,70.60,53.90
20.58,20.58,52.84,67.05,54.04
18.53,18.53,66.46,66.68,54.15
17.43,17.43,67.65,72.34,55.99
18.39,18.39,66.59,67.67,54.46
19.42,19.42,68.98,64.41,57.18
25.18,25.18,59.15,63.21,58.02
26.96,26.96,58.62,63.31,57.63
25.82,25.82,62.45,66.02,55.41
25.78,25.78,66.63,67.18,55.35
22.26,22.26,64.20,66.24,55.22
22.10,22.10,61.63,61.19,60.03
22.30,22.30,58.81,54.28,58.22
27.27,27.27,54.78,50.43,60.67
28.93,28.93,47.54,58.28,61.13
33.65,33.65,44.16,52.14,56.53
30.00,30.00,40.61,54.74,51.80
26.37,26.37,41.92,57.70,51.36
29.53,29.53,55.80,68.75,50.52
24.65,24.65,61.08,66.17,51.37
26.01,26.01,59.92,68.09,49.85
30.61,30.61,60.62,69.53,52.91
35.48,35.48,57.86,65.50,51.85
35.67,35.67,54.91,69.69,50.38
36.11,36.11,53.50,67.31,48.80
27.97,27.97,50.41,68.83,50.14
18.13,18.13,52.08,66.01,55.96
16.30,16.30,62.19,69.84,56.19
14.25,14.25,52.01,68.53,52.42
19.98,19.98,49.95,65.87,52.72
17.76,17.76,42.55,69.97,58.50
18.60,18.60,42.55,68.07,52.79
10.11,10.11,47.99,70.06,44.84
10.23,10.23,61.71,67.95,47.99
16.10,16.10,70.51,68.09,51.89
17.14,17.14,63.67,66.37,51.52
19.13,19.13,69.54,65.60,48.68
24.68,24.68,69.84,66.66,53.44
27.85,27.85,64.69,65.95,54.49
31.99,31.99,59.83,63.34,56.68
30.39,30.39,63.12,64.34,55.37
25.78,25.78,64.12,65.85,56.46
26.98,26.98,62.43,68.10,59.00
28.08,28.08,57.55,69.84,60.04
28.05,28.05,50.99,64.20,61.40
27.82,27.82,39.54,59.60,61.05
30.31,30.31,36.28,62.55,62.11
30.95,30.95,39.52,59.41,59.03
30.03,30.03,37.99,58.28,59.21
34.35,34.35,51.15,60.61,54.25
26.02,26.02,56.83,68.03,59.42
22.63,22.63,53.31,69.95,56.54
28.20,28.20,48.66,69.80,53.76
33.32,33.32,42.48,70.34,57.28
35.06,35.06,37.50,66.78,59.42
33.10,33.10,41.50,70.88,57.76
27.67,27.67,50.48,67.99,57.56
17.87,17.87,55.84,71.02,56.55
20.12,20.12,58.46,69.86,55.83
27.25,27.25,54.31,69.74,58.75
30.13,30.13,48.02,69.45,57.91
33.43,33.43,41.21,69.29,57.98
31.32,31.32,42.71,70.38,56.18
22.54,22.54,53.06,61.96,54.01
17.85,17.85,62.27,59.75,52.17
20.52,20.52,70.82,69.82,55.42
16.72,16.72,66.30,65.96,52.15
19.33,19.33,70.84,69.36,50.04
24.38,24.38,70.68,63.63,50.10
26.89,26.89,64.51,67.39,50.48
25.89,25.89,56.92,70.12,51.74
25.06,25.06,62.03,64.86,50.30
29.85,29.85,63.59,67.95,51.58
31.46,31.46,62.56,67.57,61.82
34.08,34.08,61.34,69.23,64.21
34.59,34.59,54.98,68.84,64.25
34.66,34.66,39.97,64.20,63.33
32.51,32.51,38.13,68.84,61.05
30.15,30.15,37.89,68.33,59.80
26.16,26.16,36.66,69.85,56.13
24.79,24.79,49.51,65.83,54.45
29.24,29.24,60.30,67.76,60.21
18.74,18.74,63.83,66.30,61.78
26.54,26.54,60.56,68.10,60.06
32.02,32.02,54.68,64.90,59.30
31.37,31.37,47.52,69.62,59.53
29.98,29.98,46.24,64.67,61.14
28.68,28.68,48.00,67.21,56.68
23.95,23.95,57.42,65.50,58.24
15.83,15.83,66.12,66.52,59.52
13.97,13.97,60.85,64.26,59.20
19.26,19.26,58.26,64.77,58.81
24.31,24.31,55.05,66.96,57.73
26.46,26.46,51.66,66.20,57.30
23.33,23.33,50.96,66.40,55.59
17.52,17.52,55.10,67.69,54.17
12.81,12.81,71.98,69.43,54.63
12.67,12.67,64.18,68.64,54.68
12.10,12.10,68.11,66.37,52.55
15.20,15.20,72.22,68.28,52.61
22.77,22.77,64.54,68.49,50.22
24.66,24.66,54.36,69.88,50.51
24.36,24.36,58.48,66.24,51.63
18.15,18.15,61.81,69.92,48.61
18.00,18.00,64.35,65.92,49.61
20.19,20.19,64.31,65.46,54.85
23.14,23.14,61.12,60.32,51.18
26.91,26.91,53.72,53.33,53.39
25.47,25.47,44.27,51.49,56.30
26.11,26.11,41.63,52.89,52.50
23.38,23.38,34.47,55.35,52.73
24.79,24.79,42.88,59.59,56.23
25.43,25.43,57.59,68.02,52.43
16.06,16.06,57.56,68.46,53.67
14.59,14.59,54.35,72.30,54.05
15.05,15.05,49.97,71.67,56.81
17.34,17.34,48.16,70.44,54.44
21.91,21.91,45.28,72.68,54.14
20.12,20.12,45.06,69.11,55.12
15.40,15.40,49.67,68.85,55.05
16.92,16.92,56.05,72.75,57.60
22.62,22.62,54.16,70.09,58.50
28.22,28.22,48.91,70.85,58.61
31.99,31.99,41.48,71.15,57.99
31.14,31.14,38.78,68.93,59.85
26.57,26.57,46.22,70.86,57.82
16.36,16.36,56.46,69.83,56.01
15.68,15.68,69.19,67.88,53.07
14.04,14.04,66.26,70.65,53.73
15.69,15.69,68.65,65.58,55.39
21.65,21.65,70.06,68.82,57.21
24.58,24.58,59.06,67.09,57.67
27.26,27.26,59.00,68.89,58.24
25.60,25.60,64.90,66.72,57.62
22.07,22.07,65.47,70.38,56.34
22.14,22.14,64.58,68.24,57.78
22.78,22.78,62.99,68.30,57.61
28.01,28.01,60.44,69.89,57.23
27.50,27.50,52.82,67.99,56.05
28.52,28.52,52.67,64.69,56.57
26.29,26.29,49.66,51.00,50.62
22.62,22.62,37.07,47.66,50.94
16.54,16.54,40.18,50.11,48.62
19.21,19.21,55.87,69.87,54.33
15.36,15.36,58.52,66.56,54.49
19.23,19.23,55.72,69.80,50.83
24.69,24.69,50.51,68.18,52.12
28.28,28.28,46.30,67.17,52.40
30.10,30.10,43.16,70.61,54.31
25.07,25.07,43.35,66.97,53.41
17.32,17.32,44.21,69.59,50.69
20.74,20.74,62.91,67.11,54.13
14.62,14.62,63.53,71.47,53.29
21.01,21.01,59.07,66.76,52.18
24.37,24.37,51.88,66.39,51.89
26.04,26.04,48.42,66.14,53.65
21.15,21.15,46.52,69.35,52.28
15.11,15.11,50.14,61.93,50.54
12.69,12.69,67.74,60.38,53.90
8.25,8.25,69.95,65.91,56.53
11.24,11.24,66.78,63.82,56.06
13.27,13.27,71.76,63.35,56.87
15.84,15.84,69.14,64.36,57.09
17.61,17.61,63.25,68.77,58.26
18.23,18.23,64.91,68.11,59.49
20.48,20.48,65.17,61.90,59.77
19.09,19.09,64.23,65.56,59.73
23.12,23.12,62.30,63.31,62.01
22.79,22.79,60.61,63.33,60.45
22.54,22.54,50.81,62.17,60.43
26.00,26.00,44.44,60.41,59.59
30.24,30.24,45.17,67.06,61.03
26.78,26.78,43.74,70.02,60.15
23.67,23.67,44.79,67.41,58.92
23.34,23.34,51.05,66.50,60.31
20.86,20.86,53.82,66.69,61.07
21.74,21.74,51.59,67.91,59.55
22.87,22.87,46.38,63.86,60.16
23.79,23.79,40.81,65.49,61.37
22.08,22.08,34.88,66.40,61.14
20.28,20.28,35.32,66.10,59.65
16.25,16.25,45.45,67.14,58.85
15.84,15.84,56.09,67.26,62.40
14.35,14.35,55.70,67.61,63.90
20.67,20.67,53.38,66.91,65.37
19.90,19.90,47.35,65.57,65.06
21.98,21.98,43.90,66.26,62.22
21.59,21.59,48.54,61.54,61.12
15.74,15.74,58.86,63.39,62.65
14.46,14.46,62.22,59.75,62.51
19.65,19.65,72.48,67.61,62.65
17.61,17.61,67.06,69.31,60.42
20.04,20.04,71.79,62.56,60.77
20.38,20.38,68.14,64.28,63.53
25.12,25.12,67.58,63.71,59.49
28.21,28.21,67.75,62.24,63.08
26.57,26.57,65.03,66.67,60.97
25.05,25.05,63.37,61.84,61.63
25.26,25.26,61.18,63.94,63.88
28.67,28.67,58.63,59.33,62.78
28.40,28.40,57.89,66.28,63.51
28.43,28.43,53.34,67.45,63.62
26.44,26.44,41.92,67.24,61.56
23.05,23.05,38.00,65.99,57.59
17.07,17.07,42.53,66.31,56.37
13.85,13.85,50.34,68.00,58.59
11.58,11.58,57.98,62.20,62.73
16.72,16.72,55.30,69.02,63.15
21.50,21.50,52.34,63.56,63.25
22.35,22.35,45.47,66.08,63.63
20.54,20.54,37.98,64.95,63.27
20.59,20.59,40.60,66.09,61.93
20.08,20.08,49.56,66.39,63.22
21.91,21.91,57.68,63.58,63.45
26.57,26.57,61.89,68.80,62.96
27.47,27.47,56.61,64.37,64.52
32.87,32.87,53.32,66.30,63.69
33.80,33.80,49.08,67.31,63.50
30.09,30.09,47.90,67.82,63.75
23.18,23.18,52.70,63.36,61.41
15.93,15.93,60.36,64.21,59.15
17.81,17.81,72.02,64.34,55.99
19.76,19.76,64.39,63.88,55.62
23.85,23.85,69.66,62.13,54.74
24.92,24.92,69.41,62.38,55.15
25.13,25.13,67.71,59.68,55.12
24.18,24.18,67.07,60.14,55.58
25.21,25.21,67.32,66.90,55.24
20.59,20.59,64.02,58.52,50.92
22.03,22.03,61.36,64.92,54.66
25.68,25.68,58.39,61.07,56.68
30.60,30.60,56.68,62.92,56.97
35.41,35.41,55.79,66.99,56.35
33.23,33.23,47.57,64.86,57.84
28.43,28.43,42.82,62.32,57.19
25.33,25.33,46.24,56.61,59.21
23.19,23.19,53.22,58.36,58.81
19.47,19.47,62.34,70.37,64.29
14.68,14.68,63.56,65.87,62.24
16.91,16.91,61.81,69.91,61.29
22.79,22.79,55.14,66.56,62.27
26.04,26.04,49.19,64.60,61.16
22.47,22.47,45.64,69.44,60.99
21.90,21.90,47.01,66.90,59.27
18.47,18.47,51.85,65.72,57.05
23.55,23.55,60.01,69.50,56.59
27.73,27.73,57.64,65.42,56.12
25.18,25.18,50.37,65.04,58.78
25.08,25.08,48.43,66.70,60.05
25.95,25.95,47.22,66.28,57.55
24.68,24.68,48.13,70.77,54.83
17.18,17.18,58.22,65.29,51.89
15.41,15.41,71.02,62.97,54.95
18.47,18.47,67.35,68.87,56.77
21.81,21.81,71.45,68.11,58.17
24.39,24.39,72.37,68.27,59.55
24.71,24.71,60.58,68.87,60.50
28.82,28.82,65.02,67.28,59.55
31.38,31.38,65.78,61.60,58.37
31.47,31.47,64.18,68.70,58.09
28.88,28.88,64.50,67.42,53.16
27.69,27.69,61.80,68.29,56.28
26.92,26.92,57.16,68.39,56.56
31.27,31.27,54.68,63.93,58.97
32.67,32.67,49.34,58.13,57.81
32.50,32.50,41.31,50.58,55.34
31.57,31.57,41.08,51.81,54.81
33.59,33.59,46.34,56.36,54.53
31.16,31.16,57.97,67.74,56.05
20.34,20.34,59.19,67.31,57.23
23.38,23.38,54.81,68.86,58.97
26.99,26.99,51.55,66.55,57.97
28.32,28.32,49.72,69.10,58.06
29.61,29.61,49.53,64.90,56.59
26.99,26.99,51.74,70.35,56.88
20.40,20.40,53.78,66.49,53.11
19.13,19.13,61.56,69.11,58.18
19.81,19.81,62.42,70.14,55.55
24.49,24.49,57.31,70.96,54.77
27.04,27.04,52.05,69.06,57.33
28.56,28.56,49.12,67.35,56.39
27.33,27.33,50.47,70.28,52.15
22.43,22.43,57.55,65.56,50.74
21.43,21.43,71.12,67.31,52.59
20.76,20.76,67.35,65.37,51.42
22.22,22.22,68.32,66.34,51.55
26.66,26.66,70.45,63.91,49.71
31.39,31.39,57.04,62.35,52.16
29.12,29.12,64.89,66.39,53.60
28.61,28.61,66.58,65.93,54.66
23.51,23.51,62.21,64.56,52.15
22.41,22.41,57.32,66.78,49.65
27.98,27.98,59.77,66.00,55.63
28.10,28.10,56.75,64.21,51.84
29.87,29.87,54.27,66.62,49.73
33.38,33.38,45.44,64.24,50.45
32.57,32.57,31.90,66.78,51.45
31.93,31.93,32.08,64.74,49.33
27.07,27.07,41.97,70.16,50.73
25.57,25.57,58.35,60.21,52.36
23.58,23.58,62.00,70.75,55.65
26.52,26.52,57.52,68.18,56.56
30.80,30.80,49.56,71.14,56.14
33.09,33.09,40.45,68.06,58.67
33.00,33.00,40.56,69.96,58.01
28.62,28.62,45.81,67.93,57.22
23.41,23.41,52.37,69.90,55.61
20.51,20.51,59.86,68.17,57.05
24.33,24.33,57.62,70.10,60.54
27.21,27.21,50.74,70.10,62.04
29.35,29.35,45.38,68.31,60.85
29.10,29.10,42.79,70.03,60.76
24.49,24.49,45.57,68.89,60.70
17.68,17.68,53.10,70.05,57.65
20.48,20.48,71.09,67.56,55.73
18.98,18.98,70.18,62.56,55.13
21.05,21.05,72.06,63.43,54.99
25.21,25.21,73.07,60.32,56.42
30.19,30.19,65.53,64.76,57.44
30.85,30.85,66.00,64.40,57.62
32.12,32.12,68.10,63.70,56.85
30.67,30.67,66.02,65.78,55.71
31.25,31.25,61.48,65.88,56.70
32.59,32.59,60.44,62.11,60.99
36.88,36.88,54.89,65.36,61.81
38.50,38.50,55.14,64.77,62.07
37.22,37.22,49.53,63.88,60.84
34.66,34.66,42.15,67.06,58.95
34.04,34.04,38.39,61.23,54.51
30.98,30.98,47.04,67.42,56.17
27.06,27.06,55.51,62.44,55.41
23.61,23.61,57.96,63.40,59.81
21.32,21.32,55.38,63.31,59.63
27.86,27.86,51.54,64.20,59.42
31.89,31.89,43.76,65.93,58.52
32.64,32.64,37.98,61.96,57.27
32.68,32.68,39.30,67.43,56.57
27.51,27.51,43.68,60.89,54.76
24.27,24.27,62.40,69.12,57.42
26.16,26.16,61.69,62.98,58.16
27.68,27.68,59.04,69.30,58.39
32.89,32.89,57.11,62.21,59.14
35.95,35.95,50.53,67.43,59.77
35.23,35.23,49.63,67.91,57.99
27.82,27.82,52.26,64.73,55.15
17.82,17.82,65.65,67.76,56.15
14.15,14.15,71.70,66.25,53.60
20.33,20.33,67.95,63.60,51.84
25.04,25.04,74.61,63.55,53.61
26.14,26.14,68.86,61.23,53.96
31.26,31.26,65.33,64.29,55.36
30.84,30.84,68.50,66.60,56.33
29.52,29.52,65.52,62.73,57.03
23.24,23.24,63.92,63.37,54.39
23.97,23.97,62.66,65.37,55.35
19.80,19.80,55.37,62.75,54.73
25.29,25.29,52.24,55.12,54.03
31.13,31.13,46.88,56.83,53.76
30.49,30.49,38.86,53.87,57.55
33.37,33.37,39.16,54.90,54.11
29.34,29.34,43.49,56.23,53.19
30.52,30.52,57.37,65.80,50.45
19.04,19.04,65.27,65.84,53.58
18.53,18.53,64.27,69.46,55.52
23.51,23.51,62.34,66.85,57.07
29.77,29.77,58.60,68.24,51.47
33.81,33.81,51.57,69.74,53.80
34.94,34.94,49.85,65.01,57.95
29.80,29.80,48.95,71.32,59.87
22.62,22.62,51.07,69.59,56.66
21.53,21.53,59.34,64.86,52.85
26.13,26.13,52.79,70.50,58.59
29.08,29.08,44.21,67.71,59.28
30.04,30.04,38.42,66.03,57.44
28.50,28.50,38.87,71.71,51.79
21.96,21.96,52.17,65.40,53.18
19.93,19.93,61.20,67.50,52.85
16.91,16.91,71.71,69.66,50.53
26.43,26.43,68.15,66.76,46.09
28.16,28.16,72.10,70.46,48.66
30.02,30.02,68.14,68.16,52.76
32.57,32.57,62.46,65.21,54.05
32.58,32.58,65.81,66.88,50.02
33.37,33.37,65.11,68.01,50.34
30.04,30.04,66.52,65.63,52.90
36.44,36.44,64.08,63.73,55.70
33.94,33.94,63.14,59.32,52.42
36.82,36.82,58.91,57.53,55.18
38.42,38.42,54.93,50.79,57.84
39.57,39.57,45.86,54.32,57.50
36.37,36.37,38.97,60.03,49.22
27.94,27.94,37.66,62.15,51.32
26.97,26.97,50.00,64.41,54.47
20.10,20.10,60.16,69.10,52.78
18.60,18.60,57.99,70.39,54.92
25.53,25.53,54.45,68.33,57.40
29.34,29.34,47.02,70.17,56.97
30.95,30.95,39.92,66.65,57.32
33.00,33.00,40.89,70.71,56.22
26.31,26.31,44.62,68.47,56.69
18.86,18.86,51.11,70.63,53.69
18.02,18.02,60.68,69.43,57.95
17.79,17.79,58.35,68.84,53.47
21.41,21.41,53.87,69.83,52.41
27.05,27.05,50.40,70.63,54.25
29.49,29.49,49.61,68.43,54.84
27.03,27.03,46.25,70.75,55.33
24.33,24.33,58.13,68.20,54.12
20.54,20.54,72.00,68.88,51.69
16.64,16.64,69.60,62.46,53.63
20.43,20.43,71.57,62.02,53.69
22.02,22.02,72.79,66.11,55.12
22.52,22.52,67.13,66.90,57.14
21.51,21.51,67.38,65.19,59.01
24.24,24.24,66.91,67.81,58.95
22.73,22.73,65.27,69.87,58.75
21.56,21.56,62.02,67.35,58.49
25.56,25.56,58.27,68.42,58.71
22.15,22.15,52.58,67.57,59.36
23.97,23.97,51.15,69.28,61.37
31.79,31.79,47.20,69.18,60.44
30.46,30.46,44.62,68.40,61.14
29.94,29.94,44.86,61.43,59.17
27.31,27.31,50.14,59.82,58.35
25.97,25.97,55.59,71.69,59.38
26.30,26.30,54.97,65.88,61.59
27.39,27.39,50.75,70.59,62.04
31.06,31.06,45.65,69.36,62.45
29.27,29.27,39.70,68.91,62.91
31.17,31.17,37.80,66.83,64.32
29.48,29.48,41.98,67.46,64.28
28.38,28.38,48.07,71.23,63.45
31.92,31.92,58.60,68.32,62.41
26.86,26.86,55.22,62.20,62.95
29.37,29.37,51.15,70.20,64.09
29.44,29.44,46.19,68.76,63.61
29.96,29.96,42.49,65.82,62.58
26.43,26.43,49.04,71.70,59.68
19.95,19.95,55.02,66.52,57.58
21.70,21.70,70.98,66.91,57.55
21.59,21.59,70.01,67.08,56.46
24.64,24.64,69.33,65.42,54.32
26.21,26.21,71.80,64.24,52.94
30.81,30.81,64.48,57.82,52.72
32.83,32.83,67.07,60.40,51.94
32.54,32.54,66.61,65.27,52.34
31.57,31.57,60.10,63.76,53.48
34.56,34.56,58.04,59.63,59.41
35.60,35.60,57.91,64.50,60.30
38.14,38.14,54.35,57.44,61.16
35.90,35.90,53.93,68.70,59.93
34.70,34.70,48.10,65.95,59.59
33.57,33.57,42.89,68.65,58.04
30.84,30.84,43.91,67.08,54.13
29.29,29.29,48.49,69.98,50.18
23.59,23.59,62.20,67.58,58.60
19.20,19.20,61.37,69.47,59.54
27.31,27.31,58.05,67.59,59.87
31.29,31.29,53.09,65.80,59.14
31.85,31.85,49.29,68.39,61.11
34.15,34.15,45.66,66.13,58.94
29.45,29.45,47.67,69.51,58.02
23.98,23.98,53.16,65.23,56.94
25.44,25.44,65.06,69.31,58.34
26.83,26.83,63.04,66.49,60.63
30.39,30.39,57.77,70.13,60.25
33.57,33.57,54.25,67.66,56.56
35.00,35.00,51.09,70.67,60.29
33.95,33.95,50.29,68.21,57.17
26.45,26.45,56.15,67.61,56.93
25.22,25.22,69.41,69.07,55.33
22.72,22.72,70.54,67.21,51.40
24.29,24.29,70.14,67.62,50.47
27.44,27.44,72.59,56.29,51.29
30.41,30.41,67.64,65.64,53.87
32.65,32.65,64.77,64.06,54.17
32.12,32.12,67.03,65.23,52.70
27.52,27.52,63.28,65.27,52.37
24.04,24.04,59.07,64.75,49.81
27.95,27.95,57.85,59.64,54.42
23.69,23.69,53.65,62.74,52.29
25.18,25.18,53.63,66.38,53.48
24.94,24.94,47.77,68.44,53.03
26.45,26.45,40.92,66.98,52.80
23.41,23.41,39.90,55.86,46.43
22.16,22.16,39.11,55.28,50.91
22.19,22.19,53.11,69.45,54.02
16.91,16.91,57.24,70.51,58.95
16.06,16.06,59.60,70.86,55.77
18.98,18.98,58.24,66.21,57.52
22.16,22.16,54.84,72.60,58.45
26.73,26.73,50.79,65.34,58.46
29.31,29.31,49.54,67.59,59.78
25.58,25.58,50.21,73.00,58.38
18.39,18.39,56.25,68.09,60.10
18.36,18.36,58.67,69.11,61.02
25.17,25.17,56.00,72.57,60.57
28.48,28.48,48.56,68.67,59.91
31.71,31.71,44.23,70.25,60.39
30.75,30.75,46.32,72.54,57.97
25.80,25.80,53.51,65.86,51.79
17.01,17.01,64.87,69.89,50.65
17.06,17.06,67.81,68.19,52.94
16.71,16.71,66.00,63.46,55.00
18.43,18.43,72.06,67.80,53.77
27.10,27.10,67.18,69.37,55.68
27.29,27.29,60.70,68.98,58.51
27.51,27.51,63.12,67.30,54.23
25.61,25.61,63.86,66.04,55.73
26.48,26.48,65.55,66.68,52.35
26.12,26.12,65.23,68.79,51.05
22.81,22.81,59.25,67.63,54.35
28.70,28.70,57.48,66.96,54.53
33.79,33.79,55.50,54.81,58.00
36.93,36.93,46.17,52.11,55.90
33.30,33.30,41.64,55.50,55.86
26.72,26.72,42.00,53.47,56.17
28.40,28.40,53.44,65.78,55.71
20.09,20.09,60.23,68.76,57.51
22.72,22.72,56.51,65.97,55.71
29.24,29.24,55.46,69.06,57.45
32.73,32.73,52.10,71.01,60.01
32.25,32.25,49.11,69.00,56.43
24.93,24.93,43.31,69.15,55.04
17.39,17.39,45.56,68.07,53.71
10.97,10.97,49.73,70.41,53.24
12.58,12.58,61.25,68.94,57.40
16.49,16.49,55.28,68.00,63.54
28.66,28.66,55.07,67.55,57.51
27.40,27.40,47.02,70.65,61.59
30.36,30.36,46.89,68.73,54.79
19.55,19.55,55.67,69.53,53.96
16.44,16.44,66.04,69.29,50.60
13.92,13.92,69.90,70.43,51.60
13.10,13.10,67.20,68.81,51.58
17.88,17.88,72.26,68.68,50.05
19.03,19.03,70.95,66.09,49.12
23.17,23.17,58.53,67.93,51.27
25.77,25.77,50.80,70.04,53.91
26.32,26.32,55.89,66.50,52.62
22.69,22.69,62.07,69.89,51.27
22.31,22.31,62.98,67.32,52.12
24.58,24.58,61.17,67.29,54.76
26.78,26.78,55.76,68.58,54.25
31.97,31.97,44.53,70.84,51.89
36.63,36.63,41.27,65.45,55.03
39.98,39.98,39.33,63.51,52.14
29.74,29.74,36.66,56.73,51.52
25.79,25.79,45.90,55.37,54.98
22.02,22.02,55.45,63.19,56.50
21.52,21.52,55.54,71.21,58.97
26.40,26.40,50.26,68.96,60.68
30.87,30.87,44.23,64.99,56.23
29.15,29.15,36.66,71.34,61.09
24.81,24.81,40.73,69.73,57.20
21.52,21.52,46.16,67.12,58.78
25.60,25.60,57.34,67.36,59.52
19.77,19.77,58.57,72.40,58.54
24.28,24.28,55.41,66.82,60.19
31.75,31.75,50.07,67.04,60.43
33.41,33.41,40.94,70.84,56.25
30.93,30.93,49.37,69.18,60.85
25.47,25.47,54.42,59.36,53.06
18.42,18.42,61.00,62.51,52.50
18.92,18.92,70.52,65.41,54.80
20.32,20.32,66.89,63.05,53.38
22.98,22.98,69.07,63.79,51.67
25.70,25.70,71.43,61.68,54.57
28.54,28.54,68.51,64.32,55.72
27.71,27.71,66.91,63.94,59.13
27.72,27.72,65.82,61.28,57.57
30.19,30.19,66.01,64.75,58.08
32.67,32.67,61.52,57.72,64.84
35.92,35.92,58.12,65.05,64.39
36.79,36.79,54.05,56.29,65.51
33.81,33.81,52.60,67.77,63.40
35.51,35.51,43.63,64.49,63.12
36.62,36.62,38.82,67.58,63.46
30.23,30.23,36.56,63.57,60.51
26.32,26.32,45.86,69.01,57.58
27.50,27.50,62.70,64.72,62.60
19.34,19.34,64.57,66.40,62.87
27.90,27.90,60.15,64.42,60.31
35.90,35.90,52.41,66.60,58.94
36.76,36.76,44.25,66.56,60.14
35.64,35.64,39.40,64.30,60.29
30.59,30.59,43.80,67.20,59.92
23.81,23.81,53.73,65.05,57.19
20.72,20.72,66.15,67.18,59.26
21.08,21.08,62.82,62.70,59.55
27.76,27.76,57.67,68.68,60.59
31.67,31.67,54.05,65.13,59.92
31.82,31.82,49.98,67.06,61.25
27.43,27.43,50.23,65.30,56.75
16.35,16.35,57.35,66.75,54.24
13.90,13.90,72.60,66.53,58.17
13.27,13.27,67.12,62.13,54.54
15.52,15.52,72.06,62.97,53.63
24.46,24.46,71.58,59.47,54.01
25.52,25.52,67.87,62.61,53.43
24.60,24.60,69.24,62.67,53.70
22.71,22.71,68.61,63.53,50.01
18.46,18.46,65.47,64.73,50.66
17.18,17.18,65.41,63.48,54.32
13.65,13.65,64.43,61.78,56.28
10.30,10.30,62.05,62.80,58.59
12.43,12.43,60.46,64.32,58.61
17.90,17.90,56.73,57.50,58.38
18.07,18.07,52.57,56.74,56.30
17.44,17.44,49.61,57.64,53.58
18.14,18.14,51.84,62.72,54.28
13.89,13.89,57.09,70.71,53.54
9.40,9.40,57.49,71.00,54.37
13.78,13.78,55.10,66.94,58.03
17.62,17.62,53.56,65.58,60.58
21.28,21.28,51.04,72.64,60.21
26.19,26.19,48.01,71.64,58.98
23.18,23.18,48.99,66.09,60.60
17.12,17.12,50.45,70.45,59.55
14.70,14.70,57.22,67.05,60.09
19.51,19.51,57.76,70.36,59.82
22.82,22.82,52.16,71.97,59.00
28.17,28.17,46.63,67.83,58.77
28.43,28.43,43.61,69.33,59.39
23.78,23.78,53.24,72.35,54.47
13.56,13.56,59.50,66.53,50.88
13.64,13.64,69.56,66.96,53.25
11.36,11.36,68.82,68.76,49.40
12.95,12.95,67.99,63.89,49.64
16.64,16.64,72.42,68.84,49.33
20.27,20.27,67.62,69.35,50.50
24.19,24.19,62.35,63.69,51.59
22.39,22.39,61.83,68.46,52.30
19.60,19.60,64.01,67.58,52.33
19.50,19.50,66.83,68.38,49.90
20.53,20.53,64.61,69.72,52.85
23.30,23.30,56.93,62.65,58.20
25.71,25.71,48.86,69.47,55.25
29.16,29.16,44.23,69.42,54.37
31.51,31.51,37.24,68.46,56.05
27.72,27.72,35.34,68.86,50.80
19.72,19.72,40.01,64.19,47.72
17.25,17.25,55.71,67.45,52.44
12.28,12.28,60.27,70.13,56.55
15.97,15.97,57.56,67.53,56.96
20.57,20.57,56.37,68.45,58.66
26.65,26.65,52.31,69.81,59.99
28.84,28.84,51.46,68.74,59.63
30.38,30.38,49.98,69.11,61.17
23.23,23.23,51.30,66.57,58.38
17.47,17.47,59.66,68.47,59.59
19.37,19.37,60.80,64.83,60.03
22.54,22.54,54.69,70.97,59.80
27.34,27.34,51.15,65.40,61.45
30.00,30.00,48.64,70.19,61.82
28.55,28.55,52.12,68.18,60.86
20.64,20.64,56.35,65.95,56.02
9.25,9.25,66.54,67.28,51.63
9.65,9.65,69.37,65.55,57.87
13.98,13.98,67.21,71.78,56.23
16.07,16.07,72.58,71.05,58.15
12.59,12.59,68.46,61.64,58.12
12.85,12.85,63.79,65.32,59.76
15.88,15.88,65.18,70.53,59.65
19.01,19.01,63.89,72.38,60.64
19.15,19.15,63.67,70.45,60.10
22.13,22.13,62.27,70.54,62.57
21.97,21.97,60.08,71.04,61.97
21.24,21.24,49.50,72.07,61.11
20.42,20.42,52.90,72.63,60.35
21.30,21.30,49.97,69.57,60.86
21.43,21.43,41.49,70.44,61.33
19.34,19.34,42.80,69.54,60.68
20.48,20.48,49.44,67.83,59.03
18.38,18.38,50.17,69.32,60.59
19.58,19.58,47.47,70.44,59.89
20.61,20.61,42.35,70.09,60.22
20.28,20.28,37.75,69.91,60.99
20.93,20.93,34.99,71.35,61.90
20.86,20.86,38.15,70.92,60.45
15.73,15.73,47.60,72.57,60.49
16.19,16.19,56.82,72.49,62.74
17.39,17.39,55.37,71.80,63.67
22.45,22.45,52.11,71.05,64.09
21.55,21.55,47.25,71.86,64.69
24.34,24.34,45.35,71.99,65.08
22.66,22.66,47.73,72.60,66.51
16.33,16.33,56.35,71.11,62.81
18.86,18.86,64.78,62.76,62.48
17.78,17.78,69.48,69.10,62.07
15.44,15.44,65.09,72.10,59.28
20.66,20.66,71.15,69.08,60.44
22.66,22.66,70.68,68.94,61.44
24.69,24.69,60.34,66.45,61.05
23.97,23.97,57.75,69.50,63.10
22.36,22.36,62.39,67.80,62.54
25.04,25.04,64.73,69.44,60.22
26.49,26.49,64.68,66.77,60.67
29.24,29.24,61.57,68.55,59.50
28.97,28.97,53.34,70.05,60.70
29.90,29.90,38.77,65.21,60.35
28.14,28.14,42.46,69.64,60.84
24.68,24.68,35.99,67.85,56.85
19.84,19.84,38.54,68.73,56.22
22.89,22.89,54.13,63.67,58.90
19.49,19.49,59.22,67.12,66.96
21.30,21.30,56.79,68.66,63.45
22.49,22.49,52.20,66.56,65.62
21.83,21.83,43.52,67.35,63.78
22.00,22.00,37.53,68.94,66.60
21.13,21.13,35.31,65.89,65.04
19.98,19.98,42.44,68.55,62.30
19.65,19.65,47.45,65.96,64.71
24.65,24.65,58.21,66.57,65.21
23.84,23.84,50.80,66.84,64.35
25.80,25.80,46.97,66.55,63.45
27.04,27.04,41.35,72.99,63.03
23.76,23.76,40.58,69.69,61.23
17.92,17.92,46.79,70.42,61.78
13.26,13.26,58.64,67.14,59.96
14.52,14.52,71.79,69.91,59.56
15.45,15.45,65.88,68.59,57.75
18.33,18.33,72.14,68.55,57.88
24.55,24.55,71.16,68.39,59.13
26.37,26.37,61.23,63.93,60.25
28.39,28.39,59.00,65.28,62.68
28.63,28.63,60.29,58.98,61.89
23.66,23.66,62.88,66.01,62.86
23.34,23.34,63.65,67.20,64.85
24.65,24.65,61.91,67.08,65.99
27.37,27.37,58.06,60.72,64.56
27.80,27.80,48.39,48.10,61.43
24.31,24.31,40.70,55.18,63.59
19.98,19.98,37.71,60.75,61.81
16.65,16.65,39.33,59.80,61.20
18.36,18.36,51.64,65.17,70.24
15.23,15.23,56.01,64.85,68.62
13.70,13.70,55.80,72.94,68.38
16.96,16.96,52.02,67.61,68.25
20.88,20.88,47.26,69.67,65.47
21.47,21.47,40.93,73.79,64.81
21.01,21.01,36.48,70.47,64.73
19.82,19.82,39.69,67.79,65.84
16.84,16.84,46.10,71.98,64.18
22.66,22.66,58.45,67.86,66.31
22.85,22.85,53.66,71.41,63.47
28.38,28.38,46.34,71.66,64.71
33.13,33.13,39.02,68.42,65.11
28.72,28.72,36.88,72.28,62.67
25.00,25.00,49.21,69.16,60.02
20.63,20.63,58.09,68.08,58.40
21.70,21.70,70.50,71.96,61.03
21.88,21.88,65.05,67.28,62.33
23.55,23.55,67.95,69.40,61.99
29.72,29.72,64.60,64.81,63.32
26.21,26.21,61.83,59.79,62.29
27.13,27.13,61.65,62.95,60.78
26.87,26.87,64.86,66.13,57.89
23.09,23.09,68.55,66.19,60.32
25.05,25.05,64.58,65.10,62.96
28.99,28.99,61.45,58.37,64.59
29.27,29.27,59.43,56.95,61.66
31.24,31.24,49.41,57.91,62.63
31.70,31.70,45.76,52.39,61.43
28.68,28.68,50.95,52.58,60.95
24.93,24.93,44.88,53.10,60.69
23.23,23.23,46.65,54.50,57.87
24.28,24.28,58.74,68.43,57.32
23.49,23.49,59.12,68.76,52.29
25.27,25.27,57.81,71.73,53.84
28.31,28.31,58.42,69.68,53.61
30.00,30.00,55.69,71.50,54.95
30.04,30.04,55.48,69.73,54.77
29.72,29.72,55.12,70.06,53.90
26.10,26.10,55.87,70.37,54.43
21.26,21.26,62.38,68.40,59.00
20.42,20.42,60.20,68.75,58.82
24.11,24.11,54.61,69.86,59.76
26.99,26.99,48.29,69.98,61.21
30.49,30.49,45.41,66.89,58.52
28.27,28.27,47.90,71.92,57.03
21.35,21.35,54.54,69.15,54.90
14.60,14.60,69.91,72.37,52.81
11.34,11.34,68.38,71.21,53.46
17.17,17.17,65.12,70.86,54.40
23.53,23.53,71.66,70.33,54.06
25.01,25.01,69.19,69.26,55.10
25.48,25.48,54.19,72.05,57.16
25.84,25.84,52.90,68.09,59.65
24.33,24.33,61.07,71.72,58.75
24.65,24.65,63.33,66.72,55.35
28.98,28.98,62.57,69.51,58.35
26.38,26.38,58.69,70.01,57.92
27.36,27.36,47.73,67.81,57.77
28.02,28.02,43.43,69.02,56.82
29.92,29.92,45.92,66.73,55.12
28.88,28.88,41.48,68.17,52.20
24.95,24.95,43.56,62.57,51.96
22.06,22.06,56.82,67.91,54.52
20.62,20.62,59.90,72.80,58.31
20.36,20.36,53.13,70.72,59.05
23.85,23.85,46.52,68.43,60.81
25.36,25.36,37.22,69.57,59.24
27.75,27.75,37.64,70.99,57.67
21.91,21.91,44.30,69.03,56.45
18.91,18.91,48.66,70.85,53.97
16.18,16.18,58.54,68.31,57.50
16.53,16.53,59.18,68.06,58.97
20.54,20.54,51.78,68.53,54.71
22.04,22.04,48.70,70.57,57.10
22.97,22.97,42.01,69.64,55.07
20.10,20.10,49.29,70.42,58.33
15.08,15.08,59.23,67.53,54.84
19.72,19.72,69.90,61.41,51.98
19.07,19.07,69.21,66.31,50.97
22.23,22.23,64.89,69.31,48.78
23.92,23.92,73.48,69.10,51.48
24.84,24.84,65.50,65.51,52.22
28.79,28.79,56.07,67.87,51.87
34.34,34.34,55.47,67.42,53.76
31.14,31.14,57.80,64.52,51.97
27.76,27.76,58.58,65.72,52.53
27.95,27.95,60.23,64.92,56.56
23.72,23.72,59.72,68.05,56.33
27.46,27.46,55.58,63.45,56.75
31.58,31.58,47.57,69.65,58.63
33.40,33.40,44.29,61.92,56.08
30.85,30.85,41.28,67.92,55.42
28.91,28.91,43.49,66.03,53.58
23.17,23.17,51.68,67.40,53.64
19.11,19.11,58.61,67.15,53.75
19.93,19.93,58.66,65.70,53.41
23.54,23.54,54.77,67.39,53.87
25.72,25.72,47.97,65.95,52.92
27.54,27.54,45.10,69.19,54.96
27.56,27.56,45.91,62.94,55.40
25.93,25.93,48.85,69.24,54.17
21.50,21.50,54.20,62.90,53.13
21.60,21.60,58.92,71.34,53.71
23.01,23.01,52.98,60.32,47.88
25.70,25.70,50.13,68.94,47.80
26.37,26.37,45.92,65.20,47.29
25.62,25.62,45.86,65.55,47.81
17.27,17.27,48.69,68.43,42.37
13.74,13.74,63.71,65.55,42.86
14.64,14.64,70.57,67.89,48.01
18.65,18.65,63.44,62.00,49.11
20.40,20.40,73.50,68.95,47.52
24.35,24.35,69.81,62.42,50.55
25.94,25.94,53.47,68.77,50.96
28.23,28.23,63.19,66.16,50.21
30.03,30.03,56.58,66.47,49.34
27.12,27.12,59.84,65.68,47.48
27.60,27.60,63.21,63.26,51.84
30.45,30.45,59.86,61.96,53.18
33.81,33.81,51.61,53.64,54.35
39.28,39.28,50.27,54.35,55.76
36.41,36.41,41.80,54.29,57.01
31.08,31.08,40.62,57.63,53.69
28.89,28.89,43.64,59.88,52.85
28.06,28.06,54.88,64.54,56.34
23.85,23.85,60.43,71.75,58.36
22.36,22.36,61.18,66.71,54.16
22.04,22.04,60.40,68.44,55.89
25.10,25.10,54.42,71.02,52.24
26.04,26.04,47.79,62.96,54.05
25.13,25.13,46.63,69.48,55.90
17.86,17.86,45.67,72.98,54.46
16.70,16.70,51.67,62.86,53.04
16.65,16.65,56.45,66.65,56.55
21.33,21.33,52.17,70.45,56.51
25.67,25.67,44.39,63.58,57.80
27.69,27.69,39.79,68.57,56.10
24.05,24.05,40.27,69.56,53.89
18.70,18.70,48.20,62.89,48.09
15.75,15.75,62.52,69.91,50.70
14.95,14.95,70.71,67.05,51.65
13.72,13.72,69.40,65.76,49.56
15.05,15.05,73.11,70.64,50.43
19.19,19.19,70.40,66.42,51.44
20.09,20.09,65.42,66.70,52.24
20.94,20.94,66.32,67.86,52.28
22.48,22.48,65.32,65.63,52.79
21.41,21.41,66.45,67.54,51.40
28.02,28.02,67.92,68.16,56.24
28.87,28.87,64.56,63.75,54.29
31.81,31.81,54.84,65.10,54.90
33.22,33.22,51.40,63.22,54.10
34.10,34.10,49.61,54.40,54.75
34.23,34.23,40.38,48.86,52.25
29.76,29.76,39.94,50.20,48.93
25.75,25.75,47.27,63.31,50.93
22.27,22.27,59.47,69.61,53.85
20.91,20.91,56.56,68.55,53.76
26.87,26.87,53.63,68.06,54.39
30.92,30.92,47.49,67.37,49.99
32.14,32.14,43.26,70.40,51.94
32.85,32.85,43.33,65.91,47.53
30.10,30.10,45.03,69.76,53.39
24.56,24.56,55.70,64.05,46.46
17.47,17.47,65.66,69.33,52.33
16.33,16.33,62.08,64.70,48.08
23.10,23.10,57.69,67.75,46.88
31.75,31.75,53.86,68.00,49.89
31.63,31.63,51.40,65.19,48.35
29.07,29.07,51.95,67.62,49.36
19.44,19.44,59.01,61.64,45.02
10.73,10.73,72.40,67.20,51.35
10.99,10.99,70.77,64.09,54.58
14.18,14.18,69.54,54.03,55.09
11.19,11.19,72.64,62.67,55.69
11.78,11.78,67.47,61.70,57.24
13.17,13.17,68.35,62.53,58.62
16.77,16.77,68.63,64.24,58.82
16.59,16.59,67.32,65.61,59.00
19.91,19.91,65.66,63.02,59.62
23.04,23.04,60.57,64.89,61.43
19.83,19.83,51.41,60.69,60.03
20.18,20.18,50.02,64.26,60.43
19.33,19.33,48.45,60.53,60.67
20.35,20.35,41.52,61.95,62.72
20.67,20.67,41.66,53.10,59.48
22.55,22.55,46.82,62.59,58.05
22.23,22.23,56.02,71.95,63.82
19.88,19.88,53.22,65.95,61.69
22.26,22.26,50.34,68.96,63.43
24.57,24.57,45.42,63.37,62.21
24.48,24.48,39.97,72.49,62.46
23.83,23.83,38.02,62.41,60.98
22.06,22.06,40.92,71.84,61.25
16.76,16.76,46.01,66.51,59.80
19.79,19.79,55.24,71.33,61.05
21.38,21.38,54.34,65.30,60.61
21.10,21.10,50.55,71.89,62.96
19.66,19.66,44.52,60.00,60.61
19.54,19.54,45.04,64.15,61.17
18.24,18.24,53.89,60.31,58.12
15.68,15.68,61.73,63.63,55.90
17.29,17.29,70.34,65.61,58.05
16.77,16.77,68.97,63.81,56.80
22.00,22.00,66.22,67.56,56.37
24.71,24.71,72.43,68.42,56.37
24.38,24.38,65.60,58.90,56.87
27.07,27.07,55.53,62.71,57.08
26.90,26.90,54.92,60.07,56.21
25.55,25.55,62.54,65.42,56.62
26.53,26.53,64.56,63.59,55.90
27.18,27.18,63.46,67.62,55.50
31.31,31.31,60.09,67.25,55.55
32.90,32.90,50.69,68.77,54.21
34.42,34.42,38.37,65.55,52.57
31.54,31.54,36.15,69.61,56.54
27.79,27.79,37.07,67.07,51.80
23.52,23.52,41.52,67.69,52.21
18.07,18.07,52.39,68.36,51.43
14.77,14.77,53.88,65.01,53.62
19.73,19.73,54.35,70.89,54.39
24.80,24.80,49.08,64.88,53.11
28.34,28.34,42.49,69.28,51.99
29.43,29.43,39.44,66.28,51.54
25.03,25.03,39.51,69.22,52.90
23.90,23.90,45.99,65.85,48.85
20.88,20.88,56.09,69.11,56.93
21.50,21.50,57.61,63.45,57.50
25.35,25.35,50.98,68.40,55.86
32.81,32.81,48.61,68.04,57.52
33.32,33.32,45.70,66.18,56.81
32.92,32.92,44.92,71.59,55.43
24.54,24.54,51.84,67.02,53.39
16.45,16.45,68.35,68.78,54.58
8.53,8.53,70.43,63.84,52.03
17.77,17.77,65.54,67.38,53.19
24.70,24.70,72.70,67.68,57.90
28.22,28.22,65.00,64.52,62.54
29.54,29.54,53.04,57.38,61.69
30.65,30.65,54.80,53.93,62.08
25.16,25.16,57.44,63.27,60.73
20.45,20.45,64.39,65.63,59.31
23.43,23.43,63.28,69.64,59.91
23.80,23.80,61.77,64.29,58.65
26.64,26.64,57.22,60.88,59.26
25.35,25.35,50.89,51.65,59.08
25.90,25.90,37.13,49.40,59.46
22.89,22.89,34.74,54.32,55.53
26.72,26.72,40.69,53.13,64.47
19.53,19.53,53.70,67.29,68.66
14.49,14.49,58.73,68.22,68.94
14.34,14.34,59.90,71.28,67.45
19.39,19.39,59.64,66.87,66.63
22.12,22.12,52.16,68.55,66.64
23.27,23.27,45.03,71.90,66.12
23.11,23.11,45.36,68.24,65.59
16.21,16.21,44.35,65.63,64.67
16.39,16.39,51.38,72.61,66.61
18.17,18.17,51.46,70.53,66.17
23.23,23.23,48.43,66.04,64.87
22.25,22.25,40.50,71.71,63.82
24.09,24.09,37.67,66.18,62.21
18.28,18.28,41.76,68.68,56.41
13.99,13.99,49.22,71.43,54.50
14.83,14.83,63.09,65.90,53.48
16.79,16.79,70.54,69.28,55.82
17.82,17.82,67.64,66.01,54.13
22.08,22.08,70.53,63.62,53.93
28.90,28.90,66.55,68.94,53.71
30.84,30.84,62.56,67.79,55.22
30.21,30.21,57.34,64.27,56.08
28.00,28.00,67.19,66.98,54.78
28.14,28.14,66.45,67.63,63.21
26.82,26.82,59.63,66.63,61.90
30.56,30.56,58.92,54.72,59.87
36.67,36.67,57.78,58.60,60.23
40.43,40.43,45.75,63.07,58.72
38.53,38.53,40.94,55.45,59.85
35.58,35.58,40.77,61.26,57.59
29.76,29.76,42.37,60.66,58.00
28.32,28.32,52.97,70.21,56.95
21.02,21.02,60.32,68.82,54.49
24.61,24.61,58.08,65.96,53.01
30.16,30.16,54.01,69.06,53.82
33.45,33.45,49.12,62.53,51.16
34.84,34.84,46.51,67.22,49.49
32.83,32.83,44.62,62.72,48.88
24.78,24.78,45.25,67.18,45.86
17.07,17.07,51.72,64.27,51.34
15.05,15.05,61.33,63.10,56.19
15.05,15.05,53.18,67.16,51.72
19.94,19.94,49.64,64.74,55.26
17.82,17.82,41.99,69.23,58.35
16.40,16.40,42.97,62.76,53.93
12.47,12.47,45.83,69.37,51.49
12.82,12.82,64.06,62.90,54.96
11.97,11.97,72.31,64.32,52.84
16.12,16.12,67.10,61.32,52.32
23.60,23.60,74.46,66.90,54.67
25.57,25.57,64.97,53.94,56.54
27.10,27.10,56.63,65.53,55.81
28.66,28.66,65.99,57.08,56.47
27.50,27.50,60.31,61.96,56.37
23.96,23.96,63.12,64.12,55.61
27.54,27.54,63.73,63.96,57.13
28.71,28.71,64.29,69.78,56.93
30.04,30.04,62.39,62.42,59.15
28.62,28.62,57.53,61.60,59.09
29.83,29.83,49.92,63.18,57.76
30.07,30.07,36.57,65.31,55.05
27.96,27.96,36.69,59.65,51.53
29.96,29.96,48.45,70.11,53.35
26.41,26.41,59.67,72.01,56.59
25.03,25.03,58.57,61.80,55.50
28.34,28.34,51.73,71.54,59.64
30.80,30.80,43.33,65.71,57.47
33.17,33.17,38.57,66.38,57.23
29.89,29.89,39.93,71.36,57.10
28.96,28.96,45.05,68.89,56.26
24.64,24.64,52.86,66.90,56.62
19.96,19.96,59.34,68.82,57.32
24.13,24.13,52.79,70.14,56.78
27.67,27.67,45.63,68.79,57.10
29.37,29.37,41.11,67.35,56.68
26.96,26.96,43.08,68.62,55.40
23.23,23.23,45.41,65.12,51.97
17.48,17.48,57.82,64.42,55.50
21.64,21.64,71.95,69.17,54.09
20.37,20.37,67.16,64.58,50.46
21.58,21.58,69.01,61.96,51.27
26.65,26.65,71.46,61.83,52.84
29.80,29.80,67.94,58.92,48.29
29.03,29.03,67.30,64.20,49.67
27.90,27.90,66.50,62.99,49.01
28.24,28.24,64.71,63.52,46.73
31.10,31.10,60.96,62.39,51.86
34.04,34.04,56.24,55.82,52.73
35.91,35.91,54.53,61.10,54.03
33.58,33.58,55.23,61.55,54.69
34.80,34.80,41.62,62.56,55.11
32.35,32.35,34.89,64.57,51.86
28.65,28.65,32.62,61.46,48.32
26.63,26.63,42.18,67.43,49.50
26.17,26.17,56.51,63.04,53.96
15.31,15.31,60.71,66.41,55.30
18.92,18.92,56.94,60.43,53.26
26.76,26.76,52.18,66.75,57.83
30.04,30.04,45.74,63.27,55.09
31.95,31.95,44.52,64.96,53.26
30.69,30.69,47.50,63.48,53.67
26.39,26.39,52.12,64.94,56.42
23.33,23.33,61.88,65.48,58.00
20.57,20.57,56.60,59.66,52.69
26.07,26.07,54.84,67.59,51.66
30.07,30.07,51.98,63.52,51.01
30.23,30.23,51.82,67.27,48.54
25.06,25.06,50.70,63.86,46.19
13.73,13.73,57.78,68.39,45.44
13.16,13.16,72.34,60.56,46.88
14.86,14.86,70.48,64.23,48.31
15.97,15.97,72.37,62.32,47.06
21.53,21.53,72.10,58.05,45.70
26.62,26.62,67.26,55.06,49.33
28.97,28.97,69.34,60.26,48.92
26.01,26.01,68.23,65.84,45.10
19.26,19.26,64.16,63.77,41.40
19.59,19.59,61.68,61.68,46.55
19.17,19.17,58.89,60.17,54.40
19.56,19.56,56.06,60.26,51.11
22.49,22.49,52.19,58.94,51.28
23.18,23.18,46.17,56.68,50.74
25.98,25.98,39.18,56.76,51.29
23.79,23.79,37.43,57.78,47.71
23.91,23.91,46.18,59.60,47.77
18.51,18.51,55.14,72.08,48.75
14.17,14.17,57.51,71.71,48.82
14.64,14.64,57.94,68.87,51.40
18.21,18.21,57.53,72.46,54.20
24.57,24.57,53.07,69.55,53.94
27.34,27.34,49.57,71.83,53.03
26.43,26.43,50.65,72.53,55.51
21.61,21.61,50.72,70.75,53.90
18.17,18.17,55.46,68.85,53.65
22.47,22.47,55.58,71.81,57.77
26.28,26.28,47.72,68.22,56.96
29.19,29.19,41.40,71.72,56.69
28.59,28.59,39.04,71.15,55.92
26.26,26.26,45.82,68.09,55.89
20.28,20.28,52.40,71.24,52.07
15.41,15.41,69.55,68.40,48.39
12.20,12.20,72.54,69.73,47.88
17.69,17.69,70.65,68.95,50.31
20.34,20.34,67.03,60.82,52.98
22.84,22.84,59.79,65.74,55.29
23.99,23.99,60.26,66.01,54.75
23.42,23.42,66.53,68.03,53.96
22.79,22.79,68.10,67.91,54.45
27.63,27.63,65.60,70.20,56.13
30.29,30.29,64.25,68.90,57.02
34.59,34.59,60.61,69.89,55.94
37.29,37.29,52.22,71.64,55.03
38.82,38.82,51.89,63.87,54.62
39.68,39.68,47.83,56.71,51.55
32.46,32.46,41.25,49.57,48.05
24.07,24.07,38.74,48.71,49.04
27.57,27.57,54.65,68.75,51.76
18.10,18.10,58.32,72.02,50.41
20.47,20.47,56.76,64.92,50.92
23.54,23.54,50.12,70.87,54.40
25.06,25.06,44.06,64.62,54.36
25.95,25.95,38.85,68.38,56.04
22.31,22.31,37.57,66.38,52.17
18.33,18.33,44.15,68.84,49.62
17.65,17.65,54.89,68.29,51.09
14.23,14.23,59.15,68.07,53.98
18.23,18.23,52.99,69.63,51.43
23.43,23.43,48.33,63.54,49.34
29.06,29.06,46.49,67.30,48.67
25.80,25.80,47.57,61.24,45.16
20.73,20.73,50.98,63.10,46.01
15.67,15.67,65.54,59.92,50.34
10.44,10.44,70.30,65.51,54.78
12.03,12.03,69.75,64.58,55.74
13.10,13.10,72.51,66.41,58.61
15.34,15.34,70.15,67.22,59.03
19.74,19.74,64.06,67.55,58.40
21.64,21.64,66.77,65.76,60.76
21.54,21.54,66.32,67.45,61.19
21.00,21.00,63.49,67.84,59.88
21.90,21.90,64.23,69.79,61.50
21.81,21.81,59.58,67.23,60.51
21.17,21.17,56.45,68.49,61.14
23.86,23.86,52.69,70.20,60.90
29.72,29.72,47.38,68.52,61.01
25.46,25.46,42.46,67.04,60.79
20.00,20.00,43.17,68.32,59.92
18.24,18.24,50.02,65.25,57.32
16.56,16.56,54.10,59.06,60.28
18.44,18.44,51.03,60.10,60.57
21.19,21.19,46.53,61.55,59.64
24.04,24.04,41.68,60.48,59.06
22.34,22.34,34.85,62.38,59.32
20.80,20.80,36.59,61.52,58.59
16.88,16.88,42.37,61.71,56.51
20.93,20.93,55.42,60.51,61.90
13.62,13.62,55.80,61.19,62.37
17.32,17.32,54.48,59.65,62.50
19.49,19.49,52.15,58.52,62.40
23.81,23.81,50.34,58.37,62.50
22.34,22.34,47.93,63.95,60.66
18.77,18.77,51.55,62.55,61.32
14.31,14.31,60.85,63.72,61.35
18.27,18.27,69.16,66.74,62.31
12.53,12.53,67.02,62.69,59.94
15.85,15.85,71.21,63.87,60.50
19.91,19.91,69.73,64.26,60.06
20.05,20.05,67.81,63.99,61.02
20.75,20.75,62.03,64.71,61.77
22.09,22.09,64.62,69.32,61.24
24.77,24.77,65.60,64.59,59.63
23.47,23.47,62.37,68.24,59.44
27.89,27.89,58.10,71.84,60.27
25.99,25.99,48.42,66.54,62.64
28.81,28.81,41.09,68.31,61.21
28.79,28.79,39.03,67.66,57.60
25.69,25.69,38.24,70.14,56.37
19.02,19.02,43.99,66.10,55.72
20.25,20.25,57.85,69.00,59.49
12.05,12.05,61.65,67.93,62.62
14.50,14.50,57.30,69.66,63.64
18.64,18.64,52.75,69.23,62.64
20.91,20.91,45.61,68.99,62.73
20.50,20.50,39.48,70.10,63.46
22.29,22.29,39.14,66.10,62.21
20.07,20.07,42.51,69.38,62.32
19.50,19.50,48.96,64.50,62.44
24.07,24.07,56.96,66.13,64.34
23.18,23.18,52.63,65.42,62.58
23.75,23.75,47.16,67.39,64.05
24.44,24.44,41.94,67.81,61.68
21.06,21.06,39.84,68.29,60.94
17.27,17.27,49.23,66.74,61.01
13.23,13.23,56.48,62.26,59.48
14.20,14.20,70.25,66.48,57.26
10.70,10.70,70.85,65.49,56.63
15.59,15.59,65.54,66.91,55.91
18.36,18.36,73.00,69.97,52.26
22.89,22.89,66.53,62.23,54.79
26.97,26.97,59.94,60.93,56.64
25.81,25.81,62.48,66.93,55.02
22.00,22.00,63.32,66.33,53.63
23.23,23.23,61.53,68.08,58.46
25.36,25.36,58.00,68.66,57.85
25.09,25.09,52.91,65.07,63.05
29.14,29.14,45.52,64.85,60.79
25.06,25.06,44.43,66.35,58.07
21.63,21.63,44.29,60.32,58.44
16.93,16.93,42.25,55.58,59.75
18.14,18.14,51.42,60.37,69.79
14.64,14.64,54.60,65.74,68.24
12.36,12.36,52.89,65.43,67.85
17.31,17.31,50.63,70.90,67.94
19.54,19.54,45.96,69.88,67.80
22.82,22.82,41.98,66.08,65.00
22.38,22.38,41.44,70.13,65.21
21.91,21.91,43.50,69.63,66.06
19.14,19.14,46.78,66.02,65.94
21.72,21.72,54.60,71.15,65.18
23.78,23.78,52.58,66.77,64.73
26.15,26.15,48.19,68.34,65.90
26.49,26.49,42.85,72.68,64.35
24.75,24.75,44.57,68.12,59.49
21.63,21.63,53.85,64.35,57.90
20.96,20.96,53.20,71.96,54.97
23.60,23.60,71.80,67.24,56.36
23.57,23.57,69.86,63.58,57.69
28.65,28.65,69.65,66.73,58.08
33.60,33.60,66.38,67.54,59.23
32.52,32.52,55.82,64.43,58.02
28.42,28.42,58.69,65.68,58.44
26.03,26.03,64.05,64.99,57.59
24.25,24.25,64.80,70.05,59.31
24.33,24.33,61.31,66.59,63.30
26.61,26.61,58.93,63.17,63.28
27.81,27.81,54.63,70.03,62.81
30.25,30.25,47.24,67.43,59.83
30.44,30.44,45.60,61.21,59.72
30.50,30.50,43.15,51.27,60.24
26.46,26.46,42.53,48.02,61.85
24.09,24.09,46.92,57.50,60.18
23.50,23.50,58.30,71.25,58.94
20.06,20.06,58.85,68.81,56.69
19.51,19.51,58.09,69.63,56.40
22.98,22.98,58.58,68.89,57.09
25.14,25.14,55.32,68.65,55.95
28.68,28.68,53.82,70.66,55.45
27.25,27.25,51.72,68.30,55.99
24.20,24.20,50.02,69.34,53.66
20.94,20.94,58.46,69.52,54.98
21.63,21.63,58.74,69.58,57.18
24.42,24.42,52.57,71.15,54.55
28.43,28.43,48.95,69.36,57.30
25.46,25.46,48.09,69.96,57.33
23.42,23.42,47.84,69.27,58.02
18.76,18.76,54.68,70.46,53.85
16.15,16.15,68.71,65.66,56.87
10.27,10.27,70.04,67.90,56.26
14.61,14.61,67.00,65.38,57.43
16.71,16.71,70.57,66.32,56.78
19.17,19.17,67.31,65.27,58.18
23.35,23.35,66.99,66.97,56.53
23.11,23.11,63.25,66.93,58.07
23.19,23.19,64.10,66.84,59.23
24.31,24.31,62.17,66.21,55.37
28.90,28.90,59.80,66.89,57.93
27.83,27.83,51.01,67.86,55.98
29.70,29.70,40.99,67.71,55.45
29.57,29.57,43.14,70.35,52.11
33.10,33.10,40.86,67.54,54.67
29.48,29.48,34.73,69.26,52.12
25.26,25.26,40.21,66.32,49.35
25.57,25.57,50.47,68.82,53.43
20.04,20.04,54.35,67.20,55.67
23.63,23.63,51.68,68.11,56.94
29.25,29.25,45.68,64.47,56.10
31.97,31.97,39.12,69.78,58.70
31.40,31.40,37.93,71.32,56.83
26.42,26.42,39.86,66.36,55.47
20.95,20.95,48.30,68.81,55.20
18.60,18.60,57.58,70.66,58.22
18.83,18.83,54.55,69.31,59.20
25.46,25.46,49.74,65.15,61.37
28.42,28.42,45.04,68.98,59.41
25.25,25.25,38.45,69.31,60.46
22.05,22.05,45.08,68.38,60.09
17.50,17.50,53.64,68.54,57.94
19.46,19.46,66.11,60.25,55.94
19.49,19.49,73.95,68.38,55.21
20.46,20.46,68.84,66.32,56.68
26.15,26.15,71.01,67.30,57.13
29.96,29.96,67.93,65.82,57.93
29.98,29.98,59.53,69.31,56.65
31.29,31.29,54.78,65.51,56.92
30.36,30.36,45.71,69.11,57.05
32.00,32.00,48.84,64.01,55.44
32.86,32.86,52.48,67.04,58.03
34.50,34.50,54.97,69.68,55.88
35.02,35.02,50.14,66.66,56.69
35.54,35.54,42.44,67.42,55.03
34.42,34.42,33.11,67.48,53.48
31.89,31.89,36.07,68.42,54.55
26.01,26.01,37.95,67.87,50.66
23.42,23.42,49.88,69.13,53.81
19.92,19.92,62.38,69.50,57.14
19.67,19.67,60.52,70.39,54.25
25.46,25.46,57.53,67.95,53.81
26.35,26.35,46.41,68.96,56.07
25.71,25.71,36.94,70.86,53.12
26.44,26.44,37.13,67.78,55.55
25.49,25.49,41.85,69.48,54.29
24.82,24.82,50.30,69.47,52.94
26.56,26.56,58.11,67.10,57.62
25.01,25.01,50.79,67.29,52.82
27.40,27.40,47.78,67.34,56.97
26.45,26.45,42.05,69.39,54.22
23.11,23.11,47.07,68.72,58.16
14.98,14.98,52.36,68.82,55.45
14.82,14.82,62.73,68.60,54.77
17.49,17.49,71.11,69.27,54.72
19.70,19.70,69.19,66.59,54.96
26.74,26.74,71.16,67.40,53.92
28.01,28.01,68.19,61.49,57.31
29.17,29.17,59.44,68.27,56.65
31.53,31.53,53.43,63.84,58.11
26.97,26.97,48.26,67.27,58.37
22.67,22.67,57.13,65.81,57.46
26.48,26.48,60.43,67.10,59.53
26.35,26.35,60.21,68.65,58.90
30.81,30.81,57.42,62.74,57.86
26.67,26.67,48.25,49.62,58.00
26.70,26.70,42.24,53.52,57.90
29.27,29.27,38.58,56.21,55.97
26.34,26.34,43.57,57.07,54.82
25.39,25.39,54.48,63.95,52.54
20.55,20.55,62.34,70.82,54.99
19.20,19.20,58.59,69.64,53.89
20.72,20.72,53.80,69.05,54.79
22.29,22.29,47.68,72.34,55.65
26.26,26.26,41.87,65.63,53.98
24.48,24.48,39.73,70.38,56.80
20.73,20.73,38.38,71.36,56.90
21.29,21.29,48.90,68.59,57.67
19.40,19.40,58.02,71.14,55.36
24.33,24.33,53.28,71.03,58.83
25.27,25.27,45.62,65.88,60.25
29.75,29.75,39.32,72.12,54.28
27.87,27.87,38.56,67.05,53.74
23.01,23.01,51.01,65.77,52.29
17.71,17.71,55.72,72.29,54.78
13.98,13.98,70.93,61.63,55.96
12.37,12.37,69.91,64.28,56.88
18.92,18.92,61.93,65.86,56.82
20.93,20.93,68.50,67.98,57.40
23.77,23.77,59.39,66.05,53.00
25.89,25.89,58.28,68.15,55.97
25.33,25.33,59.70,61.86,56.41
21.27,21.27,66.30,66.81,56.33
19.74,19.74,64.86,63.01,55.23
21.95,21.95,62.14,58.11,54.55
26.16,26.16,55.64,57.34,53.48
30.29,30.29,48.27,50.52,55.08
29.42,29.42,45.46,53.87,55.74
27.31,27.31,35.59,58.39,53.20
22.13,22.13,41.48,61.22,51.63
22.59,22.59,47.21,62.76,53.71
21.03,21.03,58.37,69.53,55.03
20.46,20.46,56.08,64.56,55.51
27.93,27.93,53.76,67.91,57.89
30.83,30.83,48.09,70.02,56.82
30.86,30.86,44.73,67.13,57.94
32.06,32.06,43.09,68.86,55.40
25.09,25.09,43.72,64.68,55.98
20.15,20.15,54.98,69.62,61.13
15.49,15.49,64.09,64.97,61.16
16.92,16.92,61.21,68.75,60.05
21.44,21.44,54.12,67.26,58.72
25.50,25.50,47.75,67.57,58.28
25.32,25.32,45.65,63.79,54.94
17.72,17.72,46.62,67.99,56.22
9.90,9.90,54.42,69.13,55.08
10.58,10.58,72.42,67.44,57.46
12.74,12.74,72.81,68.38,56.34
15.54,15.54,67.64,66.32,57.12
17.33,17.33,71.91,71.06,57.12
17.53,17.53,65.27,66.74,59.43
17.78,17.78,56.36,65.55,62.08
16.54,16.54,52.02,62.27,60.50
16.63,16.63,59.23,66.26,61.46
20.01,20.01,60.37,62.87,61.58
23.49,23.49,60.62,69.84,63.90
20.93,20.93,55.02,69.87,61.78
20.13,20.13,47.92,67.00,62.30
20.77,20.77,44.68,65.01,62.72
19.27,19.27,46.54,65.99,62.68
19.24,19.24,43.79,58.96,59.00
21.04,21.04,49.31,61.84,61.29
23.63,23.63,56.85,65.76,63.92
22.89,22.89,54.54,68.07,64.58
23.53,23.53,49.97,70.73,62.57
25.31,25.31,45.78,68.96,63.50
25.22,25.22,39.94,66.58,66.48
24.01,24.01,39.81,70.16,63.51
21.77,21.77,43.13,67.31,63.74
17.10,17.10,46.74,66.31,64.44
20.45,20.45,56.54,69.45,61.79
22.06,22.06,52.58,68.04,60.84
21.41,21.41,47.72,68.94,64.60
22.00,22.00,43.78,69.28,61.79
23.88,23.88,42.96,66.47,61.99
19.53,19.53,48.33,67.85,61.02
13.74,13.74,53.03,66.51,53.48
17.18,17.18,68.57,68.62,59.56
15.49,15.49,71.75,63.73,54.07
20.91,20.91,69.13,69.81,54.24
22.77,22.77,71.48,69.82,52.87
24.89,24.89,69.54,69.93,55.67
27.66,27.66,60.94,66.88,54.56
27.43,27.43,60.22,64.88,55.32
26.63,26.63,60.45,66.38,57.23
27.21,27.21,58.43,66.42,60.73
28.20,28.20,55.55,68.39,62.03
32.62,32.62,49.81,65.93,59.48
31.32,31.32,37.83,69.92,58.09
32.85,32.85,39.85,65.82,56.41
31.39,31.39,35.81,67.76,55.41
26.02,26.02,36.93,64.77,56.14
18.18,18.18,44.10,69.83,57.19
14.98,14.98,51.41,64.15,58.02
16.12,16.12,55.17,69.08,57.68
21.26,21.26,54.55,65.50,56.04
24.74,24.74,48.71,68.98,58.71
26.61,26.61,40.63,68.21,59.26
28.77,28.77,36.42,66.58,58.97
25.54,25.54,38.19,70.04,57.08
23.69,23.69,46.99,64.57,57.11
23.95,23.95,54.38,68.93,59.97
24.45,24.45,57.84,67.97,63.60
28.93,28.93,53.20,69.55,60.47
33.51,33.51,49.49,65.23,59.67
34.69,34.69,45.74,67.85,56.79
32.28,32.28,46.34,66.99,55.97
23.12,23.12,54.72,68.36,52.41
15.87,15.87,67.30,68.64,52.59
16.50,16.50,70.39,67.93,55.05
19.33,19.33,68.55,66.87,53.63
20.75,20.75,71.80,66.05,55.60
22.02,22.02,69.66,65.90,54.10
26.19,26.19,64.65,63.57,53.73
25.15,25.15,64.88,68.15,54.20
21.42,21.42,64.72,66.24,51.82
21.55,21.55,62.58,68.39,52.87
27.34,27.34,58.79,66.06,57.04
26.28,26.28,51.40,66.03,54.17
30.66,30.66,45.62,65.39,52.86
26.37,26.37,43.18,64.17,53.61
22.61,22.61,41.71,65.56,52.55
20.08,20.08,37.75,59.83,51.05
21.56,21.56,38.98,55.26,63.16
19.29,19.29,54.27,64.15,69.88
13.89,13.89,59.30,67.48,68.32
16.29,16.29,59.09,69.84,67.97
21.79,21.79,57.06,70.44,66.73
22.51,22.51,50.30,70.93,64.97
24.88,24.88,43.38,71.05,65.76
23.05,23.05,41.36,67.76,67.25
12.99,12.99,39.63,70.50,65.36
11.43,11.43,50.01,68.70,67.94
13.71,13.71,51.80,68.95,67.42
22.02,22.02,48.46,70.23,67.02
23.29,23.29,40.73,65.71,66.37
26.27,26.27,37.05,65.36,62.91
22.04,22.04,45.46,67.96,60.63
17.69,17.69,55.22,66.80,59.29
18.93,18.93,64.07,68.42,57.61
20.01,20.01,70.33,69.82,57.94
21.33,21.33,71.15,68.35,54.88
23.23,23.23,71.36,67.13,55.17
28.15,28.15,69.02,62.57,54.63
30.87,30.87,63.43,66.93,56.00
30.15,30.15,63.46,67.02,53.34
29.19,29.19,65.39,70.33,54.79
29.97,29.97,62.93,67.42,62.55
29.36,29.36,63.12,66.89,61.89
30.89,30.89,60.84,70.79,60.63
34.10,34.10,51.95,67.13,60.96
34.78,34.78,45.48,66.55,61.25
32.93,32.93,43.97,49.48,59.79
27.15,27.15,34.91,46.49,58.95
20.75,20.75,43.49,47.85,58.51
18.81,18.81,55.70,67.77,59.00
11.04,11.04,64.11,67.06,62.52
10.75,10.75,59.35,67.35,59.50
11.00,11.00,57.22,65.55,60.05
13.76,13.76,53.38,68.39,59.67
15.91,15.91,52.62,62.88,57.15
19.78,19.78,50.12,68.48,57.78
21.35,21.35,51.73,67.81,56.26
16.50,16.50,53.54,67.29,59.27
18.49,18.49,62.29,65.76,64.28
18.73,18.73,57.19,62.08,57.35
25.01,25.01,50.59,68.23,58.77
22.73,22.73,43.19,63.15,58.22
26.03,26.03,46.79,67.63,56.80
25.27,25.27,53.76,66.38,52.16
18.35,18.35,60.57,67.91,53.98
9.01,9.01,72.40,60.82,52.52
7.44,7.44,74.06,66.33,54.32
13.00,13.00,68.03,63.74,54.50
16.66,16.66,68.60,63.62,56.13
20.58,20.58,65.49,64.55,57.01
19.76,19.76,61.47,63.99,58.20
19.36,19.36,61.50,70.07,57.31
16.34,16.34,58.95,64.73,56.85
19.64,19.64,56.79,66.94,62.08
23.57,23.57,51.68,62.93,59.80
20.88,20.88,44.87,66.81,56.86
25.10,25.10,44.76,66.23,57.22
29.95,29.95,43.50,68.67,58.58
30.14,30.14,39.32,64.64,54.51
27.17,27.17,37.67,62.22,54.04
24.51,24.51,46.15,66.28,51.13
23.66,23.66,62.68,66.57,57.25
18.82,18.82,60.74,58.61,57.27
22.31,22.31,52.89,70.74,55.40
25.03,25.03,41.81,67.32,57.37
26.82,26.82,35.56,70.20,58.45
26.49,26.49,35.58,65.42,56.76
22.18,22.18,44.43,70.53,59.46
17.91,17.91,52.41,66.19,57.04
14.95,14.95,55.66,70.39,60.18
19.82,19.82,52.34,70.24,55.95
22.21,22.21,45.40,71.66,56.13
23.35,23.35,40.13,68.12,60.37
24.19,24.19,41.96,65.93,57.91
17.79,17.79,47.71,67.03,54.07
12.85,12.85,59.29,62.33,51.70
17.70,17.70,72.75,61.40,59.95
13.25,13.25,71.29,66.13,58.60
15.44,15.44,65.24,64.27,59.31
20.65,20.65,72.05,65.45,59.75
23.65,23.65,64.41,63.27,58.84
27.47,27.47,54.22,62.16,57.44
28.84,28.84,52.85,66.80,58.95
26.79,26.79,48.79,65.18,60.20
29.07,29.07,53.76,66.85,61.02
31.48,31.48,54.42,70.38,61.14
33.79,33.79,53.42,66.12,60.76
34.11,34.11,48.47,68.72,61.23
35.86,35.86,34.77,70.26,60.63
33.16,33.16,31.76,67.91,58.50
28.11,28.11,31.66,70.54,54.12
25.19,25.19,43.47,66.74,53.59
17.98,17.98,53.77,71.16,59.38
16.16,16.16,55.12,67.23,59.26
19.31,19.31,53.22,69.87,60.29
22.59,22.59,49.07,66.20,59.38
26.61,26.61,39.88,69.41,58.82
27.66,27.66,35.07,67.27,59.68
23.32,23.32,39.36,68.75,57.76
21.68,21.68,47.40,70.06,59.10
23.83,23.83,56.11,66.07,63.61
24.96,24.96,51.58,67.39,62.14
28.74,28.74,49.13,65.48,60.50
33.83,33.83,46.48,70.08,61.65
32.65,32.65,42.62,65.53,59.35
26.43,26.43,46.33,68.86,59.35
15.69,15.69,53.41,64.97,56.98
16.62,16.62,71.72,64.83,59.67
10.14,10.14,70.54,67.37,63.96
13.96,13.96,68.39,67.42,61.68
18.46,18.46,72.21,67.48,58.04
22.60,22.60,62.81,57.60,57.32
23.92,23.92,61.72,57.45,55.35
20.61,20.61,57.14,62.00,53.84
16.20,16.20,58.62,63.11,53.35
15.82,15.82,62.30,65.92,55.50
15.61,15.61,61.25,69.47,59.90
15.35,15.35,56.95,69.08,59.15
18.64,18.64,52.89,64.46,58.89
21.90,21.90,48.57,49.52,57.86
22.81,22.81,42.57,52.45,60.17
20.76,20.76,42.40,54.56,57.97
18.76,18.76,45.77,53.34,59.59
17.76,17.76,57.11,70.40,62.88
12.46,12.46,61.14,68.20,61.86
13.13,13.13,61.39,71.44,60.08
14.37,14.37,59.89,72.57,61.72
17.53,17.53,54.24,72.19,59.75
18.98,18.98,50.45,69.93,60.32
17.88,17.88,48.68,70.06,60.11
14.87,14.87,48.71,70.35,57.98
13.53,13.53,56.56,72.59,62.25
16.76,16.76,55.05,70.16,62.52
20.87,20.87,51.25,68.46,60.09
22.06,22.06,45.56,72.63,58.65
23.60,23.60,41.90,70.71,55.38
21.38,21.38,46.88,69.34,54.94
14.04,14.04,54.00,72.72,51.54
11.69,11.69,68.91,64.95,53.63
14.17,14.17,67.60,68.60,56.66
15.04,15.04,68.45,67.48,55.44
17.07,17.07,68.37,67.30,54.19
20.73,20.73,61.29,65.41,54.77
21.35,21.35,61.23,65.09,53.94
24.64,24.64,59.90,65.78,55.71
21.48,21.48,67.19,68.97,52.99
22.72,22.72,65.67,69.64,62.03
23.37,23.37,61.99,67.89,59.08
27.22,27.22,59.36,71.83,57.53
27.44,27.44,52.35,68.91,56.37
30.90,30.90,48.32,69.67,59.38
30.46,30.46,41.60,71.36,56.74
24.90,24.90,38.22,67.85,54.25
15.23,15.23,41.17,65.18,53.00
14.93,14.93,54.57,66.31,58.22
9.71,9.71,59.30,67.49,62.65
11.30,11.30,57.75,65.74,60.79
14.21,14.21,54.63,71.42,59.48
19.98,19.98,51.05,64.47,61.09
24.11,24.11,48.92,70.31,60.25
25.01,25.01,50.02,62.76,59.62
19.48,19.48,48.98,69.95,58.65
15.79,15.79,56.03,68.25,58.35
10.55,10.55,59.30,71.25,60.16
12.57,12.57,56.15,71.92,58.89
19.25,19.25,53.00,65.81,58.91
21.09,21.09,51.83,69.15,62.11
22.15,22.15,50.77,66.95,60.29
14.58,14.58,52.68,65.22,57.42
8.57,8.57,63.60,66.09,56.49
10.68,10.68,69.99,60.07,64.37
9.21,9.21,68.42,64.01,62.04
10.29,10.29,72.27,65.25,61.23
14.45,14.45,71.61,63.35,61.32
10.24,10.24,62.11,65.28,62.53
15.88,15.88,64.39,63.48,62.28
18.27,18.27,62.13,68.78,61.19
15.69,15.69,62.59,70.06,60.57
18.90,18.90,63.32,68.36,66.04
18.63,18.63,59.15,68.30,63.97
18.21,18.21,49.31,70.95,63.17
18.70,18.70,53.57,71.15,62.33
21.89,21.89,50.49,70.09,61.74
23.33,23.33,42.26,68.40,61.28
21.41,21.41,41.49,68.26,60.39
22.62,22.62,46.72,67.58,60.44
21.82,21.82,51.10,66.32,62.60
22.13,22.13,48.77,65.48,62.07
23.60,23.60,43.05,68.27,60.57
28.10,28.10,40.77,65.60,60.71
28.30,28.30,38.61,66.70,62.36
23.92,23.92,39.40,67.38,60.17
16.04,16.04,43.67,67.73,60.71
15.68,15.68,54.56,66.82,64.58
12.03,12.03,54.18,67.55,66.09
19.95,19.95,51.92,67.83,65.76
20.91,20.91,46.22,67.79,64.98
21.69,21.69,43.26,69.17,65.55
20.50,20.50,47.33,69.19,65.62
15.47,15.47,51.94,69.61,63.25
15.41,15.41,60.58,63.57,63.31
11.39,11.39,69.85,68.39,65.15
2.85,2.85,70.46,70.55,63.03
7.05,7.05,68.25,62.12,63.42
11.33,11.33,68.52,62.51,64.25
15.68,15.68,68.34,59.69,64.54
22.00,22.00,65.23,65.58,63.51
23.69,23.69,64.57,67.21,63.56
25.10,25.10,61.49,63.89,61.31
24.99,24.99,58.16,67.81,62.79
27.03,27.03,48.54,64.09,63.71
27.81,27.81,44.65,66.06,62.69
29.11,29.11,48.48,65.09,61.31
29.02,29.02,39.27,68.14,59.51
26.72,26.72,36.99,64.47,58.74
20.50,20.50,41.64,66.82,59.10
18.72,18.72,55.66,69.69,60.22
11.05,11.05,59.96,67.92,64.32
12.55,12.55,56.17,69.79,63.63
17.27,17.27,52.86,65.54,63.78
20.28,20.28,45.22,70.35,61.65
21.34,21.34,40.75,65.12,62.31
22.87,22.87,37.59,68.55,62.18
19.47,19.47,37.20,64.53,61.60
20.10,20.10,43.49,68.79,62.12
23.11,23.11,49.67,67.31,65.38
22.38,22.38,46.87,67.56,66.80
25.52,25.52,44.59,70.11,65.97
26.62,26.62,39.99,64.79,63.35
27.35,27.35,40.08,68.07,62.77
23.47,23.47,48.48,66.01,64.50
10.71,10.71,56.88,70.10,62.27
9.05,9.05,72.85,64.73,59.04
12.83,12.83,72.89,62.90,60.74
18.34,18.34,68.47,60.92,61.11
19.95,19.95,69.20,62.63,61.19
23.96,23.96,66.45,63.81,60.50
24.75,24.75,66.60,64.83,60.55
24.64,24.64,65.14,69.12,61.07
19.78,19.78,60.92,63.89,60.66
20.89,20.89,57.94,66.79,64.01
18.84,18.84,52.98,60.91,63.51
17.32,17.32,50.57,60.28,65.02
19.00,19.00,45.09,52.58,65.62
23.05,23.05,39.51,45.11,65.20
22.30,22.30,36.35,52.60,65.76
19.72,19.72,37.24,44.58,60.07
20.27,20.27,42.73,62.73,63.25
13.10,13.10,52.17,68.83,71.74
11.45,11.45,54.81,70.45,71.70
11.86,11.86,55.58,65.97,69.89
14.48,14.48,51.88,71.74,66.73
17.26,17.26,47.50,67.93,65.01
18.10,18.10,45.28,66.34,65.93
14.04,14.04,43.61,73.15,66.11
10.75,10.75,45.70,66.43,67.06
13.99,13.99,54.94,68.96,68.25
17.49,17.49,52.37,73.09,68.31
20.05,20.05,46.13,68.24,68.77
20.71,20.71,38.18,65.63,65.48
20.77,20.77,36.84,72.82,60.90
18.88,18.88,42.96,68.26,59.75
15.02,15.02,51.34,65.99,58.04
13.10,13.10,70.82,70.80,59.94
10.73,10.73,73.20,66.09,58.97
15.85,15.85,67.40,68.81,59.82
17.48,17.48,71.32,70.50,60.86
19.50,19.50,63.95,70.54,59.94
18.88,18.88,55.30,66.62,62.09
19.84,19.84,50.76,67.91,59.03
19.94,19.94,61.07,64.60,56.84
20.43,20.43,64.57,66.17,59.14
25.32,25.32,64.17,56.28,62.87
28.06,28.06,60.64,56.90,61.44
32.95,32.95,51.91,53.28,62.31
32.15,32.15,48.79,47.32,59.87
34.75,34.75,48.59,51.01,59.58
30.12,30.12,41.55,47.85,57.30
22.96,22.96,43.04,59.25,56.87
21.11,21.11,54.70,65.38,56.13
14.69,14.69,59.58,69.43,59.37
12.51,12.51,57.93,70.19,59.47
14.81,14.81,55.73,69.39,59.46
15.56,15.56,49.86,69.21,56.47
16.53,16.53,47.23,69.45,60.61
17.10,17.10,44.41,70.05,56.27
12.53,12.53,44.41,69.94,54.92
11.11,11.11,52.16,69.64,58.75
10.90,10.90,50.33,70.05,57.52
13.46,13.46,47.91,69.34,60.71
16.84,16.84,42.18,69.99,60.16
16.78,16.78,36.19,68.68,57.41
15.88,15.88,40.84,71.18,57.18
11.18,11.18,51.05,67.49,54.42
7.20,7.20,67.12,67.94,57.06
3.62,3.62,74.62,63.83,58.28
7.09,7.09,70.20,66.69,59.94
10.69,10.69,69.54,58.36,61.93
11.35,11.35,68.24,63.44,58.61
14.02,14.02,59.64,65.10,55.96
17.24,17.24,60.23,64.17,56.18
17.91,17.91,59.67,66.10,56.76
19.33,19.33,53.40,69.72,54.66
23.88,23.88,50.54,66.72,61.37
21.38,21.38,43.20,70.77,59.18
25.13,25.13,49.07,66.83,59.29
29.30,29.30,48.10,68.87,55.11
28.47,28.47,39.71,65.04,55.30
27.04,27.04,36.46,66.22,55.23
23.58,23.58,42.75,63.37,51.98
18.69,18.69,50.97,68.51,57.72
10.77,10.77,53.18,71.17,58.43
12.62,12.62,52.36,64.78,57.81
18.79,18.79,47.89,72.82,57.68
21.31,21.31,41.11,66.36,57.38
21.49,21.49,36.67,73.18,57.88
20.25,20.25,39.83,65.37,55.07
16.62,16.62,46.83,72.07,55.98
14.39,14.39,57.96,66.04,60.22
14.03,14.03,54.47,72.05,60.91
20.68,20.68,51.25,66.49,60.61
22.77,22.77,44.86,72.40,59.61
21.60,21.60,37.80,66.00,58.00
21.55,21.55,46.46,72.38,56.10
17.10,17.10,54.23,59.01,54.50
16.52,16.52,66.89,64.69,53.21
15.58,15.58,73.05,65.46,54.31
11.52,11.52,72.27,67.04,54.93
16.25,16.25,67.65,64.30,59.13
20.69,20.69,68.26,65.75,56.03
22.55,22.55,64.67,61.43,55.20
25.53,25.53,55.79,62.81,55.84
22.28,22.28,57.73,67.29,54.72
22.85,22.85,56.85,65.03,56.99
21.94,21.94,55.90,64.77,61.24
25.42,25.42,52.32,68.59,62.05
24.51,24.51,41.23,64.32,60.44
29.07,29.07,43.16,67.57,59.89
28.02,28.02,36.33,64.06,58.79
26.04,26.04,32.78,67.82,58.32
20.46,20.46,37.65,65.04,53.33
16.48,16.48,49.87,68.97,57.38
14.34,14.34,63.01,60.14,63.53
12.18,12.18,60.97,67.98,61.56
16.45,16.45,54.87,63.84,61.40
18.12,18.12,45.26,63.85,60.76
19.88,19.88,37.43,63.72,57.78
20.60,20.60,35.89,62.87,57.63
17.86,17.86,40.66,66.71,56.50
17.15,17.15,52.72,65.05,59.27
20.46,20.46,51.71,67.40,60.91
20.15,20.15,48.43,60.89,60.95
20.29,20.29,44.55,67.25,59.88
23.36,23.36,39.51,59.77,59.20
20.23,20.23,39.97,68.83,57.84
15.41,15.41,45.16,60.96,55.93
11.71,11.71,54.35,64.02,53.86
9.27,9.27,71.72,63.68,56.61
8.45,8.45,74.45,62.94,57.87
11.18,11.18,73.58,63.33,59.33
15.53,15.53,71.82,58.57,58.93
22.36,22.36,67.33,56.75,57.61
22.65,22.65,62.21,57.37,57.42
22.00,22.00,60.86,61.32,56.26
17.76,17.76,64.22,57.78,55.91
20.83,20.83,62.81,62.87,60.47
18.69,18.69,61.01,62.43,61.24
18.84,18.84,57.92,61.63,62.66
19.35,19.35,44.68,61.78,62.64
18.62,18.62,37.38,61.13,59.66
20.91,20.91,37.25,53.52,57.24
17.69,17.69,36.79,53.82,56.51
17.09,17.09,46.90,61.54,58.16
16.53,16.53,51.49,70.46,66.30
16.24,16.24,50.45,69.51,65.92
16.05,16.05,47.24,69.82,70.00
16.59,16.59,43.05,71.96,66.03
17.74,17.74,39.64,71.07,68.37
16.93,16.93,40.87,70.44,68.73
13.32,13.32,42.10,72.01,66.83
15.79,15.79,52.04,68.15,65.32
15.70,15.70,54.64,71.81,67.23
14.44,14.44,52.31,70.49,68.40
18.27,18.27,46.32,67.67,68.46
21.08,21.08,39.86,72.33,66.95
20.20,20.20,35.99,69.03,64.25
16.28,16.28,47.88,67.96,60.17
10.73,10.73,54.52,72.76,57.40
13.80,13.80,71.88,66.05,66.60
7.99,7.99,74.89,66.00,67.01
9.09,9.09,73.78,67.63,67.20
11.99,11.99,67.51,62.29,66.80
14.41,14.41,66.29,62.52,64.09
16.02,16.02,63.28,67.05,64.86
15.17,15.17,58.66,67.03,64.08
12.16,12.16,61.34,67.19,63.72
11.24,11.24,59.95,63.34,63.06
11.45,11.45,59.26,59.61,64.04
15.21,15.21,56.55,56.38,64.69
17.65,17.65,53.76,52.50,63.86
19.59,19.59,47.52,46.89,61.30
19.94,19.94,44.84,49.08,60.44
17.31,17.31,43.70,45.92,58.35
15.81,15.81,47.47,65.69,60.00
16.22,16.22,57.21,68.56,62.47
16.09,16.09,55.75,69.55,65.15
18.59,18.59,52.58,70.06,61.54
21.19,21.19,48.82,67.83,61.30
21.87,21.87,44.18,68.49,63.05
23.23,23.23,41.64,67.40,63.42
14.87,14.87,37.88,69.66,61.81
14.45,14.45,47.94,66.72,58.64
9.83,9.83,57.67,69.70,60.63
10.96,10.96,52.85,68.60,64.00
12.02,12.02,50.80,69.89,62.09
14.77,14.77,47.84,68.07,61.22
13.30,13.30,44.43,68.96,59.57
11.00,11.00,48.48,70.32,58.75
3.45,3.45,47.39,66.78,58.11
7.51,7.51,67.48,67.53,60.81
6.90,6.90,70.82,64.10,67.10
8.78,8.78,69.48,62.92,70.62
10.72,10.72,71.84,61.98,68.53
13.84,13.84,67.17,64.62,66.15
18.15,18.15,62.95,65.15,66.77
20.70,20.70,61.20,69.35,66.52
19.85,19.85,58.69,65.58,65.66
21.76,21.76,54.55,65.24,66.29
25.08,25.08,49.45,65.86,66.27
23.12,23.12,48.45,67.61,64.72
26.05,26.05,53.31,64.39,63.07
27.46,27.46,46.77,57.25,63.73
26.11,26.11,39.90,51.62,58.91
23.44,23.44,39.29,47.31,56.47
21.68,21.68,41.59,49.83,56.61
22.27,22.27,53.58,70.15,61.37
19.06,19.06,53.41,71.49,63.15
19.28,19.28,51.09,68.24,63.89
22.15,22.15,45.85,72.91,58.68
22.66,22.66,40.31,66.43,57.96
21.44,21.44,39.42,73.25,58.63
18.35,18.35,39.19,64.73,57.32
16.93,16.93,47.83,73.55,58.40
15.82,15.82,56.98,64.70,61.79
15.58,15.58,53.21,72.82,60.47
19.85,19.85,51.52,68.84,59.69
22.48,22.48,49.35,71.65,57.07
25.97,25.97,46.70,66.77,58.40
24.55,24.55,47.63,67.52,57.39
14.66,14.66,52.56,67.63,54.53
15.31,15.31,68.78,68.56,58.11
16.83,16.83,75.21,64.60,57.16
24.57,24.57,68.75,66.02,59.17
25.26,25.26,66.96,63.10,61.44
20.94,20.94,70.74,68.39,60.17
24.08,24.08,65.81,64.08,61.04
23.30,23.30,57.40,67.59,59.76
19.57,19.57,53.34,64.59,56.46
21.18,21.18,54.47,66.63,60.12
20.60,20.60,55.39,66.81,61.66
24.83,24.83,54.54,70.47,61.74
26.54,26.54,43.37,65.13,60.13
26.23,26.23,36.88,68.50,57.65
24.40,24.40,37.01,64.55,58.84
21.45,21.45,38.12,68.05,57.56
16.56,16.56,46.04,66.06,58.67
15.51,15.51,58.35,63.29,60.85
11.73,11.73,59.73,64.89,59.74
16.27,16.27,57.05,64.82,62.03
19.87,19.87,48.63,68.15,61.87
22.12,22.12,41.46,63.98,61.02
22.20,22.20,35.80,67.82,59.97
19.46,19.46,33.07,63.83,58.83
18.78,18.78,38.54,67.50,59.44
19.07,19.07,47.18,65.09,62.70
22.24,22.24,49.10,64.46,64.85
23.53,23.53,44.71,66.81,65.54
26.26,26.26,41.30,65.56,64.25
23.90,23.90,33.26,67.92,64.05
20.37,20.37,41.89,65.53,62.20
11.01,11.01,50.41,68.51,60.17
11.00,11.00,60.93,64.05,61.18
9.95,9.95,67.31,67.54,59.12
11.93,11.93,69.88,65.34,60.98
16.21,16.21,73.44,65.69,60.69
20.21,20.21,69.85,68.47,60.08
21.63,21.63,68.93,68.61,61.19
23.18,23.18,61.76,67.23,59.71
21.64,21.64,50.87,61.61,60.35
20.90,20.90,48.57,63.62,60.56
26.41,26.41,55.30,66.95,62.05
24.70,24.70,53.91,71.58,62.50
26.47,26.47,51.64,60.32,65.22
22.93,22.93,41.83,64.01,65.61
21.46,21.46,28.98,55.48,64.01
22.74,22.74,32.29,51.69,61.67
21.94,21.94,36.92,49.90,57.28
22.27,22.27,51.91,66.91,61.37
17.45,17.45,56.97,72.01,64.32
15.26,15.26,54.48,66.93,70.67
16.60,16.60,48.76,70.62,71.36
19.21,19.21,42.51,72.32,70.85
18.59,18.59,36.33,66.00,67.08
16.19,16.19,33.82,69.81,65.45
17.78,17.78,36.55,71.62,65.92
17.12,17.12,48.02,68.53,65.46
16.85,16.85,51.74,68.96,66.06
18.34,18.34,48.98,68.72,68.75
17.35,17.35,40.75,68.90,69.31
20.09,20.09,37.24,70.46,68.68
18.01,18.01,38.62,68.46,66.03
14.71,14.71,47.18,67.39,59.98
12.56,12.56,57.47,71.34,57.91
13.49,13.49,74.09,66.48,61.05
13.80,13.80,75.99,63.15,56.60
21.64,21.64,72.48,66.17,57.53
24.44,24.44,68.92,65.69,60.51
24.68,24.68,67.23,62.01,60.64
22.90,22.90,62.28,66.06,61.39
18.78,18.78,55.50,66.84,59.02
13.89,13.89,60.49,68.37,56.51
8.00,8.00,61.53,65.43,59.00
9.32,9.32,61.57,60.77,55.52
14.81,14.81,59.34,54.27,58.28
18.08,18.08,55.18,53.58,57.17
21.51,21.51,50.90,48.66,57.44
22.65,22.65,48.06,49.39,60.09
19.65,19.65,47.25,46.43,58.54
17.15,17.15,52.40,68.26,57.44
16.08,16.08,59.33,65.94,59.60
12.86,12.86,57.89,65.67,57.99
14.13,14.13,56.86,65.87,56.77
16.22,16.22,55.69,69.08,56.07
20.26,20.26,55.28,63.47,56.41
21.14,21.14,53.85,69.08,54.96
18.82,18.82,53.92,60.65,53.26
17.11,17.11,55.89,69.86,53.83
17.39,17.39,63.83,61.27,54.45
18.64,18.64,57.44,67.29,55.78
21.16,21.16,49.97,67.19,57.93
22.57,22.57,46.84,66.11,56.41
24.18,24.18,44.68,66.20,56.93
20.30,20.30,45.58,66.82,53.99
9.28,9.28,50.97,68.49,48.53
7.74,7.74,71.19,61.18,53.22
5.87,5.87,68.23,66.04,50.69
9.08,9.08,71.49,66.15,53.51
12.46,12.46,68.87,62.67,57.60
14.46,14.46,70.02,60.96,57.65
16.44,16.44,60.78,61.92,55.92
17.21,17.21,48.87,58.77,57.40
17.17,17.17,57.51,67.53,56.22
23.58,23.58,59.38,64.09,58.63
24.11,24.11,55.36,63.22,58.15
25.63,25.63,52.31,68.25,55.46
30.60,30.60,50.17,66.27,53.96
33.57,33.57,46.55,63.97,54.77
34.10,34.10,43.43,60.28,51.92
29.96,29.96,42.80,60.91,51.58
27.98,27.98,47.62,62.28,49.10
22.96,22.96,60.71,71.28,50.38
21.36,21.36,58.41,69.34,56.79
21.43,21.43,52.29,71.63,59.58
29.34,29.34,43.05,70.00,58.37
31.72,31.72,37.78,71.72,53.84
31.75,31.75,36.46,69.51,50.24
22.89,22.89,42.62,72.46,47.30
16.99,16.99,54.05,69.94,51.76
13.77,13.77,61.73,71.79,54.19
16.07,16.07,55.65,69.74,55.79
20.90,20.90,50.94,70.41,58.61
22.18,22.18,44.04,69.58,57.61
22.04,22.04,42.35,70.16,56.73
15.44,15.44,55.11,65.36,55.53
12.30,12.30,61.54,59.35,53.22
17.11,17.11,73.16,57.64,53.92
14.54,14.54,77.37,64.73,50.68
16.36,16.36,72.50,64.98,53.41
19.04,19.04,71.89,65.20,59.07
24.22,24.22,66.80,66.34,57.11
27.81,27.81,54.16,69.70,53.42
27.80,27.80,51.55,65.68,50.83
26.15,26.15,49.35,68.75,51.09
27.03,27.03,56.79,68.41,56.08
25.87,25.87,54.98,67.43,57.51
29.91,29.91,52.64,69.57,55.24
30.48,30.48,45.42,67.71,55.41
33.03,33.03,36.60,68.14,54.67
32.48,32.48,35.98,70.71,50.64
29.30,29.30,36.38,68.20,50.74
22.61,22.61,45.27,69.40,50.51
10.98,10.98,55.02,67.09,57.19
9.60,9.60,56.43,68.77,59.98
13.47,13.47,55.27,67.80,59.38
18.32,18.32,49.79,67.94,57.62
21.88,21.88,39.91,66.30,57.63
21.04,21.04,33.88,68.47,54.43
20.71,20.71,37.77,68.22,55.21
23.33,23.33,45.41,65.61,57.16
22.59,22.59,57.66,71.99,61.23
21.74,21.74,52.41,67.62,59.21
25.71,25.71,49.54,68.46,57.05
28.92,28.92,46.43,67.36,56.46
28.90,28.90,42.66,70.73,55.00
25.23,25.23,46.37,67.24,52.59
17.00,17.00,51.53,67.78,49.64
13.90,13.90,71.62,65.26,48.65
12.90,12.90,65.97,70.13,53.33
17.33,17.33,70.68,66.22,55.08
18.43,18.43,74.08,64.36,58.77
20.48,20.48,56.88,58.89,57.91
20.55,20.55,58.50,65.37,52.03
22.24,22.24,62.78,65.45,51.58
20.26,20.26,54.39,64.87,49.90
19.98,19.98,59.14,66.47,55.93
21.45,21.45,59.35,68.39,57.09
19.63,19.63,54.03,60.65,59.33
19.65,19.65,48.02,48.87,61.01
19.59,19.59,40.19,48.34,58.25
19.44,19.44,36.96,52.56,54.18
17.66,17.66,39.09,42.98,53.07
17.92,17.92,43.90,56.20,54.80
20.32,20.32,57.66,64.93,57.05
13.71,13.71,61.56,72.67,59.45
14.80,14.80,60.08,68.61,62.24
16.95,16.95,57.65,72.32,61.12
18.82,18.82,49.50,70.86,59.12
20.22,20.22,44.44,68.33,57.48
20.06,20.06,42.46,72.97,55.35
16.35,16.35,45.85,69.78,54.13
16.55,16.55,56.35,69.93,55.69
14.98,14.98,56.11,72.53,58.48
18.66,18.66,50.45,68.30,56.08
22.09,22.09,45.86,70.72,54.56
24.28,24.28,42.28,73.18,53.95
22.38,22.38,42.94,68.27,53.38
15.07,15.07,51.92,69.94,53.33
12.22,12.22,65.01,73.01,55.22
9.30,9.30,73.77,68.40,61.28
11.52,11.52,66.34,65.80,62.63
11.75,11.75,71.82,69.44,57.70
16.59,16.59,71.38,67.79,61.39
18.87,18.87,64.28,70.10,64.80
21.05,21.05,62.27,69.83,65.27
18.00,18.00,62.06,66.51,61.33
18.00,18.00,59.55,71.69,58.07
17.90,17.90,59.06,68.23,62.49
24.55,24.55,57.31,70.17,61.75
23.40,23.40,50.75,69.38,59.05
26.18,26.18,51.76,65.80,57.80
23.26,23.26,43.62,50.56,56.75
19.66,19.66,35.32,49.12,55.44
16.37,16.37,37.19,49.48,55.61
18.51,18.51,51.82,69.81,62.65
11.46,11.46,56.64,69.18,65.51
14.09,14.09,53.29,70.37,65.21
18.39,18.39,48.80,68.44,66.75
19.75,19.75,42.29,67.09,65.67
21.39,21.39,37.33,68.16,65.02
18.76,18.76,37.75,68.74,64.65
11.87,11.87,40.73,68.02,63.83
15.25,15.25,58.98,70.50,63.54
8.80,8.80,60.81,66.64,62.62
10.74,10.74,59.36,69.63,62.16
14.83,14.83,53.29,69.44,62.45
19.10,19.10,51.38,70.06,61.65
15.92,15.92,45.89,68.73,59.93
7.99,7.99,45.44,60.32,57.50
7.64,7.64,60.61,60.25,57.19
6.84,6.84,73.20,56.70,59.15
10.98,10.98,73.47,62.58,58.54
14.71,14.71,69.59,59.44,61.88
20.10,20.10,72.37,65.02,62.59
20.78,20.78,69.80,68.43,58.19
20.95,20.95,64.11,69.03,56.02
19.19,19.19,54.91,69.04,56.16
18.60,18.60,53.16,68.71,55.81
22.26,22.26,57.52,68.89,58.34
22.58,22.58,60.32,69.46,60.38
22.63,22.63,48.94,68.21,58.58
20.13,20.13,51.35,64.68,59.06
20.55,20.55,45.69,68.41,57.16
19.48,19.48,37.54,68.50,52.70
18.52,18.52,35.98,68.40,52.74
18.70,18.70,46.90,68.15,57.19
17.29,17.29,54.49,68.34,66.20
15.01,15.01,50.64,71.43,66.63
16.85,16.85,47.30,70.64,63.09
19.95,19.95,40.08,72.64,63.75
19.69,19.69,32.81,71.12,63.24
20.50,20.50,32.34,71.54,63.20
20.41,20.41,36.16,72.07,62.13
19.46,19.46,49.84,71.14,62.13
17.15,17.15,54.45,73.02,61.25
18.52,18.52,50.76,71.66,60.04
17.32,17.32,46.10,71.98,59.35
17.99,17.99,41.53,71.47,59.47
20.09,20.09,41.62,67.61,60.47
15.08,15.08,52.73,63.30,58.10
14.13,14.13,60.09,59.87,57.29
17.44,17.44,71.74,67.39,57.19
17.18,17.18,71.62,64.02,55.64
19.48,19.48,70.40,61.62,57.89
21.58,21.58,69.25,62.33,61.39
21.27,21.27,66.51,63.06,59.92
24.52,24.52,64.95,64.11,60.20
21.79,21.79,64.31,61.49,54.85
20.30,20.30,62.70,64.93,55.74
19.81,19.81,59.93,64.74,62.66
21.85,21.85,53.75,60.09,58.69
24.36,24.36,47.59,66.00,60.10
25.82,25.82,48.76,61.33,60.39
26.56,26.56,42.21,65.78,59.59
22.60,22.60,37.24,62.38,57.51
18.32,18.32,43.67,68.01,58.95
15.92,15.92,51.53,61.04,58.74
13.08,13.08,55.90,67.37,59.95
15.92,15.92,55.67,63.73,59.49
17.96,17.96,53.81,68.63,60.86
19.71,19.71,50.47,62.34,59.93
22.42,22.42,47.08,66.44,59.29
22.24,22.24,42.60,65.22,56.55
16.96,16.96,43.50,62.93,55.69
17.83,17.83,50.82,66.80,57.48
16.74,16.74,57.18,64.00,61.87
19.37,19.37,55.73,65.95,63.70
21.30,21.30,53.56,63.35,63.91
23.90,23.90,49.37,66.56,63.93
24.79,24.79,47.68,62.18,62.69
20.41,20.41,49.36,67.93,61.04
11.22,11.22,56.64,63.14,59.46
12.44,12.44,72.77,67.14,59.23
10.68,10.68,66.25,61.21,59.37
16.51,16.51,72.90,56.24,58.65
20.39,20.39,73.28,62.18,60.45
22.12,22.12,66.35,59.97,62.74
22.78,22.78,68.56,64.74,59.50
19.50,19.50,67.07,64.72,60.71
20.03,20.03,65.17,67.05,60.21
21.78,21.78,63.06,64.59,60.91
20.58,20.58,57.29,64.83,61.93
21.81,21.81,51.39,65.30,64.06
23.90,23.90,51.28,66.10,64.62
25.29,25.29,45.97,65.72,65.35
26.57,26.57,39.42,61.34,62.31
24.34,24.34,38.02,47.10,59.44
24.71,24.71,44.81,59.13,62.72
18.29,18.29,57.67,70.46,70.65
18.02,18.02,60.30,60.55,71.68
21.36,21.36,59.88,70.66,69.08
22.88,22.88,57.57,67.08,64.63
23.39,23.39,51.37,64.44,64.17
22.95,22.95,48.03,71.65,64.89
19.46,19.46,44.99,65.86,63.97
15.80,15.80,46.78,65.16,65.64
17.11,17.11,55.57,70.73,67.86
19.00,19.00,51.67,66.65,68.45
21.67,21.67,45.59,65.64,67.76
23.16,23.16,38.12,68.02,65.74
22.30,22.30,34.46,66.15,59.36
18.90,18.90,39.99,70.09,57.27
16.25,16.25,54.64,68.50,56.24
16.50,16.50,70.80,63.28,57.50
15.03,15.03,73.50,67.40,58.08
20.74,20.74,67.40,65.69,54.05
25.25,25.25,68.96,61.70,58.56
24.70,24.70,68.42,68.54,58.64
24.81,24.81,57.23,69.03,59.77
25.76,25.76,53.25,61.61,55.66
25.88,25.88,60.56,70.63,52.05
26.76,26.76,62.49,67.37,59.19
29.40,29.40,61.27,65.89,60.99
32.93,32.93,56.98,65.28,60.25
35.92,35.92,52.57,67.07,59.72
36.05,36.05,47.54,61.86,57.66
35.94,35.94,42.91,49.85,55.36
29.46,29.46,38.18,47.94,56.05
21.25,21.25,42.97,56.05,54.63
25.34,25.34,57.21,69.97,60.93
20.43,20.43,57.82,69.15,57.96
19.97,19.97,54.54,66.18,63.16
17.54,17.54,48.98,65.42,63.34
17.89,17.89,41.62,64.97,61.60
16.97,16.97,38.05,66.47,57.77
15.94,15.94,39.06,63.00,53.66
15.68,15.68,42.87,69.08,49.40
17.18,17.18,55.17,64.08,53.26
19.16,19.16,56.08,69.31,57.58
20.16,20.16,50.57,59.91,54.69
23.91,23.91,45.14,68.62,57.57
25.07,25.07,41.20,63.54,56.10
23.81,23.81,41.11,66.82,53.34
14.81,14.81,46.22,66.24,49.55
17.08,17.08,65.64,64.74,54.48
19.64,19.64,73.04,65.52,55.04
23.16,23.16,73.22,66.35,54.74
24.87,24.87,73.25,59.36,57.68
26.30,26.30,70.66,62.69,55.61
24.84,24.84,65.04,67.55,51.60
24.45,24.45,58.23,60.51,50.95
23.31,23.31,54.43,66.36,49.76
24.78,24.78,51.29,65.74,54.85
30.78,30.78,51.25,64.82,60.01
27.54,27.54,51.23,65.49,59.83
31.50,31.50,52.66,66.30,60.22
31.92,31.92,50.21,66.48,62.26
33.07,33.07,48.65,64.63,54.88
32.97,32.97,47.07,68.18,52.60
30.64,30.64,48.06,62.20,48.40
27.44,27.44,53.84,68.29,49.69
28.85,28.85,61.82,68.91,53.95
30.53,30.53,58.43,69.07,56.60
33.51,33.51,48.59,70.28,53.94
33.53,33.53,40.49,69.36,50.70
32.28,32.28,37.38,70.15,47.54
26.12,26.12,41.66,69.88,41.99
19.89,19.89,49.02,70.33,42.34
13.97,13.97,63.83,70.94,46.54
17.75,17.75,62.72,70.13,49.95
20.07,20.07,60.73,70.55,52.40
23.96,23.96,57.86,68.97,54.92
27.00,27.00,53.50,71.67,55.38
25.19,25.19,50.11,66.78,54.09
19.46,19.46,51.19,69.53,50.59
18.91,18.91,65.42,68.87,50.09
21.67,21.67,74.71,68.25,52.29
25.51,25.51,71.24,68.78,51.82
27.39,27.39,67.06,65.57,52.32
29.85,29.85,70.49,65.20,53.20
29.56,29.56,65.73,67.31,52.23
30.61,30.61,61.86,64.65,47.82
28.73,28.73,61.60,68.35,43.72
25.48,25.48,58.72,62.35,46.74
24.38,24.38,61.30,67.34,53.41
24.41,24.41,57.71,66.25,55.97
30.24,30.24,52.38,67.35,56.81
30.86,30.86,45.01,67.35,55.16
31.36,31.36,38.51,67.49,51.44
26.60,26.60,37.60,65.81,48.41
22.16,22.16,40.28,64.53,48.83
20.26,20.26,58.42,69.10,55.57
16.07,16.07,62.84,63.23,58.64
15.29,15.29,59.99,69.42,58.43
20.87,20.87,56.23,61.42,56.27
27.10,27.10,48.52,69.65,53.66
28.16,28.16,41.16,63.06,50.06
28.10,28.10,40.64,67.24,48.58
24.00,24.00,44.39,64.97,51.79
22.46,22.46,55.35,68.23,55.13
21.73,21.73,56.43,68.83,57.59
23.99,23.99,51.30,62.95,57.02
28.44,28.44,47.57,68.50,57.23
30.91,30.91,43.59,62.23,56.54
31.20,31.20,43.89,70.06,53.62
25.63,25.63,47.77,62.16,49.09
20.39,20.39,63.15,65.72,48.73
16.25,16.25,72.04,62.59,51.67
20.92,20.92,66.66,62.59,55.41
27.44,27.44,72.25,58.92,58.51
33.28,33.28,70.27,62.38,58.36
34.74,34.74,66.66,64.65,57.18
30.83,30.83,67.38,64.25,44.22
27.80,27.80,67.70,68.35,42.58
28.09,28.09,65.23,62.74,47.72
25.68,25.68,63.45,69.06,50.88
24.06,24.06,61.05,63.09,53.18
30.98,30.98,55.60,67.27,54.55
34.89,34.89,50.11,58.07,52.39
30.91,30.91,42.43,48.42,50.34
26.20,26.20,40.10,49.61,46.27
21.89,21.89,38.05,49.59,48.57
20.62,20.62,44.80,58.09,69.98
17.75,17.75,51.60,69.27,69.81
20.07,20.07,55.24,64.63,66.54
21.80,21.80,55.45,69.71,65.86
22.15,22.15,52.84,65.34,65.32
27.61,27.61,48.68,68.69,62.05
26.65,26.65,47.98,69.00,57.01
27.30,27.30,47.94,62.10,53.37
23.83,23.83,57.62,69.84,59.28
22.77,22.77,58.48,67.86,60.98
23.45,23.45,55.12,62.01,59.46
22.20,22.20,49.84,70.87,61.27
25.22,25.22,44.94,65.18,60.44
25.37,25.37,40.76,62.11,59.05
19.01,19.01,47.22,71.86,57.07
15.84,15.84,54.96,64.36,56.62
16.09,16.09,72.40,62.37,62.03
13.01,13.01,72.96,71.13,65.09
20.23,20.23,70.47,65.42,64.78
22.14,22.14,72.40,68.23,63.25
22.81,22.81,66.18,68.71,62.81
22.74,22.74,63.88,66.07,65.22
21.21,21.21,64.23,66.82,64.40
19.59,19.59,59.57,66.24,61.79
21.86,21.86,59.86,61.89,63.05
24.58,24.58,62.61,56.77,64.20
27.44,27.44,57.91,52.17,64.49
28.55,28.55,51.61,45.64,59.81
30.86,30.86,46.46,42.23,61.55
29.28,29.28,42.93,46.80,58.28
25.50,25.50,40.20,47.66,55.19
24.19,24.19,46.74,59.95,55.78
21.91,21.91,58.65,70.81,57.87
20.61,20.61,57.49,66.28,61.09
24.43,24.43,53.80,67.87,59.22
25.08,25.08,48.07,66.00,60.10
24.75,24.75,41.91,66.17,63.01
24.53,24.53,38.03,66.05,62.79
21.58,21.58,35.73,64.59,61.21
22.57,22.57,43.53,68.79,56.53
22.68,22.68,53.15,63.57,57.16
20.21,20.21,50.76,69.96,60.66
21.07,21.07,46.35,62.71,60.56
23.12,23.12,44.20,68.47,58.97
23.78,23.78,43.92,66.18,57.59
17.57,17.57,44.77,68.28,58.98
12.98,12.98,47.40,65.64,57.60
11.92,11.92,69.65,64.63,58.80
10.43,10.43,75.62,65.86,66.76
14.39,14.39,71.65,64.90,69.88
15.88,15.88,67.80,53.66,68.41
18.02,18.02,67.73,63.36,67.10
21.22,21.22,60.16,63.85,66.48
23.89,23.89,57.33,57.46,66.43
22.88,22.88,60.42,67.64,65.15
27.08,27.08,58.66,63.84,64.46
29.83,29.83,52.08,62.58,66.07
26.96,26.96,43.25,66.72,66.41
28.35,28.35,43.41,62.97,64.46
28.89,28.89,46.10,69.10,62.68
29.61,29.61,38.35,62.24,57.41
25.73,25.73,34.30,57.49,50.94
22.40,22.40,42.27,54.32,51.60
21.34,21.34,56.53,69.71,53.61
20.99,20.99,56.61,64.65,55.60
27.11,27.11,54.04,69.35,56.13
29.57,29.57,48.72,68.31,56.07
30.59,30.59,44.61,66.36,50.06
27.02,27.02,40.56,71.89,46.78
22.52,22.52,44.16,65.32,49.40
21.04,21.04,56.92,66.19,48.97
19.05,19.05,64.53,71.87,50.79
19.03,19.03,61.73,67.07,48.42
21.69,21.69,58.98,64.91,51.02
24.96,24.96,56.74,71.27,51.27
28.13,28.13,52.96,65.70,53.23
28.22,28.22,49.64,68.48,51.17
20.08,20.08,51.48,71.76,50.15
19.00,19.00,67.24,65.31,49.09
20.62,20.62,72.87,64.45,50.33
26.50,26.50,72.69,66.45,51.20
31.23,31.23,70.35,62.11,54.50
32.14,32.14,57.74,63.10,61.55
30.84,30.84,68.46,66.03,60.15
27.32,27.32,66.47,66.94,59.19
24.48,24.48,61.98,63.92,56.38
25.15,25.15,56.99,68.72,55.91
24.55,24.55,59.41,65.50,59.39
29.41,29.41,62.06,65.74,58.32
31.54,31.54,59.04,69.69,57.59
32.51,32.51,49.42,67.68,56.52
32.00,32.00,37.85,69.32,53.81
29.35,29.35,39.32,69.52,50.56
24.14,24.14,47.37,66.22,53.54
21.16,21.16,62.11,71.06,58.57
12.60,12.60,61.55,68.71,59.50
16.72,16.72,56.93,70.17,59.83
22.55,22.55,52.39,69.16,60.40
22.84,22.84,46.06,70.30,61.06
25.16,25.16,40.10,66.77,59.17
22.17,22.17,37.88,69.53,56.86
18.73,18.73,42.76,67.36,54.57
21.77,21.77,52.80,70.43,60.07
22.59,22.59,52.05,67.84,60.86
24.33,24.33,46.68,66.04,60.15
24.32,24.32,41.96,70.21,64.20
23.61,23.61,40.00,66.85,62.74
21.06,21.06,47.21,68.94,61.91
14.12,14.12,53.06,67.97,60.17
15.83,15.83,67.78,70.57,58.45
14.00,14.00,70.20,67.36,58.65
14.73,14.73,67.51,66.76,59.68
19.22,19.22,72.15,62.71,61.11
22.21,22.21,65.12,63.50,62.07
24.27,24.27,66.56,67.56,60.93
25.60,25.60,67.02,64.61,59.26
23.91,23.91,64.41,70.15,58.40
24.27,24.27,60.59,66.22,61.05
28.96,28.96,57.90,66.58,60.68
26.88,26.88,51.19,66.10,59.00
26.23,26.23,50.77,69.52,59.84
25.03,25.03,48.25,67.61,65.34
24.78,24.78,39.18,64.59,64.23
25.05,25.05,35.24,51.67,63.93
22.45,22.45,39.65,48.52,61.37
18.18,18.18,50.55,63.86,64.87
15.19,15.19,53.59,69.70,71.08
16.23,16.23,51.71,69.17,70.90
20.24,20.24,48.29,69.82,70.08
21.11,21.11,44.69,68.09,66.80
19.38,19.38,39.74,70.72,65.63
16.86,16.86,39.82,68.78,67.55
14.40,14.40,41.49,66.88,66.51
16.45,16.45,51.01,72.38,67.14
17.51,17.51,53.40,69.00,69.24
20.51,20.51,51.80,68.19,70.85
22.27,22.27,44.40,71.01,69.05
22.07,22.07,37.14,66.90,66.07
20.37,20.37,40.40,67.92,58.03
16.45,16.45,46.50,72.38,56.36
14.73,14.73,61.70,66.36,57.37
17.26,17.26,73.54,66.39,58.57
18.12,18.12,71.91,69.37,57.36
20.21,20.21,70.35,65.58,58.46
25.96,25.96,71.61,67.31,60.87
25.34,25.34,63.99,71.16,59.81
22.15,22.15,54.68,67.16,56.59
20.57,20.57,58.54,66.29,56.19
20.85,20.85,59.28,68.07,58.19
19.46,19.46,61.46,69.03,62.52
21.05,21.05,58.99,69.06,65.19
21.45,21.45,53.70,68.74,64.13
23.66,23.66,51.48,56.79,62.31
26.25,26.25,44.42,53.79,60.42
26.39,26.39,43.91,53.09,59.79
20.56,20.56,41.79,45.61,58.30
20.25,20.25,51.88,65.80,56.91
18.57,18.57,59.64,63.63,62.42
18.73,18.73,58.49,69.72,61.59
19.90,19.90,59.73,63.36,60.30
24.91,24.91,56.90,67.80,59.52
28.14,28.14,55.83,64.41,57.51
27.02,27.02,52.58,67.72,53.80
21.43,21.43,50.91,64.14,48.49
18.14,18.14,53.42,64.38,51.93
17.49,17.49,60.01,64.65,54.11
19.39,19.39,55.55,63.95,54.92
21.24,21.24,49.21,68.76,55.35
24.56,24.56,46.09,63.94,57.19
22.71,22.71,43.27,70.09,57.04
16.02,16.02,45.43,61.01,53.57
6.62,6.62,52.46,67.57,51.17
8.20,8.20,73.22,64.49,51.28
10.17,10.17,76.31,63.10,55.79
14.41,14.41,70.53,67.18,59.70
18.38,18.38,70.17,66.34,54.56
23.66,23.66,71.68,66.74,51.64
25.90,25.90,63.24,62.64,53.48
25.95,25.95,57.27,67.89,52.25
23.18,23.18,57.22,60.54,54.09
25.70,25.70,58.26,69.75,56.40
24.99,24.99,57.44,66.80,58.86
26.46,26.46,52.67,69.43,56.54
30.97,30.97,51.20,64.11,54.94
33.00,33.00,50.16,67.91,51.35
33.91,33.91,48.54,57.97,47.34
32.04,32.04,48.57,55.46,45.16
25.73,25.73,49.66,50.13,48.94
22.90,22.90,57.28,67.99,54.43
21.53,21.53,56.35,70.47,53.67
22.93,22.93,50.61,67.49,55.09
28.53,28.53,44.48,66.11,55.97
28.42,28.42,37.89,69.21,56.16
24.37,24.37,42.70,69.15,52.72
16.98,16.98,47.43,64.91,51.82
12.46,12.46,58.85,68.13,52.95
11.69,11.69,63.08,71.70,51.31
15.56,15.56,60.73,64.72,53.29
18.81,18.81,58.60,66.68,53.70
21.81,21.81,54.19,72.16,53.90
23.52,23.52,51.65,69.25,52.79
17.17,17.17,57.92,64.80,48.62
12.82,12.82,54.49,60.85,45.56
17.29,17.29,72.39,64.75,49.25
20.19,20.19,73.15,64.33,49.96
23.28,23.28,65.79,66.52,52.34
24.09,24.09,73.19,68.59,50.46
29.30,29.30,68.36,64.77,49.13
32.05,32.05,61.41,69.89,46.74
30.39,30.39,52.54,67.13,43.99
25.21,25.21,58.45,69.57,42.06
23.40,23.40,58.84,68.77,50.41
17.66,17.66,60.87,71.22,54.64
20.21,20.21,54.74,71.49,54.42
26.27,26.27,47.74,68.41,55.95
26.06,26.06,44.08,67.99,53.28
24.14,24.14,39.42,69.39,50.86
20.09,20.09,32.72,70.14,51.97
18.81,18.81,38.65,66.81,55.57
17.49,17.49,54.47,68.57,60.03
15.79,15.79,60.76,66.67,66.96
16.05,16.05,55.54,67.78,65.98
19.38,19.38,51.56,67.61,67.20
16.76,16.76,37.84,69.36,65.93
15.85,15.85,31.90,69.53,67.00
16.60,16.60,33.75,68.79,67.84
18.33,18.33,41.73,68.08,67.64
20.48,20.48,50.95,70.63,66.60
20.66,20.66,50.39,71.62,65.32
22.35,22.35,48.04,67.59,68.36
21.69,21.69,41.74,70.09,67.90
22.18,22.18,39.34,67.58,67.83
20.13,20.13,46.72,69.16,65.52
14.02,14.02,50.80,67.56,58.00
14.02,14.02,71.70,67.47,57.24
13.85,13.85,72.76,66.69,63.19
16.72,16.72,73.05,68.19,65.48
15.52,15.52,74.68,68.13,58.92
18.08,18.08,63.83,65.64,63.59
20.54,20.54,60.82,64.35,65.87
20.61,20.61,63.91,64.94,64.30
17.19,17.19,64.93,66.25,61.31
19.29,19.29,65.34,67.21,59.05
19.92,19.92,62.16,66.00,63.66
18.83,18.83,56.00,67.60,61.78
20.82,20.82,47.96,63.67,60.79
17.21,17.21,44.73,48.81,57.45
17.57,17.57,40.14,50.60,55.75
15.99,15.99,40.00,48.43,53.23
17.24,17.24,42.65,56.98,55.42
19.41,19.41,53.36,68.25,63.61
11.76,11.76,57.26,69.66,67.01
8.51,8.51,51.93,68.37,66.45
9.87,9.87,46.44,72.25,66.36
13.11,13.11,40.76,68.54,65.92
17.87,17.87,35.69,69.59,65.89
16.21,16.21,34.67,71.35,64.61
13.91,13.91,42.38,67.28,64.09
16.23,16.23,52.41,70.22,63.17
19.76,19.76,52.34,70.97,63.46
21.85,21.85,46.16,67.04,62.74
20.47,20.47,38.41,70.23,60.39
20.57,20.57,35.40,71.35,60.88
15.76,15.76,38.65,68.83,59.60
9.07,9.07,53.54,69.56,55.70
12.95,12.95,64.68,69.13,58.95
11.94,11.94,75.14,67.80,62.98
15.26,15.26,68.41,64.14,65.17
16.31,16.31,69.60,66.06,63.80
19.07,19.07,71.10,66.85,64.72
22.27,22.27,65.61,70.33,63.80
24.11,24.11,59.67,66.62,64.35
20.76,20.76,59.09,67.55,64.94
22.50,22.50,56.00,71.48,64.68
22.31,22.31,58.09,66.98,63.38
24.79,24.79,57.22,71.75,64.09
25.29,25.29,47.50,68.87,63.90
25.20,25.20,44.09,68.06,61.74
23.81,23.81,33.23,69.67,60.59
22.95,22.95,32.82,68.66,55.83
20.08,20.08,36.45,65.36,53.12
19.83,19.83,50.92,65.51,56.63
13.73,13.73,58.09,66.46,61.07
15.08,15.08,56.11,65.60,60.71
17.47,17.47,52.96,68.36,61.15
19.86,19.86,50.63,66.56,62.23
19.72,19.72,49.07,68.79,61.80
19.95,19.95,48.93,66.35,58.27
16.22,16.22,48.76,69.04,58.79
16.88,16.88,59.92,67.78,60.48
16.95,16.95,62.10,65.11,65.59
17.93,17.93,57.98,69.49,62.11
20.99,20.99,51.57,64.17,62.39
21.64,21.64,49.86,70.69,61.31
19.88,19.88,47.99,64.03,60.11
17.09,17.09,50.82,69.16,57.93
10.90,10.90,58.29,66.69,54.55
5.21,5.21,71.43,66.42,62.87
4.36,4.36,72.97,66.00,63.68
13.63,13.63,68.16,63.45,64.93
12.60,12.60,72.28,58.97,63.28
11.54,11.54,67.68,61.78,64.63
11.20,11.20,58.33,62.76,65.73
14.74,14.74,51.12,61.96,63.82
16.94,16.94,55.67,63.95,63.11
22.27,22.27,56.32,63.04,65.18
24.34,24.34,56.83,67.82,65.14
25.07,25.07,52.19,66.15,62.76
25.64,25.64,43.55,66.86,63.25
25.20,25.20,39.93,65.21,62.51
24.46,24.46,42.06,66.63,64.71
19.85,19.85,41.80,69.54,63.77
20.09,20.09,48.10,66.34,61.36
20.54,20.54,53.88,69.71,63.09
19.87,19.87,49.73,68.91,65.39
21.49,21.49,44.27,72.33,65.11
22.31,22.31,39.63,71.86,62.27
22.87,22.87,34.88,70.61,62.19
22.98,22.98,34.88,71.65,61.18
21.98,21.98,39.47,71.02,61.79
20.75,20.75,49.30,71.63,61.27
20.58,20.58,51.46,70.53,63.03
23.68,23.68,48.53,70.69,63.99
23.43,23.43,43.34,71.73,64.67
25.89,25.89,41.10,71.40,62.79
26.38,26.38,41.96,71.68,60.22
20.76,20.76,50.25,72.26,55.42
19.03,19.03,60.00,66.11,54.66
17.57,17.57,69.76,69.89,56.77
15.43,15.43,72.19,63.12,56.55
21.01,21.01,72.18,63.61,59.18
23.23,23.23,72.29,63.05,61.64
25.02,25.02,70.25,63.72,61.17
27.48,27.48,70.55,67.36,59.98
26.20,26.20,65.93,64.44,58.41
27.33,27.33,62.19,67.48,56.47
27.11,27.11,55.08,61.35,60.06
28.81,28.81,51.77,67.68,59.69
29.51,29.51,53.03,64.10,60.56
31.81,31.81,52.19,69.80,59.37
29.67,29.67,43.73,66.81,57.33
27.70,27.70,40.55,67.41,56.63
23.38,23.38,41.13,67.24,56.55
19.11,19.11,47.15,66.21,59.22
17.06,17.06,53.53,69.04,59.99
19.57,19.57,53.94,65.15,60.49
25.10,25.10,52.44,70.39,62.41
26.56,26.56,46.13,66.35,60.02
28.63,28.63,38.18,67.72,59.43
26.96,26.96,32.82,66.43,58.92
24.68,24.68,37.20,69.94,56.43
26.07,26.07,44.34,65.84,59.12
25.11,25.11,51.23,67.39,63.11
26.39,26.39,49.36,67.93,65.22
29.68,29.68,48.36,66.06,65.05
32.27,32.27,44.69,69.39,65.89
28.34,28.34,40.04,66.17,64.59
23.43,23.43,44.31,69.35,61.86
13.15,13.15,52.09,63.43,60.57
14.91,14.91,67.51,68.89,58.41
10.70,10.70,74.64,65.56,60.17
17.82,17.82,71.16,65.56,59.24
22.47,22.47,73.65,61.74,60.53
24.25,24.25,69.27,65.72,61.76
24.02,24.02,68.75,64.57,58.98
23.71,23.71,68.02,65.30,59.65
22.49,22.49,63.84,67.23,61.28
24.82,24.82,59.63,61.49,60.00
24.17,24.17,55.97,68.20,62.31
22.76,22.76,50.83,61.08,64.76
24.11,24.11,48.95,54.09,65.34
21.39,21.39,39.09,53.80,65.38
23.27,23.27,31.48,52.40,63.99
21.89,21.89,36.74,44.32,60.85
21.68,21.68,45.29,57.68,61.24
16.67,16.67,57.70,68.06,69.60
13.58,13.58,59.69,67.65,71.54
17.23,17.23,58.85,74.21,69.70
19.32,19.32,53.96,69.24,66.54
21.11,21.11,46.64,68.08,64.18
20.28,20.28,41.71,72.57,65.69
16.91,16.91,38.47,68.57,65.24
15.59,15.59,39.30,68.82,65.21
18.51,18.51,52.37,71.39,66.64
19.57,19.57,50.69,66.13,67.52
21.15,21.15,44.31,71.37,67.84
21.33,21.33,38.13,71.72,66.69
21.21,21.21,32.52,64.13,62.75
17.06,17.06,41.57,71.98,58.47
13.37,13.37,52.70,68.61,58.39
16.96,16.96,65.34,64.59,56.85
15.89,15.89,73.42,69.86,56.61
16.54,16.54,69.96,65.90,55.81
19.03,19.03,69.68,69.87,58.84
21.01,21.01,70.64,68.54,59.77
23.88,23.88,69.13,65.39,59.58
26.18,26.18,67.50,63.34,52.27
27.15,27.15,63.85,68.55,51.78
26.45,26.45,63.67,71.64,54.80
27.56,27.56,60.47,62.88,56.54
29.15,29.15,61.44,50.85,54.22
34.19,34.19,57.23,54.73,57.20
34.12,34.12,55.35,48.81,55.79
34.08,34.08,50.70,50.71,53.46
29.67,29.67,37.02,48.10,51.82
23.94,23.94,39.18,54.47,50.50
25.38,25.38,55.55,69.00,50.19
17.99,17.99,58.34,67.74,55.28
16.35,16.35,56.21,70.61,55.66
18.98,18.98,51.52,67.71,56.68
23.60,23.60,48.95,71.05,55.34
27.03,27.03,50.24,69.76,53.26
26.45,26.45,49.07,70.61,52.75
21.33,21.33,50.38,68.26,50.22
21.68,21.68,57.10,71.26,51.35
21.52,21.52,60.26,68.20,54.36
23.26,23.26,53.73,68.73,55.70
27.84,27.84,45.48,67.89,55.70
27.84,27.84,36.57,69.96,55.33
27.05,27.05,39.17,70.03,49.16
14.76,14.76,45.91,68.94,44.63
15.06,15.06,60.92,68.61,45.75
12.10,12.10,74.84,68.02,49.31
11.48,11.48,71.80,68.21,49.24
21.87,21.87,71.76,63.27,53.53
23.74,23.74,72.94,63.13,50.00
27.82,27.82,69.96,65.31,51.08
25.61,25.61,69.46,64.32,45.57
27.85,27.85,66.14,67.39,47.28
25.99,25.99,58.42,65.78,47.51
32.60,32.60,56.73,68.62,55.92
29.08,29.08,53.31,69.05,54.86
33.06,33.06,56.07,69.78,57.78
34.26,34.26,53.01,69.22,52.30
32.98,32.98,47.27,66.32,45.12
30.22,30.22,35.97,62.51,44.09
26.86,26.86,39.24,62.54,43.84
29.24,29.24,54.44,69.28,48.28
24.47,24.47,62.84,66.44,55.07
23.36,23.36,57.37,69.49,60.00
28.96,28.96,48.75,71.22,60.13
31.38,31.38,39.28,72.77,53.69
27.83,27.83,34.22,70.99,49.25
21.96,21.96,37.22,67.65,47.34
19.50,19.50,42.02,70.33,46.98
20.54,20.54,56.39,70.09,51.12
17.68,17.68,57.98,69.12,55.17
25.02,25.02,51.55,70.65,53.85
27.34,27.34,45.17,68.49,54.15
27.46,27.46,41.37,66.88,55.86
26.11,26.11,45.44,69.02,56.53
19.42,19.42,52.24,67.74,52.85
17.13,17.13,60.69,56.52,49.90
16.45,16.45,71.34,60.61,52.96
17.40,17.40,70.71,70.99,56.84
22.57,22.57,67.98,64.98,58.23
22.49,22.49,70.21,60.27,58.76
24.08,24.08,69.75,62.67,57.48
23.25,23.25,70.51,63.12,58.37
24.86,24.86,68.23,64.30,59.55
24.27,24.27,62.24,63.99,58.74
20.92,20.92,57.71,65.43,61.95
26.09,26.09,54.32,65.46,63.02
25.58,25.58,54.11,66.31,60.75
28.45,28.45,50.43,65.32,58.56
27.35,27.35,38.62,69.50,55.57
26.44,26.44,38.25,64.95,53.05
19.60,19.60,42.88,68.76,51.68
12.50,12.50,52.72,66.91,55.32
9.92,9.92,57.60,69.17,60.07
10.01,10.01,55.32,64.36,57.78
11.96,11.96,52.33,67.11,59.83
16.84,16.84,46.28,67.88,57.26
16.09,16.09,42.49,65.71,57.03
15.42,15.42,41.24,68.55,57.37
16.60,16.60,46.66,66.54,60.22
18.25,18.25,54.88,69.97,61.63
21.72,21.72,54.73,65.81,61.93
22.41,22.41,53.35,68.86,62.98
25.02,25.02,51.27,65.81,62.39
25.59,25.59,46.59,68.57,59.62
25.94,25.94,46.39,64.54,58.76
18.86,18.86,48.81,65.73,57.81
8.88,8.88,54.53,68.93,56.43
9.22,9.22,71.62,67.57,57.00
14.40,14.40,68.37,66.62,61.62
20.07,20.07,73.56,64.73,58.36
22.67,22.67,72.07,66.22,58.56
24.40,24.40,69.42,65.81,58.84
23.18,23.18,67.98,67.63,52.72
20.04,20.04,63.54,64.80,49.78
14.37,14.37,58.92,64.20,53.15
14.34,14.34,55.05,62.96,56.88
15.93,15.93,53.78,68.26,56.33
17.09,17.09,48.68,58.68,57.04
20.76,20.76,45.73,51.57,58.88
20.31,20.31,43.59,51.96,57.53
20.25,20.25,36.38,50.80,56.22
19.68,19.68,37.41,48.97,55.01
23.66,23.66,47.71,63.48,59.88
22.58,22.58,56.12,68.85,68.30
18.04,18.04,59.44,66.02,66.06
19.52,19.52,58.84,70.41,69.51
20.01,20.01,54.75,67.81,67.24
20.54,20.54,47.85,67.74,67.02
19.04,19.04,44.88,69.21,67.37
17.35,17.35,44.54,64.27,67.59
16.04,16.04,50.50,69.89,65.75
17.48,17.48,53.19,69.43,67.39
19.91,19.91,51.57,63.65,69.00
20.46,20.46,43.95,69.66,69.06
21.51,21.51,40.06,67.38,67.17
23.25,23.25,38.33,64.01,65.13
21.02,21.02,44.69,71.97,60.47
14.67,14.67,50.05,64.82,56.27
13.04,13.04,67.36,64.95,63.23
7.97,7.97,73.82,70.25,65.73
11.04,11.04,69.00,63.75,66.97
17.34,17.34,68.72,62.84,63.66
23.55,23.55,70.00,67.62,64.80
26.03,26.03,65.58,67.32,65.62
23.62,23.62,68.79,64.75,64.30
19.13,19.13,65.68,67.82,64.23
19.17,19.17,62.35,63.85,65.21
15.94,15.94,57.94,65.09,63.05
17.85,17.85,57.19,66.99,64.76
20.45,20.45,54.42,66.42,63.21
23.38,23.38,49.99,57.81,61.30
23.38,23.38,47.61,51.40,57.80
23.05,23.05,44.97,48.83,55.80
17.40,17.40,53.73,63.36,57.53
17.53,17.53,58.59,65.04,59.04
11.99,11.99,58.39,69.87,63.65
12.40,12.40,56.58,64.21,65.03
12.96,12.96,52.87,67.74,65.93
14.63,14.63,49.39,65.01,64.22
16.77,16.77,46.72,67.95,63.18
17.11,17.11,45.45,68.13,62.03
14.20,14.20,50.76,66.64,59.41
15.18,15.18,56.44,66.78,60.95
15.06,15.06,57.28,64.03,63.14
18.20,18.20,54.67,69.30,62.40
18.97,18.97,52.19,62.92,61.38
23.34,23.34,49.44,68.96,59.17
22.18,22.18,47.65,62.98,60.00
13.51,13.51,49.40,66.61,57.88
8.16,8.16,65.62,64.55,62.81
7.20,7.20,71.55,65.80,68.81
11.56,11.56,70.38,64.52,71.12
8.77,8.77,72.49,61.98,70.49
10.90,10.90,72.57,64.96,67.34
12.57,12.57,69.03,63.14,66.15
14.93,14.93,67.22,67.07,65.48
13.22,13.22,60.49,58.71,65.79
17.25,17.25,53.69,65.54,66.14
22.05,22.05,52.99,62.07,65.98
19.54,19.54,53.92,66.81,65.80
20.84,20.84,53.91,64.57,65.66
22.70,22.70,46.29,65.69,63.25
22.08,22.08,42.09,62.10,60.31
19.20,19.20,42.23,53.64,60.14
15.34,15.34,45.71,60.11,60.39
16.50,16.50,55.90,67.69,62.45
14.34,14.34,53.27,70.24,61.00
18.68,18.68,52.10,70.95,61.30
22.07,22.07,47.37,70.26,57.89
24.33,24.33,42.96,68.68,59.84
25.48,25.48,39.58,70.10,58.15
23.08,23.08,40.23,70.49,57.53
17.77,17.77,47.02,69.80,56.03
18.99,18.99,58.55,70.52,59.45
18.12,18.12,54.95,67.86,58.24
22.93,22.93,53.51,69.84,59.51
24.64,24.64,49.46,66.00,57.22
26.63,26.63,46.27,65.19,55.61
24.05,24.05,48.78,64.19,53.66
16.62,16.62,57.32,62.42,52.49
18.32,18.32,64.79,60.98,55.10
17.66,17.66,75.32,60.10,54.43
22.47,22.47,68.94,69.38,56.23
26.07,26.07,71.99,64.09,55.95
28.25,28.25,72.31,61.43,59.96
27.61,27.61,69.52,65.31,58.96
28.02,28.02,69.16,67.19,56.39
24.00,24.00,65.40,66.40,52.56
22.06,22.06,59.05,66.78,58.14
22.11,22.11,54.85,63.99,60.50
26.09,26.09,53.09,67.91,60.73
27.76,27.76,52.38,69.45,58.46
28.79,28.79,48.53,68.90,57.01
26.44,26.44,40.33,69.95,54.11
22.22,22.22,40.65,65.06,54.64
21.16,21.16,44.43,68.99,55.82
21.88,21.88,59.25,65.77,59.49
14.63,14.63,58.30,69.75,61.37
17.98,17.98,54.89,66.53,61.60
23.67,23.67,49.92,68.44,61.56
23.52,23.52,41.92,65.87,60.38
24.64,24.64,36.18,69.01,58.28
21.83,21.83,33.92,66.54,55.66
21.48,21.48,39.53,67.32,58.44
21.57,21.57,47.65,69.56,61.29
25.64,25.64,50.58,66.69,64.27
24.83,24.83,45.06,68.04,65.61
29.32,29.32,43.84,67.01,64.59
27.09,27.09,38.52,68.30,63.27
26.60,26.60,41.01,66.83,61.80
18.08,18.08,45.41,69.02,60.20
15.94,15.94,56.61,66.13,58.33
11.96,11.96,74.16,68.27,59.43
14.86,14.86,71.07,66.55,57.71
17.15,17.15,71.79,65.11,59.58
22.28,22.28,72.83,62.04,60.16
26.61,26.61,69.73,64.94,60.22
27.57,27.57,67.93,68.26,58.30
25.98,25.98,66.25,66.19,60.14
23.19,23.19,61.44,67.33,59.70
26.01,26.01,57.00,63.88,59.73
20.57,20.57,48.27,64.72,62.15
19.14,19.14,48.57,59.61,66.10
21.81,21.81,43.63,50.07,62.72
26.64,26.64,40.47,53.33,63.12
26.41,26.41,37.86,51.55,60.63
20.23,20.23,42.62,50.67,54.93
18.25,18.25,53.24,64.43,52.55
14.57,14.57,55.07,70.90,58.33
18.12,18.12,56.03,71.09,69.96
17.88,17.88,55.20,69.04,72.16
18.55,18.55,49.33,71.73,71.26
18.90,18.90,44.81,69.66,66.92
18.78,18.78,43.28,69.38,64.53
16.04,16.04,44.26,71.91,64.19
12.84,12.84,50.03,67.81,66.72
12.54,12.54,53.79,66.29,66.33
15.69,15.69,51.71,72.22,69.94
16.79,16.79,42.54,68.51,69.07
18.40,18.40,36.88,66.55,67.97
18.56,18.56,34.22,71.45,64.81
15.52,15.52,44.37,68.01,60.64
13.28,13.28,54.79,68.00,56.37
16.91,16.91,70.34,69.71,58.74
14.63,14.63,74.43,65.02,56.11
20.25,20.25,68.69,68.12,56.23
23.97,23.97,68.65,68.44,56.48
25.11,25.11,66.00,63.15,57.42
23.85,23.85,68.57,70.56,54.34
20.33,20.33,67.09,68.16,50.70
16.68,16.68,62.95,66.58,53.01
11.68,11.68,64.07,68.52,55.12
10.44,10.44,63.22,60.35,56.88
13.05,13.05,61.18,54.73,57.36
16.34,16.34,56.81,57.16,57.89
20.91,20.91,51.25,53.44,54.84
23.18,23.18,50.39,54.28,51.34
17.10,17.10,48.01,52.16,51.29
16.10,16.10,52.85,68.06,48.93
17.40,17.40,60.23,69.67,54.90
15.86,15.86,57.78,70.97,55.50
17.72,17.72,57.10,65.88,55.90
21.77,21.77,53.12,69.56,55.92
23.73,23.73,49.70,68.21,56.52
23.98,23.98,45.08,69.03,53.93
19.00,19.00,42.02,70.32,51.72
20.57,20.57,50.25,67.32,54.30
20.08,20.08,57.58,69.67,58.80
20.96,20.96,55.73,68.23,56.34
23.50,23.50,52.16,70.01,56.68
24.34,24.34,48.35,68.46,54.33
24.80,24.80,45.22,70.12,56.55
19.49,19.49,45.20,67.74,50.97
12.64,12.64,48.60,69.07,49.94
15.64,15.64,70.35,65.40,51.99
14.19,14.19,72.30,68.65,52.36
15.24,15.24,66.19,64.66,57.98
21.30,21.30,72.72,63.89,56.97
24.19,24.19,70.07,63.95,52.69
27.13,27.13,70.95,65.51,49.99
27.85,27.85,68.05,68.47,50.12
24.67,24.67,63.66,63.38,49.60
26.50,26.50,60.35,68.04,52.11
25.62,25.62,56.87,64.47,57.36
27.85,27.85,56.87,68.86,58.42
32.42,32.42,56.43,65.10,54.15
33.06,33.06,49.11,63.77,50.05
32.11,32.11,44.22,65.33,45.26
28.99,28.99,41.36,62.24,43.86
24.74,24.74,44.55,66.05,43.29
23.31,23.31,53.11,68.93,51.23
20.83,20.83,53.23,71.80,56.29
23.13,23.13,49.13,69.29,62.48
28.08,28.08,43.06,67.27,62.86
28.90,28.90,37.54,72.07,58.53
24.05,24.05,33.26,67.42,54.82
18.95,18.95,36.26,68.62,52.11
23.55,23.55,48.53,69.83,56.21
17.67,17.67,58.67,70.46,55.44
17.83,17.83,56.53,69.03,57.43
23.35,23.35,52.39,68.42,57.41
27.92,27.92,45.09,70.40,55.53
27.18,27.18,39.74,68.90,55.40
25.65,25.65,38.85,65.69,49.11
18.12,18.12,48.23,65.42,46.89
19.98,19.98,65.62,66.18,51.62
20.17,20.17,73.14,60.05,54.39
26.91,26.91,72.08,63.38,58.49
28.18,28.18,73.45,63.46,62.30
26.14,26.14,69.45,57.96,59.95
27.44,27.44,67.45,48.31,62.10
21.66,21.66,64.07,58.54,58.94
25.68,25.68,59.31,54.32,58.79
22.65,22.65,62.97,64.01,58.01
22.97,22.97,62.31,62.08,58.90
25.51,25.51,58.04,67.53,57.50
29.24,29.24,50.14,62.07,55.79
29.22,29.22,42.57,66.87,53.99
29.58,29.58,41.61,63.78,52.77
26.02,26.02,41.70,67.19,50.72
17.60,17.60,48.25,64.49,52.39
15.33,15.33,56.82,63.28,57.76
12.55,12.55,63.31,65.91,61.32
13.04,13.04,59.45,64.13,60.21
16.91,16.91,53.60,65.49,59.08
17.42,17.42,44.78,62.37,57.66
18.46,18.46,41.30,68.23,58.05
17.84,17.84,42.57,59.58,58.01
18.42,18.42,49.66,65.06,60.85
20.28,20.28,56.30,63.71,63.27
21.18,21.18,53.38,66.74,62.27
22.60,22.60,50.44,64.75,63.02
21.29,21.29,45.58,64.23,60.05
21.37,21.37,43.09,64.63,60.51
18.46,18.46,44.46,64.29,59.06
10.65,10.65,48.68,66.92,55.83
9.77,9.77,61.94,63.37,55.72
10.06,10.06,75.32,65.96,58.11
15.93,15.93,70.78,61.95,59.82
22.98,22.98,74.14,65.57,58.81
24.95,24.95,70.18,57.47,58.69
27.22,27.22,66.15,52.82,54.60
26.38,26.38,66.04,61.76,52.85
20.02,20.02,58.65,54.58,53.51
20.57,20.57,64.79,62.44,56.24
20.72,20.72,63.91,60.80,58.93
19.60,19.60,62.80,62.87,57.18
22.53,22.53,55.66,50.66,59.14
22.48,22.48,47.81,51.76,57.37
22.86,22.86,37.26,53.21,53.97
20.31,20.31,37.54,49.20,45.41
23.12,23.12,42.95,54.84,48.37
19.09,19.09,52.25,67.07,56.65
10.23,10.23,54.62,68.80,61.85
10.61,10.61,55.64,67.95,62.99
13.65,13.65,53.68,72.34,62.26
19.48,19.48,51.90,66.11,62.49
22.10,22.10,48.46,66.87,61.92
21.33,21.33,48.39,70.27,60.59
17.96,17.96,50.98,66.02,59.56
16.34,16.34,57.17,68.11,61.45
17.97,17.97,54.71,68.71,60.33
22.32,22.32,52.54,64.99,57.30
24.91,24.91,45.38,70.74,58.54
26.60,26.60,41.87,68.80,58.20
23.50,23.50,41.74,64.63,56.42
15.53,15.53,46.19,70.20,56.74
15.21,15.21,56.30,68.04,57.00
12.16,12.16,73.27,64.47,60.02
12.67,12.67,71.82,69.40,61.98
14.85,14.85,71.86,65.19,58.87
17.79,17.79,69.20,67.02,63.16
19.43,19.43,68.15,68.77,66.11
19.19,19.19,69.69,64.80,65.42
18.09,18.09,67.61,67.03,62.34
17.24,17.24,64.69,69.13,65.44
19.49,19.49,62.19,65.64,64.70
26.41,26.41,59.60,67.57,65.37
27.09,27.09,55.49,66.98,61.37
28.99,28.99,54.68,64.90,59.74
26.74,26.74,46.84,56.88,61.18
24.54,24.54,37.48,50.88,58.80
19.81,19.81,41.28,48.01,60.49
16.38,16.38,53.85,68.55,65.40
12.45,12.45,58.52,68.68,65.22
14.13,14.13,57.40,67.80,67.70
14.74,14.74,55.48,69.81,65.67
15.66,15.66,52.91,67.07,64.46
14.92,14.92,52.86,70.01,64.59
13.80,13.80,53.18,67.23,64.86
11.57,11.57,52.63,69.50,64.70
12.15,12.15,58.05,69.69,63.11
10.43,10.43,56.08,70.39,63.61
13.90,13.90,55.56,69.79,64.40
14.58,14.58,53.90,69.20,64.05
16.82,16.82,53.30,69.14,60.79
19.08,19.08,53.02,66.95,61.49
16.40,16.40,53.43,63.85,59.62
6.94,6.94,58.98,62.09,59.70
3.57,3.57,72.14,63.74,59.37
1.45,1.45,69.16,71.52,65.95
3.50,3.50,71.21,68.93,62.23
8.57,8.57,70.59,67.39,63.27
8.58,8.58,70.41,65.33,61.23
13.41,13.41,70.25,67.91,60.84
16.03,16.03,67.40,70.60,59.73
16.02,16.02,63.94,69.31,61.02
19.09,19.09,63.43,71.08,62.18
17.75,17.75,56.71,72.25,61.21
19.15,19.15,51.14,70.69,63.04
20.28,20.28,48.29,69.93,62.52
23.94,23.94,46.64,71.44,60.86
23.85,23.85,43.45,70.04,56.99
21.55,21.55,44.11,69.26,58.17
18.84,18.84,47.94,67.46,59.63
12.81,12.81,53.74,65.93,64.42
12.39,12.39,52.31,63.50,66.86
16.14,16.14,49.10,65.24,65.18
18.38,18.38,44.68,65.58,63.32
21.59,21.59,40.71,64.81,64.16
23.01,23.01,40.58,65.26,63.02
18.34,18.34,43.11,63.67,63.35
16.04,16.04,52.70,63.81,61.75
14.80,14.80,56.89,64.42,63.71
17.40,17.40,52.79,65.65,60.95
16.33,16.33,51.63,63.39,60.27
18.65,18.65,50.92,64.08,61.39
20.25,20.25,49.05,58.53,58.24
16.99,16.99,48.49,61.82,59.19
14.15,14.15,53.99,62.10,59.22
16.98,16.98,69.14,64.30,58.03
14.05,14.05,69.93,58.93,57.85
18.60,18.60,66.71,66.27,60.57
21.97,21.97,70.90,62.53,60.96
23.40,23.40,67.22,59.48,59.07
26.51,26.51,64.54,61.33,60.04
24.87,24.87,64.22,65.34,57.92
24.33,24.33,64.53,66.47,55.33
23.48,23.48,63.59,65.35,60.55
23.97,23.97,60.32,67.18,58.48
26.47,26.47,50.90,66.17,58.44
28.08,28.08,42.13,64.04,58.14
28.31,28.31,44.74,66.42,56.01
24.56,24.56,39.01,68.33,55.04
20.52,20.52,44.92,66.37,55.56
20.15,20.15,53.26,67.80,57.41
14.65,14.65,60.49,69.88,60.48
15.30,15.30,58.49,66.82,59.93
19.15,19.15,55.65,68.74,60.84
19.28,19.28,49.41,66.07,61.81
22.67,22.67,46.74,69.68,60.56
22.92,22.92,44.34,63.36,57.57
17.90,17.90,43.29,68.05,55.08
21.12,21.12,50.65,65.37,59.06
18.87,18.87,58.45,70.97,59.28
20.87,20.87,54.90,64.10,60.57
23.59,23.59,53.18,67.68,62.26
25.64,25.64,49.57,66.96,63.32
25.93,25.93,46.79,65.21,62.15
23.10,23.10,47.18,69.09,60.88
15.60,15.60,48.45,66.51,58.96
12.80,12.80,65.35,70.57,57.53
11.01,11.01,76.09,64.42,57.76
15.01,15.01,72.22,60.78,58.05
18.54,18.54,73.53,61.06,60.21
23.19,23.19,72.60,60.58,60.30
25.35,25.35,68.16,61.18,58.14
23.73,23.73,67.34,60.21,58.83
22.51,22.51,63.64,61.57,60.26
22.83,22.83,64.83,66.32,59.48
21.06,21.06,59.75,64.43,60.19
23.40,23.40,55.00,64.20,64.54
23.92,23.92,48.89,64.61,64.56
23.61,23.61,50.70,63.22,64.32
24.68,24.68,47.97,60.36,63.54
21.03,21.03,39.84,47.04,60.11
20.57,20.57,44.59,57.77,61.15
17.87,17.87,55.06,69.84,69.11
14.39,14.39,56.48,68.89,71.84
17.10,17.10,53.47,72.56,71.38
20.34,20.34,48.78,67.97,66.02
19.05,19.05,42.10,68.09,64.52
17.34,17.34,37.33,72.07,65.44
16.50,16.50,38.77,66.06,65.70
15.45,15.45,46.35,67.04,65.54
14.89,14.89,58.15,70.19,68.56
16.48,16.48,55.26,68.82,68.88
18.06,18.06,47.83,69.26,69.40
21.75,21.75,41.46,69.70,66.71
21.58,21.58,33.64,68.07,60.67
17.17,17.17,35.04,72.26,56.33
11.56,11.56,48.74,69.38,56.81
14.25,14.25,62.06,66.76,56.82
15.23,15.23,73.85,70.60,56.47
17.46,17.46,69.91,65.95,57.61
19.45,19.45,71.77,68.20,59.23
23.29,23.29,66.25,65.49,57.92
24.28,24.28,66.14,65.91,55.99
24.17,24.17,68.69,65.32,53.04
23.14,23.14,64.71,70.86,52.46
24.70,24.70,62.09,65.27,56.32
26.35,26.35,63.02,67.70,59.81
27.19,27.19,61.68,67.70,60.15
27.85,27.85,57.68,68.24,60.36
27.53,27.53,52.61,65.30,58.28
27.17,27.17,43.08,45.51,58.25
23.57,23.57,40.31,51.99,55.75
19.50,19.50,41.53,55.27,55.23
21.83,21.83,55.07,66.12,57.15
18.27,18.27,57.87,65.86,62.84
15.84,15.84,56.65,68.21,64.74
17.70,17.70,56.74,66.75,63.00
22.47,22.47,55.08,65.72,60.76
20.73,20.73,54.93,65.19,56.80
24.90,24.90,54.74,64.24,55.63
19.44,19.44,53.20,68.76,56.01
21.73,21.73,57.41,62.06,55.25
20.79,20.79,60.78,69.60,55.33
18.75,18.75,52.34,58.87,57.21
23.34,23.34,46.42,68.76,58.86
23.96,23.96,43.52,61.31,58.79
22.27,22.27,42.53,67.64,56.02
15.55,15.55,47.23,66.11,51.57
11.34,11.34,58.06,65.70,51.56
9.00,9.00,72.40,64.86,52.95
12.74,12.74,75.47,64.73,52.00
18.03,18.03,66.04,63.76,54.68
24.53,24.53,72.93,66.10,53.95
24.07,24.07,68.03,64.45,50.65
23.74,23.74,61.50,58.51,50.42
23.40,23.40,51.62,68.02,49.21
25.90,25.90,49.64,62.22,51.98
25.82,25.82,56.40,69.73,56.97
23.89,23.89,60.57,68.55,56.45
27.89,27.89,55.49,65.82,55.51
31.79,31.79,53.04,67.26,55.30
32.82,32.82,51.06,62.12,52.08
34.09,34.09,48.85,67.97,50.45
31.11,31.11,49.33,61.76,46.25
27.77,27.77,54.72,71.41,48.24
26.96,26.96,62.60,71.19,51.43
27.79,27.79,57.19,68.97,52.69
30.68,30.68,48.84,68.89,58.35
28.65,28.65,39.24,71.12,54.52
26.52,26.52,36.00,70.41,52.58
20.81,20.81,39.46,67.92,46.85
10.70,10.70,45.91,70.77,51.63
10.45,10.45,63.22,71.31,55.24
6.70,6.70,62.09,68.46,57.69
12.42,12.42,59.64,69.34,53.29
16.29,16.29,56.44,69.99,55.06
18.95,18.95,52.48,70.58,54.92
19.53,19.53,48.16,68.99,52.23
15.22,15.22,51.20,68.61,51.13
14.04,14.04,55.69,67.28,51.58
18.75,18.75,73.98,67.17,54.70
20.25,20.25,72.80,58.81,52.76
22.22,22.22,69.96,63.81,52.02
25.91,25.91,65.48,59.74,54.31
31.00,31.00,65.71,59.79,53.57
32.23,32.23,63.67,60.91,48.59
29.63,29.63,58.72,63.70,42.45
22.78,22.78,63.31,65.07,46.35
21.15,21.15,63.58,64.41,56.14
19.82,19.82,61.60,68.54,57.70
23.77,23.77,54.96,65.23,56.94
30.91,30.91,46.66,66.11,55.60
31.20,31.20,44.29,66.54,53.88
29.77,29.77,44.09,69.70,51.02
21.66,21.66,44.53,67.01,50.77
12.26,12.26,56.07,68.04,55.50
8.12,8.12,58.14,68.43,57.76
10.35,10.35,57.13,66.79,58.42
13.17,13.17,54.65,69.12,57.03
16.42,16.42,50.27,67.15,57.42
16.88,16.88,44.62,70.92,56.64
16.21,16.21,44.07,65.82,57.20
15.35,15.35,48.52,68.28,58.93
18.02,18.02,57.20,64.17,60.82
21.07,21.07,57.52,70.88,61.88
22.19,22.19,55.84,66.47,61.75
24.72,24.72,53.39,68.66,62.01
23.81,23.81,48.41,68.95,59.07
23.17,23.17,47.61,67.04,57.97
16.43,16.43,47.43,67.68,57.28
10.83,10.83,53.12,65.94,54.33
12.84,12.84,71.58,68.80,57.95
11.95,11.95,75.39,63.82,59.73
20.68,20.68,67.40,67.65,60.37
23.26,23.26,69.74,61.42,59.77
24.44,24.44,59.87,49.42,59.56
24.20,24.20,66.03,58.01,53.60
20.44,20.44,54.60,64.10,50.49
16.52,16.52,64.09,61.67,53.87
16.94,16.94,65.20,64.68,55.27
15.17,15.17,63.76,66.17,59.38
19.65,19.65,60.61,60.43,57.78
24.72,24.72,52.71,54.76,60.37
23.13,23.13,44.34,52.16,57.71
18.35,18.35,37.46,50.13,55.91
15.46,15.46,37.69,49.46,54.28
19.64,19.64,49.93,61.65,70.00
16.75,16.75,58.52,70.35,70.32
18.42,18.42,60.08,64.81,66.90
23.20,23.20,58.23,72.62,66.58
24.88,24.88,53.88,66.99,65.64
26.32,26.32,46.82,68.08,61.63
24.87,24.87,43.23,72.10,57.14
21.91,21.91,43.12,65.73,54.39
21.98,21.98,55.77,70.25,61.14
17.74,17.74,59.58,71.81,61.92
18.14,18.14,56.49,66.11,63.00
23.83,23.83,49.49,70.77,62.71
25.68,25.68,46.30,67.71,61.05
25.73,25.73,41.02,67.07,59.66
24.13,24.13,43.62,72.28,57.99
17.88,17.88,49.21,67.69,57.62
15.16,15.16,64.23,65.25,62.94
10.87,10.87,74.17,71.50,64.76
14.82,14.82,71.58,65.84,65.46
19.65,19.65,71.12,67.63,63.93
25.69,25.69,60.49,65.24,64.16
27.18,27.18,66.30,63.10,65.49
24.80,24.80,69.29,65.92,64.18
18.27,18.27,66.83,69.39,65.84
18.50,18.50,61.08,59.56,65.96
17.02,17.02,58.80,43.95,64.43
22.50,22.50,59.71,51.67,66.36
27.68,27.68,56.07,43.83,64.32
25.68,25.68,48.62,43.65,60.77
26.64,26.64,42.35,44.95,60.12
23.27,23.27,40.70,37.15,54.19
18.40,18.40,46.93,59.23,53.24
16.24,16.24,59.05,67.39,58.03
15.63,15.63,58.40,66.18,59.01
20.80,20.80,54.96,66.29,57.46
22.11,22.11,49.35,67.35,58.85
25.27,25.27,45.54,65.57,62.29
26.92,26.92,42.33,70.90,62.96
22.63,22.63,40.81,65.62,60.20
20.49,20.49,48.59,70.46,58.38
16.90,16.90,61.67,67.41,59.79
15.49,15.49,59.71,69.12,63.08
17.61,17.61,55.21,66.65,63.24
23.81,23.81,51.66,69.51,62.20
27.30,27.30,50.15,67.96,61.76
23.08,23.08,46.49,67.99,60.64
12.00,12.00,47.09,67.88,59.44
6.66,6.66,64.74,66.94,60.28
3.92,3.92,74.98,66.57,66.10
8.83,8.83,73.47,60.96,70.94
16.11,16.11,73.83,60.66,69.01
16.83,16.83,69.87,61.34,67.39
13.51,13.51,67.09,61.01,67.34
11.60,11.60,66.54,65.31,65.56
12.85,12.85,63.95,64.50,65.88
16.98,16.98,64.05,62.72,63.57
21.58,21.58,62.03,64.99,66.83
20.33,20.33,54.58,67.00,64.86
21.43,21.43,50.81,63.76,66.51
20.63,20.63,49.95,63.96,63.46
22.04,22.04,47.25,64.71,61.86
19.58,19.58,44.47,53.97,58.48
16.52,16.52,49.58,50.99,59.00
16.54,16.54,58.17,66.09,61.94
14.90,14.90,56.22,68.80,61.23
19.63,19.63,54.57,67.11,59.82
24.49,24.49,49.77,70.11,58.65
27.02,27.02,47.45,69.55,58.75
27.65,27.65,44.06,68.86,58.54
23.96,23.96,46.04,68.47,58.51
14.08,14.08,52.68,67.70,58.69
8.98,8.98,61.88,67.57,59.32
9.59,9.59,59.73,69.42,64.68
14.10,14.10,57.90,68.51,64.83
19.84,19.84,53.91,70.32,63.52
21.13,21.13,50.44,67.10,61.63
18.20,18.20,52.22,68.88,60.79
14.17,14.17,52.86,68.81,60.05
14.91,14.91,59.12,68.75,60.85
14.62,14.62,73.95,68.33,58.38
22.24,22.24,67.97,61.96,61.30
29.27,29.27,73.54,67.58,60.31
27.63,27.63,70.59,61.48,62.64
26.78,26.78,66.17,69.23,61.46
26.79,26.79,64.95,65.60,58.74
25.42,25.42,62.67,66.70,58.78
23.14,23.14,60.82,61.93,59.44
23.85,23.85,58.03,66.77,59.93
27.45,27.45,51.93,63.67,60.99
27.79,27.79,44.01,67.32,59.65
29.78,29.78,45.72,68.84,60.10
26.94,26.94,38.47,69.51,56.63
21.39,21.39,38.28,67.13,55.36
16.70,16.70,43.01,67.82,53.43
13.58,13.58,54.76,69.20,61.41
11.02,11.02,56.76,68.96,60.76
14.00,14.00,55.53,68.87,62.14
18.57,18.57,52.54,66.86,62.78
19.54,19.54,44.99,68.63,60.21
21.85,21.85,39.61,67.15,60.86
18.48,18.48,37.78,68.83,59.89
19.72,19.72,43.57,67.38,58.04
20.59,20.59,51.92,68.51,61.02
22.41,22.41,51.50,66.88,61.08
23.14,23.14,47.78,66.59,60.41
28.30,28.30,47.86,69.21,64.50
28.86,28.86,43.98,67.57,65.48
28.52,28.52,43.92,63.89,63.79
23.04,23.04,47.36,66.57,62.65
14.47,14.47,56.19,68.58,60.51
8.06,8.06,73.84,67.33,58.81
14.90,14.90,69.80,63.45,59.13
18.81,18.81,73.69,64.81,58.82
20.02,20.02,72.19,61.47,59.01
20.40,20.40,65.81,66.37,59.84
20.76,20.76,66.32,63.78,59.19
19.52,19.52,64.51,65.80,57.89
20.17,20.17,63.36,64.97,60.17
22.36,22.36,59.15,65.86,60.13
18.55,18.55,52.60,65.68,60.84
17.88,17.88,43.30,67.35,61.60
22.19,22.19,47.60,66.88,67.21
22.06,22.06,47.42,67.06,65.39
20.49,20.49,41.50,53.42,65.06
19.32,19.32,42.63,50.07,64.22
21.73,21.73,55.66,58.00,65.31
16.25,16.25,59.88,67.40,70.12
13.62,13.62,59.70,67.77,70.90
15.12,15.12,59.68,67.03,69.56
16.17,16.17,55.15,67.40,66.73
17.27,17.27,49.45,67.23,64.23
18.07,18.07,48.24,68.28,66.35
14.07,14.07,46.47,64.26,65.51
14.06,14.06,52.95,70.84,66.02
13.16,13.16,55.72,67.50,67.81
17.39,17.39,51.85,67.35,70.21
19.27,19.27,44.86,70.95,68.18
21.98,21.98,39.04,65.51,67.52
19.78,19.78,37.03,64.17,59.06
16.44,16.44,44.08,71.38,56.79
17.08,17.08,51.38,66.49,54.94
19.22,19.22,71.61,64.45,56.46
17.29,17.29,70.78,64.43,55.11
20.54,20.54,67.64,57.28,58.78
21.93,21.93,63.98,59.32,63.30
22.22,22.22,71.72,66.38,62.26
21.92,21.92,63.92,65.27,63.64
21.62,21.62,67.79,67.29,61.70
20.08,20.08,64.91,65.63,59.76
19.40,19.40,60.10,67.93,63.87
20.44,20.44,58.58,69.49,67.54
20.50,20.50,56.11,68.88,67.38
24.52,24.52,50.12,61.92,65.22
26.45,26.45,44.40,49.36,61.72
25.94,25.94,44.37,53.89,63.43
19.83,19.83,45.07,47.09,62.39
16.07,16.07,56.40,61.40,61.32
14.74,14.74,64.52,67.46,68.61
13.25,13.25,62.05,67.55,68.78
10.83,10.83,60.12,66.40,64.59
9.56,9.56,57.24,69.69,62.56
11.87,11.87,54.04,68.64,60.93
14.57,14.57,50.32,67.26,56.36
15.74,15.74,47.95,68.06,54.49
15.84,15.84,52.50,65.33,55.74
16.51,16.51,58.42,70.97,56.02
17.47,17.47,55.66,65.41,56.98
19.58,19.58,51.03,70.40,57.93
22.28,22.28,47.94,66.51,62.85
20.76,20.76,45.59,68.89,60.63
16.29,16.29,45.09,66.88,58.73
12.31,12.31,50.42,69.94,56.10
10.69,10.69,70.36,67.79,60.06
9.23,9.23,75.67,68.05,62.68
15.01,15.01,71.70,68.39,61.08
20.25,20.25,73.05,64.49,62.89
19.35,19.35,70.55,67.48,59.92
20.08,20.08,69.19,63.73,58.63
21.43,21.43,65.47,67.65,59.86
20.96,20.96,56.18,60.23,57.91
22.24,22.24,54.98,64.78,61.61
23.14,23.14,57.11,63.88,65.25
20.48,20.48,54.20,70.79,64.19
21.85,21.85,52.60,68.78,62.92
22.15,22.15,48.04,68.08,59.44
22.90,22.90,46.84,62.28,54.41
23.17,23.17,48.10,63.62,53.13
19.50,19.50,49.76,60.70,52.98
16.36,16.36,58.98,64.28,55.57
16.29,16.29,59.66,68.62,54.38
18.69,18.69,54.81,72.78,55.58
21.04,21.04,47.05,65.73,60.49
21.40,21.40,40.62,70.35,58.07
18.58,18.58,40.18,66.83,55.46
12.22,12.22,46.57,70.89,53.81
13.95,13.95,59.85,64.46,55.48
7.99,7.99,64.45,68.63,56.23
7.81,7.81,61.14,71.15,56.60
12.44,12.44,58.68,66.60,57.12
18.21,18.21,54.62,71.32,58.20
19.64,19.64,49.65,64.85,56.70
17.66,17.66,48.18,68.45,55.76
14.60,14.60,55.80,61.74,54.89
19.02,19.02,67.49,57.69,57.46
20.75,20.75,72.40,60.91,60.85
20.71,20.71,68.26,64.37,60.69
22.80,22.80,72.62,62.18,62.59
25.59,25.59,70.90,63.83,59.52
28.25,28.25,70.33,63.92,60.49
22.92,22.92,68.26,66.66,58.22
23.53,23.53,62.40,59.59,58.77
18.95,18.95,60.35,66.22,58.75
18.69,18.69,60.42,62.40,58.57
19.95,19.95,57.14,66.85,57.34
22.99,22.99,53.96,61.68,56.93
23.94,23.94,46.37,67.59,56.25
25.16,25.16,40.71,67.40,55.74
23.59,23.59,41.14,65.85,54.01
15.76,15.76,47.66,67.06,57.84
15.19,15.19,55.74,64.78,59.87
12.84,12.84,59.34,67.70,64.87
12.65,12.65,54.16,64.97,66.37
15.74,15.74,48.52,67.99,68.55
13.62,13.62,41.83,61.58,66.63
15.05,15.05,39.00,67.71,65.98
13.66,13.66,39.32,65.11,66.27
14.34,14.34,49.23,65.68,65.96
18.44,18.44,57.94,66.14,64.75
18.53,18.53,53.28,63.83,67.02
19.81,19.81,51.27,67.21,66.85
20.06,20.06,45.43,61.96,66.70
21.48,21.48,43.90,69.23,66.40
19.80,19.80,44.96,62.04,65.03
12.93,12.93,47.72,68.73,59.88
13.19,13.19,62.41,62.35,57.65
8.85,8.85,71.76,66.26,66.10
9.77,9.77,68.77,60.37,68.56
12.27,12.27,73.73,62.25,63.35
14.25,14.25,72.24,56.37,62.97
16.76,16.76,68.22,63.45,66.07
17.46,17.46,67.89,62.91,64.16
13.04,13.04,67.44,60.99,60.32
14.92,14.92,66.56,67.17,59.01
16.12,16.12,63.54,62.06,64.08
13.39,13.39,57.88,64.98,64.62
13.32,13.32,49.02,65.14,66.56
17.31,17.31,46.82,56.43,64.05
20.29,20.29,43.88,49.47,60.69
18.51,18.51,41.22,47.36,59.83
16.12,16.12,43.25,48.44,58.27
10.84,10.84,52.35,63.90,66.38
7.26,7.26,54.68,71.08,64.86
7.84,7.84,56.42,69.12,63.65
9.72,9.72,56.20,65.92,64.43
14.36,14.36,52.54,70.86,65.33
16.85,16.85,46.59,65.38,65.24
18.12,18.12,47.80,64.81,64.82
15.41,15.41,47.62,72.09,64.59
16.72,16.72,52.43,65.54,63.64
19.00,19.00,52.78,65.25,66.12
20.70,20.70,48.92,72.05,63.18
22.66,22.66,43.37,66.34,61.72
21.20,21.20,38.51,66.58,61.37
20.15,20.15,37.37,70.52,59.59
17.70,17.70,42.77,63.96,57.71
12.11,12.11,54.39,65.01,58.70
6.66,6.66,73.43,68.73,65.07
5.64,5.64,68.71,63.25,64.05
7.09,7.09,67.01,69.19,66.42
10.38,10.38,70.14,68.35,65.19
13.39,13.39,69.07,61.76,64.92
13.86,13.86,68.74,68.56,63.40
12.64,12.64,66.40,66.25,64.20
15.47,15.47,66.82,64.79,64.82
18.41,18.41,62.79,70.13,64.76
22.11,22.11,56.99,63.85,63.40
25.63,25.63,54.03,65.61,63.72
27.09,27.09,49.93,69.31,62.03
28.01,28.01,41.72,67.40,60.65
22.76,22.76,38.78,67.09,56.19
17.23,17.23,42.56,67.23,53.78
18.92,18.92,54.09,65.59,57.44
11.42,11.42,59.68,69.45,61.76
10.00,10.00,60.01,68.33,60.54
8.82,8.82,58.08,70.53,61.54
12.20,12.20,55.24,68.21,62.55
13.68,13.68,54.76,70.09,61.93
13.75,13.75,54.80,70.09,59.51
13.46,13.46,54.39,68.17,60.40
11.45,11.45,56.95,69.42,60.44
13.19,13.19,57.87,66.63,62.78
15.82,15.82,56.22,70.78,62.76
16.42,16.42,54.23,68.01,61.89
17.62,17.62,54.29,70.35,62.53
15.16,15.16,52.97,70.31,59.52
10.94,10.94,53.92,67.60,56.98
3.70,3.70,58.13,61.26,57.31
5.98,5.98,73.39,62.28,63.49
9.50,9.50,71.12,58.81,64.85
6.82,6.82,71.32,61.83,64.39
6.13,6.13,70.21,63.88,64.74
7.31,7.31,71.73,66.51,63.93
8.54,8.54,68.37,67.07,63.49
8.97,8.97,64.96,67.59,62.79
11.31,11.31,59.75,68.22,63.81
13.66,13.66,56.81,67.95,62.87
16.27,16.27,57.36,69.76,63.83
16.00,16.00,55.07,70.55,63.50
17.07,17.07,53.45,70.31,62.88
18.49,18.49,47.19,71.17,63.81
18.05,18.05,45.14,70.55,62.84
13.87,13.87,45.62,70.33,63.25
16.98,16.98,49.80,70.00,61.37
16.99,16.99,55.05,69.58,64.37
16.36,16.36,51.28,66.09,66.34
15.37,15.37,47.21,63.95,65.52
18.22,18.22,44.41,67.50,63.23
20.54,20.54,41.58,66.80,62.58
18.48,18.48,42.12,66.89,62.58
13.13,13.13,47.52,67.55,62.54
13.81,13.81,57.18,66.22,64.69
12.68,12.68,58.61,68.62,63.61
18.20,18.20,55.79,68.34,64.29
18.11,18.11,53.50,67.06,64.59
20.87,20.87,51.40,67.24,62.92
18.42,18.42,48.63,67.12,62.67
13.59,13.59,50.83,66.72,62.42
13.24,13.24,55.30,58.02,62.35
14.19,14.19,69.11,46.14,61.59
9.89,9.89,66.30,42.24,62.53
10.98,10.98,75.16,39.39,61.27
12.01,12.01,72.48,32.65,59.73
15.24,15.24,72.54,39.99,59.59
16.15,16.15,69.22,42.29,60.78
16.75,16.75,62.79,41.09,62.34
16.77,16.77,52.84,41.80,59.00
22.17,22.17,57.46,37.44,63.16
24.71,24.71,61.16,33.95,63.38
27.18,27.18,61.68,41.18,63.88
28.67,28.67,53.49,40.02,61.25
27.24,27.24,50.23,40.84,61.11
24.98,24.98,43.57,34.92,58.12
22.30,22.30,43.79,34.05,56.65
22.72,22.72,56.28,40.33,57.31
20.92,20.92,63.66,43.09,64.97
16.83,16.83,59.81,31.51,63.11
20.17,20.17,55.76,37.59,60.99
20.10,20.10,51.32,36.89,62.93
19.98,19.98,46.71,38.42,59.97
20.56,20.56,46.00,28.03,59.98
19.00,19.00,47.29,35.54,61.74
18.64,18.64,53.60,33.06,58.92
22.91,22.91,64.02,42.32,62.39
23.34,23.34,57.21,47.00,62.84
21.88,21.88,56.43,45.60,64.34
22.42,22.42,50.32,50.92,62.75
21.62,21.62,49.82,46.84,60.85
18.83,18.83,48.77,45.76,60.58
12.17,12.17,56.11,36.48,59.91
9.27,9.27,67.48,25.77,57.08
12.55,12.55,75.77,11.99,54.46
16.52,16.52,72.76,3.99,52.50
20.99,20.99,73.53,20.66,53.04
27.31,27.31,71.83,37.27,54.28
30.45,30.45,71.27,44.58,53.69
27.20,27.20,69.11,46.74,51.16
22.44,22.44,64.67,47.21,49.77
18.54,18.54,65.13,43.81,55.80
19.99,19.99,62.32,38.99,58.23
22.21,22.21,62.02,46.63,56.61
24.20,24.20,54.94,49.91,58.02
20.72,20.72,52.46,45.51,57.22
21.09,21.09,51.88,46.45,59.53
18.02,18.02,49.22,49.36,59.23
17.43,17.43,51.71,45.83,58.74
14.04,14.04,55.65,51.73,61.46
11.31,11.31,55.54,41.77,59.37
14.00,14.00,55.18,50.22,59.02
15.97,15.97,53.20,55.61,60.83
17.80,17.80,51.48,55.28,59.66
17.68,17.68,48.48,48.44,59.42
16.83,16.83,51.43,37.58,58.44
9.93,9.93,54.55,41.70,53.07
11.27,11.27,67.19,39.33,53.11
13.45,13.45,69.47,22.52,54.80
19.25,19.25,69.25,26.14,54.36
24.17,24.17,69.74,28.67,53.00
29.85,29.85,65.51,38.70,56.40
23.50,23.50,64.54,32.76,55.30
16.78,16.78,63.94,19.23,53.14
15.86,15.86,67.53,18.44,56.72
11.98,11.98,71.75,10.93,56.17
16.25,16.25,72.71,18.90,58.00
20.55,20.55,72.35,23.73,58.63
21.64,21.64,72.03,20.67,58.61
21.31,21.31,70.01,28.50,58.90
19.06,19.06,67.38,23.13,59.61
16.04,16.04,61.37,17.30,58.79
12.22,12.22,68.65,17.33,56.78
10.58,10.58,69.88,9.84,58.64
11.67,11.67,67.92,12.41,57.78
14.25,14.25,70.40,24.85,57.51
16.15,16.15,66.45,25.62,58.34
17.35,17.35,62.29,31.41,59.63
16.38,16.38,61.44,29.37,60.21
12.54,12.54,58.75,33.67,55.80
13.87,13.87,70.22,24.19,55.60
16.50,16.50,70.86,10.78,58.45
19.03,19.03,70.82,15.26,57.98
23.40,23.40,71.59,26.83,59.15
22.58,22.58,68.97,36.36,58.04
25.99,25.99,65.74,40.84,58.00
23.02,23.02,65.09,34.77,58.44
18.98,18.98,59.05,33.94,55.22
14.08,14.08,63.25,48.68,61.04
12.01,12.01,62.63,46.04,60.42
16.33,16.33,57.51,54.42,59.40
20.75,20.75,54.26,48.09,63.26
19.59,19.59,52.94,51.92,62.24
18.80,18.80,50.49,48.41,62.40
16.52,16.52,52.24,45.26,61.80
11.67,11.67,61.69,44.59,63.44
13.12,13.12,71.98,37.63,63.08
13.21,13.21,73.25,33.13,59.59
16.51,16.51,74.20,38.91,64.02
15.65,15.65,72.11,45.54,60.57
18.18,18.18,72.16,50.65,59.74
18.96,18.96,68.33,51.69,61.16
19.52,19.52,61.27,53.03,59.87
19.10,19.10,61.43,51.73,59.62
20.74,20.74,59.15,44.96,61.77
19.03,19.03,64.95,46.56,62.87
23.87,23.87,59.54,49.47,60.75
27.08,27.08,56.57,48.94,59.92
26.57,26.57,53.60,50.82,61.34
24.85,24.85,52.00,52.52,60.44
20.76,20.76,50.62,52.14,60.78
17.81,17.81,54.08,49.15,62.50
14.28,14.28,58.64,46.95,64.36
17.73,17.73,54.23,46.59,65.17
20.18,20.18,49.57,50.07,63.55
18.68,18.68,42.12,48.45,63.65
17.83,17.83,39.23,52.67,61.88
15.49,15.49,41.71,50.56,65.24
13.20,13.20,49.69,50.33,64.35
15.39,15.39,61.62,48.55,62.66
8.01,8.01,60.04,48.00,65.24
7.70,7.70,59.42,32.51,62.86
10.98,10.98,57.04,36.15,61.14
13.59,13.59,52.32,32.52,61.54
14.92,14.92,46.80,32.82,61.20
11.58,11.58,47.07,22.93,60.64
12.52,12.52,50.12,14.53,56.67
15.99,15.99,73.11,18.54,58.14
15.12,15.12,72.68,3.30,59.04
17.96,17.96,74.50,0.01,60.90
24.73,24.73,72.29,9.52,61.90
29.65,29.65,72.74,18.16,62.08
35.93,35.93,71.35,28.91,61.97
27.56,27.56,68.71,31.34,62.36
25.24,25.24,64.52,31.55,61.63
18.10,18.10,64.52,32.03,63.16
22.26,22.26,63.00,37.60,63.62
26.49,26.49,61.56,33.78,63.06
26.44,26.44,53.86,36.26,61.14
26.38,26.38,49.95,42.70,61.29
24.81,24.81,44.09,36.43,62.67
18.97,18.97,46.04,35.75,63.04
17.33,17.33,57.16,38.69,63.80
14.65,14.65,61.79,35.43,63.08
12.94,12.94,61.53,32.27,62.25
13.74,13.74,57.09,37.16,62.12
15.84,15.84,51.15,35.14,61.45
17.14,17.14,45.57,35.81,60.82
15.74,15.74,41.65,34.17,59.85
15.01,15.01,47.16,27.52,60.03
16.36,16.36,58.84,45.16,61.60
17.62,17.62,63.69,53.41,61.19
20.53,20.53,59.74,52.93,62.09
25.03,25.03,55.55,45.58,62.96
24.57,24.57,52.24,53.27,61.42
21.78,21.78,49.57,51.55,61.10
19.67,19.67,51.02,51.10,61.21
13.36,13.36,54.16,47.29,57.30
9.46,9.46,70.88,44.53,59.40
13.90,13.90,67.11,36.63,61.06
20.32,20.32,75.02,39.74,60.66
23.56,23.56,72.28,47.09,59.24
26.83,26.83,73.12,51.34,58.75
26.32,26.32,69.53,55.95,58.64
23.49,23.49,63.07,55.34,59.20
19.98,19.98,57.34,53.90,60.79
20.14,20.14,59.78,50.29,59.26
17.48,17.48,62.27,46.77,58.39
18.93,18.93,62.59,50.80,59.84
19.68,19.68,53.42,52.22,60.02
19.55,19.55,52.32,51.25,58.78
19.77,19.77,45.35,52.53,59.15
18.71,18.71,46.64,52.26,57.56
20.24,20.24,51.07,50.86,57.63
15.32,15.32,60.22,53.81,58.19
18.17,18.17,58.02,49.92,57.86
19.81,19.81,53.08,51.84,54.19
22.43,22.43,49.25,51.80,54.05
26.24,26.24,45.88,54.59,57.22
25.37,25.37,41.49,52.97,55.81
23.76,23.76,43.23,54.27,56.01
18.02,18.02,49.33,50.67,53.79
18.84,18.84,59.28,49.67,58.05
22.36,22.36,60.79,50.48,59.76
23.67,23.67,62.14,48.97,60.10
23.20,23.20,62.70,34.02,58.22
24.48,24.48,63.77,34.38,58.42
22.98,22.98,57.74,28.18,60.07
17.13,17.13,57.39,26.97,58.58
13.76,13.76,69.32,23.53,57.94
12.89,12.89,74.24,16.55,57.41
21.20,21.20,72.67,5.03,57.80
27.57,27.57,72.90,12.39,58.41
33.89,33.89,71.11,27.60,57.82
34.85,34.85,71.72,34.86,57.43
29.27,29.27,68.91,37.92,53.63
24.14,24.14,64.76,42.29,51.40
20.37,20.37,65.21,38.79,54.31
20.91,20.91,64.84,35.47,53.76
25.44,25.44,62.38,36.72,53.39
28.76,28.76,61.72,35.50,50.04
32.09,32.09,63.33,35.01,54.86
33.56,33.56,56.87,39.96,53.29
30.07,30.07,58.31,43.05,53.42
23.22,23.22,55.28,40.95,51.64
19.09,19.09,61.42,37.92,53.99
12.96,12.96,67.66,27.36,62.16
14.28,14.28,67.71,31.06,63.29
16.24,16.24,68.45,27.14,61.28
17.20,17.20,66.79,39.03,59.72
19.28,19.28,63.15,34.17,56.29
17.15,17.15,59.69,34.51,54.66
15.17,15.17,61.90,39.78,55.17
11.51,11.51,66.59,42.86,57.42
14.03,14.03,63.04,48.01,54.77
20.72,20.72,60.23,53.66,56.16
26.66,26.66,56.20,54.40,55.10
26.75,26.75,53.18,54.18,55.89
23.43,23.43,53.44,54.71,55.13
16.35,16.35,54.89,50.31,52.57
10.25,10.25,66.17,46.53,54.47
10.55,10.55,69.26,36.53,58.32
15.84,15.84,74.77,27.68,58.02
18.50,18.50,72.27,41.19,58.88
20.98,20.98,74.13,48.77,55.92
19.97,19.97,70.21,54.72,56.56
20.43,20.43,65.65,54.92,54.79
16.60,16.60,54.42,53.52,53.42
15.70,15.70,59.56,48.37,54.77
19.04,19.04,62.47,44.31,58.31
18.94,18.94,64.57,50.99,58.90
22.00,22.00,58.11,54.59,60.61
21.56,21.56,53.99,55.46,61.20
21.66,21.66,51.64,54.38,60.28
20.43,20.43,51.71,53.69,60.93
16.15,16.15,53.92,52.58,58.21
15.72,15.72,61.63,54.88,59.79
17.52,17.52,58.24,56.61,57.12
21.41,21.41,56.29,53.15,56.96
23.70,23.70,52.11,47.09,56.31
27.58,27.58,50.68,39.31,57.41
26.84,26.84,49.12,42.89,56.87
21.31,21.31,53.27,38.54,54.51
18.94,18.94,61.17,39.74,53.39
20.42,20.42,65.18,41.82,51.24
17.26,17.26,63.71,41.15,52.96
19.86,19.86,61.95,36.50,53.41
20.67,20.67,58.13,37.45,54.11
22.79,22.79,53.77,38.74,56.89
21.05,21.05,50.25,34.62,54.91
18.96,18.96,51.32,25.50,55.82
17.31,17.31,59.35,23.89,51.71
18.86,18.86,74.94,19.26,49.15
26.43,26.43,72.28,9.55,51.48
30.03,30.03,74.08,4.96,53.06
30.63,30.63,71.78,17.82,52.25
33.32,33.32,71.73,23.06,52.38
33.56,33.56,70.45,27.01,51.34
25.84,25.84,66.43,31.99,49.58
19.88,19.88,65.04,35.12,53.54
16.59,16.59,64.26,29.27,57.60
20.20,20.20,65.11,34.05,57.32
24.25,24.25,59.70,36.27,58.00
29.08,29.08,56.97,27.72,55.04
31.37,31.37,51.40,32.81,56.26
29.03,29.03,47.29,33.63,52.93
22.50,22.50,48.34,36.45,48.12
11.70,11.70,59.92,38.28,55.69
13.34,13.34,60.98,37.82,59.46
19.11,19.11,57.81,34.65,56.52
22.90,22.90,54.16,39.05,57.05
26.00,26.00,50.46,37.74,55.19
28.18,28.18,46.42,35.42,55.08
27.88,27.88,44.20,31.84,55.09
22.46,22.46,43.34,36.74,51.71
22.57,22.57,59.04,37.90,58.75
22.35,22.35,63.76,48.46,60.79
23.61,23.61,59.94,43.20,58.87
30.25,30.25,54.64,37.42,57.79
32.38,32.38,51.56,38.09,58.86
32.60,32.60,50.15,36.91,55.79
25.51,25.51,52.89,35.10,54.78
15.26,15.26,59.94,29.13,49.41
11.44,11.44,74.19,21.07,49.48
16.24,16.24,74.72,5.62,48.53
26.74,26.74,73.72,7.68,50.29
31.58,31.58,72.84,18.45,50.86
34.20,34.20,72.75,30.09,50.11
35.73,35.73,71.69,36.48,50.17
30.43,30.43,69.09,32.45,47.55
22.63,22.63,64.81,37.27,53.13
19.89,19.89,65.66,32.95,56.12
19.05,19.05,61.85,34.21,56.40
25.39,25.39,60.22,36.68,55.22
27.42,27.42,54.53,36.57,54.11
29.03,29.03,48.72,38.03,56.40
26.51,26.51,48.52,41.04,55.21
23.72,23.72,49.28,43.56,56.63
25.20,25.20,56.27,44.19,57.54
14.85,14.85,64.36,45.75,58.26
13.08,13.08,62.85,44.74,55.83
18.07,18.07,62.46,42.69,56.02
22.83,22.83,55.30,48.01,54.29
24.42,24.42,49.75,50.45,55.53
26.14,26.14,46.86,45.54,50.95
19.08,19.08,49.35,45.91,51.76
12.18,12.18,55.83,42.57,49.28
13.62,13.62,67.76,42.17,50.40
22.43,22.43,69.21,30.31,50.37
25.76,25.76,67.17,21.88,48.84
31.81,31.81,69.98,26.72,52.11
32.22,32.22,66.75,37.21,49.11
27.98,27.98,65.13,29.09,46.30
23.67,23.67,62.09,27.47,43.17
19.91,19.91,68.61,21.66,50.02
13.71,13.71,71.38,7.10,51.19
18.62,18.62,71.40,8.73,53.31
23.44,23.44,74.65,18.41,54.01
29.47,29.47,67.97,29.42,53.17
29.60,29.60,71.79,33.54,53.45
30.46,30.46,70.44,35.56,54.20
28.80,28.80,69.33,28.55,49.95
22.46,22.46,69.34,22.57,49.82
17.18,17.18,69.11,21.69,52.02
20.83,20.83,70.90,21.52,50.78
26.15,26.15,70.30,30.65,50.33
30.16,30.16,67.00,32.88,49.59
31.96,31.96,63.74,34.98,47.66
32.00,32.00,61.10,36.13,46.38
27.01,27.01,59.06,33.58,49.66
24.06,24.06,70.02,28.22,47.56
23.41,23.41,70.66,14.83,50.68
28.94,28.94,70.60,14.60,52.95
34.38,34.38,71.56,24.97,54.42
35.69,35.69,67.91,34.55,52.07
36.36,36.36,64.98,33.42,50.36
31.19,31.19,63.98,25.27,46.61
27.59,27.59,62.69,39.52,45.15
16.51,16.51,66.01,40.61,44.52
13.17,13.17,62.91,43.47,49.69
20.80,20.80,59.88,39.92,49.78
24.54,24.54,57.96,44.92,50.19
26.81,26.81,55.49,38.32,50.35
26.45,26.45,57.52,34.28,48.70
19.91,19.91,56.31,26.57,42.07
13.71,13.71,71.07,21.12,44.83
15.22,15.22,77.08,11.06,43.14
16.95,16.95,72.83,3.71,48.50
24.64,24.64,73.64,8.79,50.62
27.48,27.48,71.28,23.32,50.24
27.54,27.54,71.97,29.19,51.33
27.72,27.72,70.46,27.56,52.02
24.51,24.51,68.92,31.75,48.92
20.58,20.58,67.29,31.03,46.02
24.53,24.53,65.18,36.75,52.87
23.33,23.33,60.57,35.74,52.08
25.11,25.11,55.71,37.26,51.83
28.06,28.06,56.49,40.91,53.14
31.97,31.97,53.62,36.94,51.27
31.57,31.57,54.73,44.22,52.03
29.27,29.27,51.86,43.76,47.87
28.78,28.78,62.13,49.30,50.59
23.19,23.19,61.51,44.09,52.97
25.43,25.43,56.78,46.80,53.95
30.12,30.12,46.00,48.40,53.13
29.74,29.74,44.47,52.00,52.62
28.74,28.74,38.05,51.86,51.61
27.64,27.64,43.67,52.59,51.38
24.37,24.37,49.89,51.50,50.82
17.94,17.94,59.53,44.94,53.94
21.99,21.99,54.44,34.72,54.78
24.66,24.66,46.15,34.93,52.73
27.09,27.09,41.07,31.18,52.06
27.55,27.55,35.20,29.54,52.97
26.26,26.26,41.34,26.94,52.36
19.67,19.67,48.17,27.78,48.52
18.66,18.66,62.28,23.91,49.50
18.29,18.29,75.51,15.51,49.31
22.80,22.80,72.31,2.59,51.80
29.35,29.35,74.81,8.98,55.72
32.15,32.15,71.48,22.43,55.21
36.76,36.76,72.17,22.90,58.44
33.40,33.40,71.47,29.48,54.47
31.11,31.11,68.63,30.78,56.26
24.94,24.94,66.88,29.53,58.24
23.98,23.98,64.79,25.44,60.81
26.06,26.06,65.36,27.73,60.84
29.52,29.52,57.05,28.87,59.99
33.92,33.92,52.81,35.96,58.06
32.71,32.71,49.94,33.21,55.92
30.44,30.44,47.21,32.43,52.92
21.76,21.76,46.45,40.91,52.17
15.49,15.49,57.85,41.18,59.10
9.45,9.45,57.30,37.10,59.88
12.26,12.26,55.03,37.24,60.15
12.85,12.85,51.47,37.66,58.00
14.85,14.85,47.17,38.87,56.30
17.11,17.11,44.14,37.47,57.47
17.53,17.53,45.08,34.82,58.91
17.17,17.17,51.74,35.71,58.30
18.66,18.66,63.25,36.28,60.16
23.63,23.63,60.81,40.18,58.60
25.92,25.92,59.07,33.82,62.00
27.08,27.08,56.04,38.09,61.41
27.02,27.02,53.51,35.72,59.06
24.48,24.48,53.58,38.17,60.78
16.19,16.19,54.29,30.86,56.82
15.02,15.02,63.24,19.75,56.35
16.05,16.05,75.83,13.54,54.04
21.71,21.71,74.45,5.47,56.06
22.88,22.88,74.23,5.51,55.03
24.42,24.42,72.15,21.59,54.26
26.46,26.46,72.17,29.07,53.50
26.45,26.45,70.85,32.89,54.08
21.60,21.60,67.65,31.69,53.39
17.04,17.04,68.05,28.53,51.49
15.01,15.01,65.94,26.55,54.67
14.33,14.33,60.82,33.09,55.18
16.06,16.06,58.95,29.38,56.21
19.96,19.96,49.85,32.94,54.68
23.32,23.32,52.80,29.55,55.60
23.19,23.19,53.18,31.20,57.61
22.19,22.19,54.50,32.54,53.86
20.07,20.07,61.19,38.69,56.51
13.63,13.63,62.54,41.41,55.27
14.15,14.15,61.73,37.46,53.81
19.08,19.08,62.30,41.88,53.74
23.09,23.09,57.95,36.43,54.48
25.53,25.53,53.28,46.25,55.56
22.41,22.41,53.01,42.04,54.50
16.26,16.26,55.21,42.99,50.12
13.63,13.63,63.80,40.65,47.99
19.37,19.37,68.75,29.95,51.85
23.09,23.09,69.49,16.00,51.74
29.54,29.54,68.81,13.95,53.06
30.78,30.78,69.28,18.08,55.72
33.64,33.64,65.55,25.09,51.70
30.51,30.51,63.99,20.01,51.05
20.13,20.13,62.71,18.31,48.01
15.82,15.82,73.23,16.01,50.61
20.14,20.14,75.96,8.54,51.03
27.65,27.65,72.52,7.67,56.08
34.38,34.38,72.48,14.95,54.18
38.91,38.91,72.96,21.42,56.12
32.23,32.23,70.89,22.66,51.14
23.57,23.57,70.46,20.42,45.20
17.97,17.97,70.41,13.42,45.61
7.76,7.76,69.05,3.46,45.93
9.43,9.43,69.70,5.00,49.45
17.00,17.00,72.30,18.08,49.20
25.79,25.79,70.16,22.28,50.91
27.61,27.61,65.33,35.14,51.16
23.61,23.61,63.59,31.79,47.13
21.58,21.58,61.72,37.44,50.05
17.77,17.77,65.03,27.33,48.39
15.60,15.60,68.23,13.94,48.83
17.64,17.64,69.64,16.09,54.25
20.25,20.25,69.38,16.19,51.72
24.97,24.97,68.54,23.81,53.48
25.33,25.33,63.84,37.21,52.35
25.34,25.34,63.18,33.38,49.88
18.75,18.75,60.46,36.41,46.86
12.72,12.72,61.87,36.23,50.50
10.79,10.79,64.53,37.10,52.85
13.31,13.31,60.01,32.43,53.23
16.40,16.40,57.95,35.29,55.13
18.61,18.61,56.45,37.00,57.46
19.24,19.24,56.22,33.22,56.07
15.13,15.13,57.31,29.63,55.56
16.78,16.78,60.86,23.90,50.77
8.36,8.36,73.56,17.21,50.84
8.43,8.43,75.59,6.01,51.60
11.35,11.35,74.29,7.93,53.87
12.80,12.80,71.77,15.67,53.22
13.95,13.95,72.03,33.20,53.04
12.98,12.98,71.98,39.17,53.44
13.89,13.89,67.45,37.76,52.79
13.96,13.96,66.29,32.63,52.80
16.43,16.43,65.17,38.68,55.05
21.71,21.71,64.38,37.73,56.93
20.04,20.04,63.37,37.05,55.92
23.58,23.58,62.17,39.45,58.32
24.36,24.36,61.33,39.02,57.60
22.21,22.21,59.19,39.76,59.52
20.10,20.10,60.84,32.51,58.26
19.45,19.45,59.11,38.00,56.77
22.93,22.93,62.92,37.99,56.51
23.61,23.61,58.66,42.85,54.90
25.57,25.57,57.43,42.94,56.95
29.20,29.20,55.08,42.81,56.21
29.30,29.30,56.52,49.62,59.70
26.15,26.15,53.22,45.90,56.74
25.95,25.95,55.74,46.57,58.57
25.54,25.54,58.39,46.93,57.92
25.32,25.32,58.52,51.41,57.68
26.31,26.31,56.76,47.38,56.60
27.63,27.63,54.47,48.46,57.46
27.46,27.46,51.42,50.37,55.70
30.48,30.48,50.73,51.59,54.50
26.29,26.29,51.70,45.52,54.92
19.95,19.95,54.57,43.39,51.85
19.70,19.70,69.74,38.77,51.53
24.22,24.22,75.11,19.43,48.29
26.47,26.47,73.02,8.24,48.04
31.93,31.93,72.63,21.77,50.69
35.18,35.18,72.25,35.08,51.38
36.95,36.95,71.71,35.20,52.71
34.56,34.56,67.72,37.98,49.17
30.29,30.29,64.28,42.26,49.05
26.76,26.76,64.62,37.82,56.12
23.34,23.34,62.83,31.26,58.83
26.13,26.13,62.84,33.74,58.91
29.99,29.99,57.22,27.92,57.98
32.84,32.84,55.72,38.13,55.75
33.79,33.79,49.78,40.88,52.95
32.50,32.50,48.12,46.78,50.96
26.71,26.71,55.20,39.19,48.83
23.46,23.46,63.44,37.49,55.24
22.00,22.00,59.53,37.19,57.22
29.35,29.35,57.55,41.91,56.11
34.30,34.30,53.08,41.41,53.27
35.22,35.22,49.41,44.74,52.21
35.95,35.95,47.20,41.96,50.14
34.44,34.44,45.87,42.99,49.38
25.99,25.99,50.09,37.09,48.88
23.15,23.15,65.76,45.03,59.33
24.79,24.79,59.64,45.27,57.39
28.99,28.99,60.61,34.94,55.93
32.77,32.77,55.68,40.56,58.56
35.55,35.55,52.93,36.88,57.49
33.71,33.71,53.00,39.38,58.41
23.87,23.87,55.25,38.41,50.82
23.14,23.14,66.17,32.05,44.50
17.43,17.43,74.82,12.28,41.74
24.50,24.50,76.51,7.44,38.82
32.81,32.81,70.72,22.04,41.77
36.75,36.75,74.81,24.21,43.96
39.34,39.34,69.91,33.86,42.86
35.75,35.75,61.24,41.78,42.47
32.05,32.05,55.17,38.68,38.81
29.62,29.62,58.48,34.07,40.74
29.48,29.48,65.28,35.62,52.49
26.32,26.32,69.31,34.16,49.85
31.06,31.06,54.78,35.91,50.65
32.92,32.92,50.76,30.25,50.71
32.22,32.22,48.74,35.08,54.47
26.97,26.97,53.26,37.13,55.03
22.47,22.47,52.29,38.83,53.46
17.58,17.58,59.04,46.46,53.69
13.95,13.95,59.66,37.96,53.52
23.38,23.38,58.94,45.42,54.90
28.17,28.17,58.01,43.00,49.80
32.61,32.61,54.32,45.07,54.47
34.15,34.15,51.45,43.34,52.74
32.92,32.92,55.15,38.29,49.03
19.80,19.80,60.12,34.46,39.90
15.03,15.03,69.81,34.83,35.79
18.58,18.58,69.14,26.10,43.68
27.78,27.78,70.31,33.89,45.67
30.48,30.48,70.14,37.51,42.29
33.78,33.78,64.92,44.09,42.94
30.83,30.83,65.01,37.51,37.95
23.19,23.19,62.70,36.69,32.03
22.64,22.64,61.47,26.31,36.64
16.62,16.62,72.68,21.32,38.18
19.89,19.89,73.18,16.43,42.92
27.76,27.76,73.73,13.74,45.40
32.44,32.44,72.63,32.67,46.04
35.67,35.67,70.98,37.32,42.04
29.23,29.23,71.44,31.94,34.39
24.94,24.94,70.18,21.75,31.93
19.61,19.61,70.13,15.50,37.08
14.76,14.76,68.72,20.67,37.00
18.76,18.76,70.30,22.98,38.22
27.61,27.61,68.70,40.84,41.79
30.44,30.44,66.18,41.98,36.71
34.20,34.20,60.99,33.09,35.20
32.16,32.16,62.48,35.13,33.69
28.64,28.64,59.49,36.57,34.06
27.38,27.38,70.75,19.01,36.41
30.62,30.62,70.51,17.09,38.68
33.41,33.41,71.15,21.40,37.61
36.70,36.70,72.50,28.59,37.01
37.59,37.59,66.31,34.75,36.77
34.33,34.33,66.15,35.09,38.22
31.57,31.57,65.06,36.58,37.28
23.75,23.75,54.50,24.53,31.49
18.29,18.29,61.06,45.77,33.87
11.07,11.07,64.21,44.68,43.10
15.56,15.56,55.48,44.17,47.76
28.24,28.24,55.18,45.25,46.34
26.57,26.57,53.49,45.91,46.58
29.54,29.54,56.10,40.72,44.81
21.67,21.67,55.88,37.95,40.39
18.40,18.40,63.39,24.77,31.58
11.94,11.94,75.92,16.34,34.05
16.75,16.75,75.20,4.94,33.16
22.09,22.09,75.31,12.09,35.80
32.26,32.26,71.84,21.47,38.15
36.44,36.44,70.98,32.67,36.80
38.00,38.00,71.11,33.54,38.85
33.36,33.36,68.96,38.04,39.62
26.14,26.14,68.51,34.02,39.13
27.27,27.27,66.92,29.61,47.63
26.53,26.53,62.70,35.81,48.85
27.92,27.92,59.36,37.00,47.22
29.26,29.26,54.04,37.35,44.23
30.11,30.11,55.41,36.92,46.10
32.36,32.36,56.62,39.94,44.28
27.72,27.72,57.54,42.60,43.14
29.70,29.70,56.77,45.97,39.64
30.72,30.72,59.10,45.21,41.71
28.12,28.12,55.63,43.90,40.07
31.37,31.37,53.64,43.70,43.57
33.85,33.85,51.16,44.11,42.50
32.15,32.15,49.13,52.30,44.70
28.50,28.50,48.03,50.87,41.67
25.53,25.53,49.19,50.55,42.98
25.87,25.87,58.95,50.06,52.37
23.53,23.53,58.48,47.17,48.94
31.73,31.73,55.32,40.97,47.75
37.48,37.48,49.07,39.20,45.33
36.04,36.04,40.40,37.39,40.10
33.89,33.89,37.50,36.14,36.64
29.15,29.15,42.04,32.37,30.44
22.79,22.79,45.98,23.67,28.38
23.39,23.39,73.26,19.21,32.73
25.88,25.88,74.02,8.86,33.90
34.09,34.09,73.23,7.92,35.98
37.73,37.73,72.53,20.85,34.05
36.94,36.94,72.99,29.83,30.94
37.09,37.09,71.62,38.16,34.35
31.65,31.65,69.35,40.37,32.62
25.14,25.14,65.24,38.14,39.54
16.98,16.98,67.74,32.55,53.04
23.25,23.25,66.49,32.88,54.72
30.51,30.51,62.76,31.71,55.97
36.96,36.96,56.49,35.10,54.80
36.83,36.83,54.02,44.07,54.56
34.81,34.81,50.11,37.75,50.32
27.95,27.95,50.03,43.49,45.44
21.92,21.92,62.17,43.22,51.35
13.63,13.63,67.82,41.77,55.94
12.38,12.38,64.83,40.15,54.74
16.48,16.48,59.76,42.20,55.33
21.56,21.56,55.23,40.16,52.46
21.90,21.90,50.06,41.60,52.19
21.48,21.48,51.10,37.51,54.09
19.70,19.70,53.37,37.56,53.96
16.94,16.94,60.80,41.27,52.66
16.36,16.36,67.72,41.21,53.82
21.75,21.75,62.69,36.01,54.74
27.55,27.55,62.01,32.70,57.27
25.67,25.67,57.40,38.63,57.82
27.53,27.53,55.55,34.12,56.94
27.21,27.21,56.26,38.65,56.62
20.27,20.27,57.89,23.75,50.06
15.11,15.11,71.40,19.71,48.73
13.52,13.52,77.09,10.91,50.86
17.19,17.19,72.75,6.07,49.95
24.58,24.58,73.10,15.07,52.54
30.12,30.12,71.60,30.69,47.46
30.85,30.85,71.58,37.57,47.00
28.23,28.23,70.72,39.21,47.16
24.38,24.38,68.34,39.00,46.31
20.00,20.00,68.64,33.08,49.81
15.86,15.86,64.55,33.24,50.99
18.62,18.62,61.90,36.03,53.58
23.71,23.71,57.32,31.21,53.51
23.43,23.43,54.38,31.21,53.01
25.23,25.23,54.54,36.74,52.61
20.00,20.00,55.70,28.95,51.37
17.47,17.47,58.46,39.36,49.73
14.60,14.60,62.31,43.65,51.61
15.72,15.72,56.99,42.18,46.15
19.90,19.90,55.33,40.83,47.14
24.43,24.43,52.79,41.76,46.41
30.13,30.13,52.69,52.02,50.93
32.18,32.18,50.46,50.39,50.97
31.40,31.40,52.31,48.41,48.40
24.53,24.53,55.40,40.61,44.32
24.19,24.19,66.08,33.81,46.79
26.06,26.06,69.25,22.22,47.26
30.91,30.91,69.04,16.81,49.47
34.70,34.70,70.38,19.87,52.83
39.44,39.44,66.31,30.89,52.59
37.87,37.87,65.34,31.09,47.08
27.51,27.51,61.66,22.05,41.53
23.85,23.85,68.24,21.76,43.20
24.62,24.62,75.07,6.95,42.57
30.81,30.81,72.97,4.94,49.66
36.53,36.53,74.33,16.27,47.32
41.80,41.80,72.11,23.56,52.66
41.74,41.74,70.71,32.25,45.60
35.74,35.74,71.35,28.67,38.38
29.38,29.38,69.53,22.66,38.74
24.07,24.07,69.90,18.14,49.06
20.22,20.22,67.49,6.78,45.92
22.84,22.84,67.23,15.23,46.73
26.65,26.65,68.29,22.72,46.05
30.10,30.10,67.97,35.14,44.92
33.48,33.48,64.70,35.04,45.53
31.56,31.56,62.39,41.21,45.83
25.60,25.60,60.86,39.25,43.81
21.94,21.94,68.00,23.37,43.83
20.90,20.90,70.90,15.49,46.49
27.15,27.15,70.22,15.29,47.71
32.06,32.06,72.20,23.12,47.50
38.26,38.26,68.92,37.73,46.95
40.70,40.70,68.08,35.71,47.96
36.39,36.39,64.41,34.57,43.21
24.99,24.99,63.94,37.73,40.48
20.03,20.03,66.14,33.93,39.89
25.16,25.16,62.24,34.72,42.81
33.74,33.74,59.49,36.27,46.09
38.84,38.84,61.63,38.00,50.51
40.57,40.57,56.35,37.05,44.72
33.86,33.86,59.36,39.57,42.96
23.98,23.98,57.00,28.99,37.66
17.06,17.06,65.92,24.89,37.36
11.98,11.98,75.95,14.60,42.79
19.51,19.51,72.66,4.67,46.14
21.94,21.94,73.96,11.71,48.17
26.04,26.04,72.72,19.64,47.38
26.40,26.40,71.23,28.71,47.25
25.58,25.58,70.42,35.95,48.20
26.47,26.47,68.93,40.10,46.88
21.37,21.37,68.29,37.93,47.76
23.52,23.52,64.40,32.37,54.33
20.44,20.44,63.37,37.48,54.24
24.03,24.03,59.05,36.24,54.39
24.24,24.24,55.36,36.35,55.90
29.87,29.87,55.20,41.56,55.42
27.15,27.15,56.40,40.85,56.38
25.42,25.42,56.99,41.80,53.35
23.51,23.51,61.49,43.45,53.10
24.99,24.99,58.92,44.14,50.96
26.73,26.73,55.95,43.97,49.52
28.14,28.14,54.75,42.99,50.53
29.12,29.12,53.34,41.80,53.87
28.41,28.41,51.02,46.58,52.76
28.13,28.13,53.03,40.47,50.29
26.48,26.48,54.54,41.91,47.51
26.31,26.31,60.85,41.58,48.70
22.95,22.95,59.90,40.99,48.23
27.04,27.04,55.81,41.09,47.18
28.23,28.23,54.68,42.37,51.40
31.21,31.21,52.03,37.50,52.16
30.24,30.24,50.56,35.30,51.81
22.37,22.37,49.56,33.15,51.27
21.32,21.32,59.58,23.84,54.51
16.50,16.50,74.88,14.68,61.77
18.16,18.16,70.76,5.46,60.36
21.55,21.55,74.79,4.95,57.31
20.97,20.97,71.61,17.29,58.90
23.75,23.75,72.32,24.44,58.87
25.16,25.16,70.39,23.59,56.59
25.07,25.07,66.21,30.78,55.16
21.57,21.57,67.30,32.31,57.09
20.40,20.40,63.36,24.92,62.28
24.32,24.32,62.61,28.40,62.75
24.70,24.70,56.45,28.94,61.70
26.16,26.16,55.55,33.56,60.41
27.82,27.82,46.92,33.19,58.55
25.41,25.41,42.82,37.82,56.29
20.08,20.08,42.26,43.46,52.76
19.26,19.26,58.39,41.34,59.52
14.90,14.90,60.03,35.24,60.69
20.09,20.09,57.07,37.15,60.05
23.63,23.63,51.65,41.27,59.26
25.88,25.88,46.51,39.46,57.00
24.29,24.29,42.04,37.92,54.37
22.83,22.83,40.39,36.58,52.06
18.33,18.33,41.58,31.33,51.67
18.91,18.91,56.56,41.30,60.85
22.77,22.77,57.25,44.75,64.17
22.87,22.87,54.07,35.90,60.95
23.85,23.85,53.06,29.61,63.85
23.42,23.42,45.86,35.34,61.78
20.59,20.59,46.55,27.31,59.84
13.76,13.76,51.28,30.73,57.25
7.47,7.47,57.25,24.00,55.49
5.84,5.84,73.36,17.57,57.78
8.68,8.68,72.39,7.21,56.98
14.72,14.72,76.11,6.55,56.94
17.91,17.91,72.02,18.13,54.70
21.40,21.40,72.52,25.74,55.64
22.84,22.84,69.45,36.98,55.89
20.46,20.46,66.41,36.51,55.53
15.40,15.40,63.06,33.00,56.92
10.90,10.90,63.67,29.53,58.27
12.78,12.78,62.92,32.97,58.59
19.93,19.93,59.35,35.40,56.58
20.69,20.69,54.82,32.83,56.66
22.68,22.68,51.18,32.59,56.77
20.17,20.17,47.71,33.29,57.76
17.83,17.83,50.41,34.82,58.18
19.18,19.18,54.74,41.61,59.90
10.69,10.69,59.24,43.31,58.93
13.64,13.64,56.89,41.33,60.50
19.56,19.56,55.18,41.93,58.10
21.06,21.06,49.73,42.02,57.41
21.02,21.02,46.31,42.76,57.66
17.41,17.41,44.48,39.11,57.29
12.81,12.81,48.21,35.76,55.54
11.80,11.80,57.67,32.02,55.94
13.79,13.79,67.05,30.89,56.79
21.89,21.89,69.41,24.04,57.58
24.44,24.44,67.66,15.85,57.18
27.83,27.83,69.92,28.90,56.99
25.87,25.87,65.38,36.41,53.17
17.04,17.04,62.48,25.99,52.94
16.08,16.08,62.49,22.13,52.23
12.70,12.70,70.99,7.81,54.67
7.60,7.60,74.80,0.11,54.14
13.19,13.19,72.36,0.98,54.40
22.65,22.65,71.96,18.50,54.71
28.88,28.88,72.21,23.67,53.76
26.12,26.12,71.27,28.04,53.19
22.89,22.89,68.98,26.24,50.91
15.56,15.56,65.60,18.61,53.97
10.81,10.81,68.72,3.62,56.37
8.60,8.60,67.36,1.36,56.86
14.31,14.31,69.15,8.10,55.15
17.80,17.80,69.91,24.05,55.07
20.28,20.28,66.38,28.86,55.45
18.58,18.58,64.13,29.97,54.85
16.89,16.89,62.57,31.08,52.92
12.38,12.38,58.33,24.24,53.82
11.34,11.34,68.84,7.09,57.56
14.26,14.26,71.05,5.42,57.08
19.28,19.28,70.34,11.66,57.16
19.32,19.32,71.42,22.61,54.69
21.29,21.29,69.18,29.88,53.19
20.96,20.96,66.24,26.05,55.10
19.34,19.34,64.23,29.80,53.31
12.52,12.52,61.50,38.20,54.94
8.44,8.44,65.37,34.82,53.05
9.53,9.53,61.85,37.92,51.80
16.72,16.72,57.57,34.17,52.73
21.25,21.25,58.90,41.11,52.44
25.16,25.16,54.50,33.58,51.43
23.67,23.67,57.85,28.22,50.57
13.38,13.38,56.30,22.71,50.56
7.21,7.21,68.65,11.92,56.26
1.77,1.77,76.19,3.21,55.65
7.35,7.35,71.61,0.04,55.69
12.05,12.05,73.72,6.20,54.98
15.89,15.89,71.60,17.60,54.31
17.96,17.96,71.68,28.89,54.95
19.33,19.33,70.12,27.21,52.91
15.12,15.12,65.24,26.48,52.65
15.97,15.97,67.42,20.14,53.93
16.45,16.45,61.79,21.50,59.51
15.80,15.80,64.27,25.59,57.30
18.45,18.45,55.17,25.96,55.99
22.03,22.03,53.20,32.18,54.89
23.30,23.30,53.38,31.95,52.27
22.10,22.10,53.58,33.45,53.74
21.82,21.82,52.85,38.69,54.49
20.13,20.13,61.48,40.54,55.85
17.20,17.20,60.02,36.56,55.43
18.43,18.43,55.76,35.36,55.47
21.36,21.36,48.44,36.73,54.75
22.57,22.57,49.28,45.24,54.00
19.94,19.94,46.88,44.26,53.40
14.60,14.60,47.18,43.70,53.62
9.89,9.89,56.59,43.45,54.90
7.00,7.00,62.96,46.11,55.59
14.52,14.52,60.97,41.24,57.27
13.11,13.11,58.04,33.01,55.44
15.16,15.16,54.20,33.68,58.70
18.29,18.29,52.66,29.55,61.93
20.83,20.83,55.31,22.72,63.17
15.77,15.77,59.30,18.70,61.34
19.25,19.25,65.81,6.30,58.24
21.38,21.38,75.61,0.91,58.28
21.76,21.76,71.22,-0.00,61.57
21.75,21.75,73.53,0.17,63.36
22.98,22.98,72.44,7.16,58.51
22.62,22.62,71.21,14.66,55.02
22.01,22.01,70.67,15.06,53.89
15.14,15.14,66.69,22.08,51.53
11.28,11.28,67.30,17.49,55.47
11.78,11.78,66.06,22.29,56.47
16.43,16.43,65.13,22.74,56.89
22.53,22.53,60.08,23.76,58.16
25.36,25.36,54.99,34.89,58.23
28.65,28.65,50.75,29.92,56.22
24.17,24.17,51.01,33.60,54.85
17.43,17.43,53.56,35.80,53.88
15.26,15.26,61.73,33.51,59.90
16.31,16.31,60.53,32.62,61.07
22.35,22.35,58.27,35.77,61.09
27.61,27.61,53.60,38.08,59.85
29.71,29.71,48.40,37.79,60.45
30.95,30.95,44.20,39.72,57.96
30.24,30.24,44.95,36.00,57.46
34.96,34.96,49.15,35.51,58.32
45.14,45.14,62.64,42.04,66.87
45.21,45.21,63.49,37.06,66.30
48.05,48.05,59.72,30.88,63.90
52.61,52.61,57.60,32.07,64.25
53.87,53.87,54.00,29.34,62.21
56.56,56.56,53.34,31.12,61.10
53.92,53.92,56.47,24.32,58.06
39.57,39.57,63.72,13.65,55.55
24.25,24.25,75.79,8.74,58.15
24.53,24.53,72.13,-0.00,59.95
29.78,29.78,75.11,0.41,59.85
28.47,28.47,72.22,4.13,58.67
30.42,30.42,72.65,12.65,59.92
29.68,29.68,69.84,16.45,60.08
24.52,24.52,63.34,9.66,58.87
18.97,18.97,65.37,13.70,60.62
16.03,16.03,62.86,16.82,61.84
19.83,19.83,64.00,26.39,62.76
23.48,23.48,56.72,29.17,62.59
23.35,23.35,54.44,23.26,61.22
25.26,25.26,51.18,24.25,61.73
24.28,24.28,48.89,28.13,60.11
21.54,21.54,55.12,27.39,60.25
22.98,22.98,58.46,33.43,61.41
22.15,22.15,62.35,30.87,60.54
20.84,20.84,61.38,32.80,60.62
20.34,20.34,59.69,36.43,58.53
23.71,23.71,53.86,31.91,58.93
25.07,25.07,49.40,34.77,58.07
20.86,20.86,50.62,29.13,58.64
16.29,16.29,59.26,25.69,57.16
10.21,10.21,66.55,24.70,57.93
10.21,10.21,70.93,8.92,59.38
16.46,16.46,69.08,0.58,59.79
19.64,19.64,69.60,0.13,58.56
26.51,26.51,68.91,6.05,56.63
28.72,28.72,65.87,11.90,55.90
25.38,25.38,62.19,5.40,56.58
19.83,19.83,63.34,1.19,54.48
19.08,19.08,73.40,0.04,59.63
19.35,19.35,73.65,-0.00,61.67
22.24,22.24,73.26,1.57,61.66
27.97,27.97,72.20,10.03,63.05
38.08,38.08,72.60,13.51,64.26
42.64,42.64,70.53,10.16,64.59
33.24,33.24,69.01,2.08,63.92
38.48,38.48,67.81,0.51,63.21
29.53,29.53,71.57,-0.00,59.18
21.90,21.90,72.59,0.26,57.45
19.51,19.51,70.64,0.94,57.91
23.29,23.29,70.22,10.65,58.59
26.57,26.57,65.18,20.31,58.25
25.33,25.33,63.80,18.84,58.22
20.04,20.04,62.11,15.66,60.04
22.82,22.82,66.24,5.34,60.89
22.28,22.28,69.74,2.36,62.29
21.73,21.73,69.31,3.25,62.51
25.25,25.25,69.79,17.80,60.70
26.43,26.43,67.81,28.08,60.23
30.21,30.21,65.77,31.62,56.08
30.70,30.70,61.29,33.52,55.89
30.05,30.05,56.79,33.38,53.69
23.63,23.63,63.30,35.47,60.67
16.29,16.29,63.01,30.99,62.76
20.13,20.13,60.27,26.92,61.23
23.41,23.41,56.68,28.72,63.06
24.71,24.71,54.91,25.05,63.72
25.40,25.40,52.67,29.69,62.63
33.16,33.16,54.75,28.88,60.99
32.00,32.00,57.52,20.44,57.17
38.17,38.17,71.50,8.27,59.38
44.92,44.92,75.20,0.00,58.72
42.72,42.72,74.90,2.73,59.28
50.04,50.04,71.41,10.63,60.45
58.31,58.31,73.69,16.79,61.07
59.69,59.69,71.39,25.71,60.12
60.12,60.12,67.95,29.05,58.80
58.76,58.76,64.44,32.01,59.82
62.73,62.73,64.38,25.10,61.04
59.15,59.15,64.42,34.29,58.95
56.07,56.07,60.51,37.61,61.99
51.86,51.86,56.56,33.92,61.68
47.34,47.34,51.78,36.28,60.69
40.92,40.92,49.86,38.75,62.11
31.16,31.16,53.43,29.60,60.98
25.22,25.22,60.40,27.47,59.83
24.62,24.62,65.45,22.00,64.30
23.90,23.90,64.46,23.45,63.28
24.54,24.54,68.66,34.49,62.89
28.12,28.12,68.21,44.17,63.85
28.16,28.16,61.80,47.99,61.47
29.74,29.74,61.38,46.16,61.28
25.75,25.75,58.68,47.77,59.26
21.75,21.75,61.07,50.74,58.29
17.41,17.41,60.32,44.99,61.08
19.70,19.70,57.61,41.56,61.24
19.74,19.74,52.47,36.26,60.79
22.65,22.65,50.23,28.64,61.12
18.62,18.62,47.61,42.85,61.54
17.30,17.30,49.16,50.32,62.25
12.74,12.74,56.68,51.25,63.25
11.79,11.79,65.31,65.36,64.92
12.46,12.46,70.62,62.86,61.67
16.48,16.48,71.12,66.23,62.62
17.89,17.89,73.00,64.00,62.44
20.80,20.80,67.52,61.63,61.89
29.17,29.17,65.10,57.96,63.20
26.23,26.23,61.72,66.03,61.77
22.13,22.13,63.44,64.16,62.74
20.95,20.95,62.71,64.41,67.35
19.40,19.40,61.31,69.58,67.86
20.51,20.51,57.21,64.10,66.16
22.69,22.69,44.52,65.69,66.46
22.10,22.10,42.93,66.94,64.80
21.39,21.39,38.64,63.36,62.67
17.35,17.35,40.90,65.96,62.12
16.58,16.58,49.09,61.56,61.77
19.21,19.21,52.49,67.11,66.60
19.94,19.94,50.48,61.08,65.58
18.97,18.97,46.85,67.15,65.22
20.13,20.13,43.65,60.07,63.23
23.69,23.69,41.77,67.62,62.36
24.92,24.92,41.29,61.87,61.46
21.60,21.60,43.59,66.29,61.60
18.33,18.33,46.88,63.25,60.43
21.15,21.15,54.53,64.17,65.76
23.15,23.15,49.20,67.46,63.97
29.11,29.11,50.48,61.30,65.83
31.38,31.38,47.24,68.41,63.03
31.71,31.71,45.25,60.80,61.69
26.46,26.46,48.48,66.19,60.02
12.31,12.31,53.74,59.61,58.21
13.07,13.07,67.60,66.02,65.58
8.20,8.20,68.82,63.39,68.14
13.09,13.09,72.37,68.30,66.48
15.51,15.51,73.37,65.89,65.82
19.13,19.13,68.78,60.64,66.25
20.41,20.41,63.00,55.06,64.42
17.92,17.92,63.39,63.98,64.91
16.52,16.52,64.60,61.31,62.23
16.78,16.78,65.14,63.86,59.43
16.81,16.81,64.47,66.12,60.58
17.27,17.27,61.47,64.65,59.98
19.87,19.87,55.40,54.04,60.04
22.34,22.34,46.66,50.21,59.67
21.15,21.15,39.41,49.63,57.86
17.74,17.74,41.82,49.64,58.27
16.10,16.10,51.45,54.18,56.57
13.39,13.39,60.68,69.17,59.18
16.69,16.69,63.59,69.49,60.40
21.24,21.24,63.60,63.53,58.17
19.87,19.87,58.10,69.89,64.28
19.61,19.61,53.77,67.61,60.01
21.11,21.11,51.54,64.47,58.55
19.31,19.31,47.12,69.00,60.34
15.96,15.96,46.95,66.66,61.05
15.49,15.49,59.98,67.41,67.30
12.86,12.86,66.98,66.61,65.95
12.66,12.66,61.29,67.32,65.62
15.97,15.97,62.94,62.42,65.81
20.62,20.62,65.33,67.50,64.38
19.60,19.60,52.75,64.84,63.07
12.86,12.86,56.69,65.23,60.85
8.76,8.76,64.52,66.61,59.29
10.02,10.02,70.18,62.86,58.00
15.75,15.75,71.29,65.92,57.70
19.32,19.32,68.12,63.12,58.20
23.62,23.62,67.40,61.23,57.47
24.94,24.94,65.99,64.16,57.02
28.06,28.06,68.47,64.70,55.33
26.30,26.30,69.51,65.80,54.79
25.22,25.22,65.88,66.84,55.35
27.53,27.53,58.87,62.14,55.89
32.05,32.05,56.68,53.23,56.42
37.81,37.81,55.26,44.18,56.44
37.19,37.19,52.53,44.92,56.64
37.24,37.24,43.03,45.62,53.40
31.19,31.19,39.86,49.61,53.48
22.47,22.47,43.96,55.71,56.81
18.57,18.57,51.91,66.67,65.24
14.40,14.40,50.81,68.38,65.76
13.36,13.36,50.75,65.09,63.62
16.66,16.66,48.42,70.08,63.33
22.14,22.14,45.04,64.85,63.67
22.96,22.96,43.54,66.62,61.23
22.54,22.54,46.26,65.72,61.32
20.00,20.00,48.25,65.69,57.83
15.14,15.14,56.12,68.52,58.88
19.60,19.60,55.59,64.38,59.81
23.50,23.50,48.31,67.05,60.68
22.58,22.58,40.50,65.67,58.42
21.64,21.64,37.98,68.16,58.00
21.20,21.20,40.18,63.83,57.67
15.45,15.45,49.66,68.70,57.68
12.36,12.36,63.41,62.48,59.74
7.91,7.91,70.23,63.22,64.54
11.90,11.90,70.67,67.37,62.51
14.22,14.22,69.43,67.67,64.70
16.58,16.58,68.84,59.60,65.34
19.06,19.06,67.21,62.80,65.25
20.56,20.56,65.05,65.70,63.30
20.00,20.00,65.82,60.43,61.78
19.96,19.96,65.39,67.31,63.52
21.00,21.00,62.76,61.83,65.92
20.30,20.30,59.03,68.87,63.24
23.16,23.16,49.64,63.99,63.67
25.21,25.21,45.02,66.28,62.57
30.10,30.10,47.51,63.60,61.20
27.24,27.24,45.23,61.33,59.23
23.42,23.42,49.53,55.59,57.35
17.62,17.62,58.50,69.04,55.69
16.68,16.68,61.90,69.69,57.81
20.02,20.02,58.51,66.09,59.05
22.05,22.05,54.22,65.50,59.33
23.88,23.88,53.07,68.10,58.16
23.49,23.49,51.13,68.54,57.25
23.69,23.69,51.09,67.97,58.48
20.99,20.99,49.84,70.85,57.41
19.67,19.67,50.27,70.15,57.53
18.82,18.82,51.37,70.75,59.91
19.35,19.35,50.09,70.68,60.34
21.14,21.14,49.00,70.46,62.28
22.84,22.84,47.41,68.33,60.32
22.92,22.92,50.75,70.17,59.22
14.55,14.55,54.82,64.79,57.38
9.50,9.50,51.96,58.96,57.58
5.95,5.95,67.68,70.61,63.92
10.58,10.58,71.22,69.49,62.51
17.87,17.87,69.11,68.20,61.40
19.71,19.71,71.18,67.46,60.87
24.44,24.44,63.11,67.73,60.55
26.57,26.57,63.46,65.65,57.78
25.95,25.95,63.27,65.86,56.88
24.89,24.89,65.53,65.49,54.65
24.56,24.56,64.40,68.40,63.14
27.36,27.36,59.67,65.41,64.40
25.51,25.51,50.92,67.34,63.45
30.39,30.39,38.70,60.93,62.44
31.60,31.60,39.65,67.66,59.04
30.90,30.90,38.54,63.17,59.63
26.58,26.58,40.62,66.38,58.30
17.73,17.73,50.75,64.33,62.34
10.83,10.83,60.11,68.14,63.63
13.83,13.83,55.41,67.11,64.28
20.13,20.13,50.25,61.92,63.03
22.96,22.96,43.98,66.34,62.44
25.93,25.93,40.40,64.56,59.67
27.39,27.39,39.01,68.00,60.10
21.93,21.93,43.80,63.47,57.21
20.85,20.85,49.46,68.70,62.68
22.29,22.29,52.32,65.77,65.92
23.06,23.06,47.05,66.73,65.25
28.14,28.14,44.32,64.30,65.03
31.18,31.18,40.93,67.15,62.35
29.27,29.27,42.36,65.07,59.95
23.44,23.44,43.84,65.03,58.43
17.10,17.10,57.33,64.80,58.66
11.23,11.23,67.63,63.92,66.06
9.34,9.34,69.09,65.63,65.43
12.41,12.41,71.30,66.64,65.45
17.45,17.45,74.26,62.75,64.18
21.16,21.16,67.16,62.95,64.05
21.01,21.01,64.98,62.40,63.08
19.54,19.54,64.72,65.77,59.51
17.81,17.81,65.93,65.48,58.86
18.89,18.89,65.50,63.73,60.15
20.11,20.11,64.05,61.43,59.38
25.36,25.36,59.98,47.47,57.89
28.76,28.76,54.43,45.14,57.25
31.08,31.08,44.12,44.55,57.55
32.43,32.43,38.75,42.37,55.39
27.22,27.22,40.39,43.22,54.26
21.67,21.67,49.48,59.57,55.97
18.26,18.26,56.95,72.15,60.79
16.68,16.68,59.75,69.02,58.40
19.66,19.66,61.42,71.84,59.16
23.90,23.90,56.57,68.57,58.05
29.23,29.23,52.30,71.82,56.94
27.96,27.96,50.51,71.33,55.63
24.01,24.01,48.42,68.04,55.65
14.76,14.76,50.04,72.83,55.15
15.73,15.73,63.83,68.94,63.02
15.58,15.58,66.24,68.34,62.73
16.87,16.87,54.78,67.00,62.28
20.36,20.36,67.49,69.74,60.23
20.34,20.34,64.36,68.60,59.19
15.81,15.81,56.77,69.79,56.27
8.77,8.77,52.41,69.47,53.87
7.68,7.68,67.24,66.86,55.50
10.52,10.52,71.31,67.80,53.88
17.96,17.96,71.16,64.67,54.47
22.85,22.85,69.14,60.86,53.19
27.26,27.26,66.92,62.22,52.75
28.81,28.81,60.00,56.68,50.90
24.72,24.72,68.45,64.42,51.83
21.14,21.14,69.38,65.93,55.47
19.24,19.24,69.01,60.19,57.01
18.04,18.04,71.03,60.01,62.57
19.93,19.93,68.38,55.86,59.82
22.81,22.81,66.36,59.55,59.33
27.17,27.17,62.84,54.44,57.76
25.95,25.95,60.87,53.12,53.24
15.56,15.56,58.55,52.71,51.62
16.56,16.56,57.40,62.12,62.18
15.69,15.69,62.40,67.73,67.60
14.83,14.83,60.62,68.76,66.73
16.22,16.22,56.79,65.71,63.88
18.21,18.21,60.71,69.19,62.19
18.77,18.77,56.14,68.47,60.30
18.49,18.49,53.12,69.74,59.87
13.20,13.20,46.56,70.02,59.27
10.25,10.25,47.90,68.89,56.99
8.31,8.31,49.88,68.15,59.51
10.01,10.01,48.20,65.29,61.70
11.47,11.47,46.05,70.71,61.57
16.46,16.46,44.44,65.52,60.42
20.32,20.32,43.64,68.65,60.60
15.67,15.67,44.11,66.12,61.55
11.72,11.72,49.70,69.39,59.14
9.01,9.01,64.67,65.15,64.60
10.36,10.36,68.36,63.32,66.02
8.73,8.73,71.09,63.67,65.72
4.61,4.61,69.49,64.41,66.17
7.63,7.63,70.70,62.98,64.45
12.59,12.59,67.60,58.94,64.44
15.79,15.79,67.04,66.37,63.08
16.39,16.39,66.56,62.93,59.95
18.07,18.07,64.10,68.02,62.04
18.13,18.13,57.97,64.96,61.82
19.05,19.05,46.34,68.52,58.27
20.06,20.06,43.26,65.90,58.77
19.27,19.27,44.38,62.66,60.14
20.26,20.26,35.99,58.88,56.13
16.41,16.41,42.33,46.82,53.76
15.26,15.26,51.32,53.91,54.78
10.80,10.80,64.89,62.80,61.62
11.59,11.59,67.22,65.96,61.28
15.32,15.32,66.76,66.80,62.60
17.12,17.12,64.69,69.28,60.12
20.65,20.65,59.47,68.86,61.15
21.53,21.53,50.99,64.10,61.22
18.41,18.41,58.86,69.40,61.96
18.86,18.86,58.66,62.37,59.88
17.96,17.96,55.77,71.01,61.28
17.44,17.44,51.27,67.77,61.97
19.14,19.14,48.64,67.29,62.06
22.27,22.27,48.67,65.98,61.91
22.56,22.56,44.57,61.89,60.47
19.71,19.71,44.49,59.13,59.45
11.65,11.65,54.95,57.31,57.95
5.61,5.61,58.87,64.69,59.98
4.29,4.29,71.20,61.95,60.56
6.27,6.27,70.99,65.72,59.61
4.91,4.91,70.96,63.89,57.77
8.10,8.10,74.12,64.40,57.94
10.50,10.50,67.76,60.76,58.84
13.27,13.27,68.55,65.65,55.35
12.61,12.61,67.06,65.78,58.99
15.88,15.88,64.79,65.24,57.92
17.39,17.39,62.71,67.53,65.70
17.43,17.43,55.82,66.66,64.81
16.79,16.79,46.41,65.51,64.94
17.05,17.05,46.14,68.59,61.27
16.59,16.59,40.75,66.73,61.56
12.87,12.87,37.88,66.70,62.74
14.78,14.78,51.85,67.90,60.59
10.90,10.90,63.89,62.80,62.90
8.17,8.17,60.15,63.95,65.13
13.97,13.97,55.71,68.35,63.52
17.34,17.34,47.45,66.55,61.72
21.14,21.14,43.78,66.37,62.89
23.02,23.02,40.97,67.30,59.88
21.60,21.60,40.55,65.85,60.46
16.88,16.88,46.32,65.54,57.65
16.54,16.54,55.01,66.69,65.08
18.16,18.16,52.06,67.45,62.14
18.26,18.26,45.77,69.21,63.76
21.14,21.14,41.10,63.84,64.47
23.08,23.08,36.61,66.14,63.15
22.20,22.20,41.46,65.89,62.12
15.73,15.73,49.42,66.40,60.22
8.30,8.30,57.30,66.72,61.10
9.51,9.51,73.07,68.02,65.10
11.71,11.71,68.52,61.06,63.94
13.62,13.62,71.27,64.50,64.00
18.18,18.18,74.03,65.64,64.15
24.21,24.21,68.96,65.21,64.56
24.76,24.76,66.32,63.48,63.78
23.67,23.67,67.42,60.25,63.24
23.00,23.00,65.87,64.60,60.57
27.90,27.90,61.94,64.23,58.50
26.70,26.70,56.75,65.32,60.19
29.10,29.10,51.28,58.52,59.19
28.64,28.64,46.75,50.31,57.49
28.00,28.00,41.43,53.36,58.90
24.63,24.63,41.61,50.43,53.78
20.04,20.04,43.71,52.30,54.62
15.05,15.05,50.42,64.20,60.17
13.48,13.48,51.78,69.95,58.93
19.24,19.24,51.58,62.30,54.97
16.09,16.09,50.25,63.72,55.76
18.08,18.08,47.82,68.61,57.45
21.65,21.65,46.30,62.38,59.09
22.89,22.89,46.24,66.45,57.28
20.78,20.78,44.95,68.38,58.39
18.18,18.18,49.85,65.24,59.40
20.73,20.73,65.48,65.90,62.01
22.58,22.58,58.86,64.24,63.49
22.32,22.32,64.22,63.86,61.40
23.51,23.51,62.55,56.94,60.82
22.97,22.97,57.76,60.54,59.51
18.63,18.63,58.50,59.28,60.03
15.40,15.40,59.35,68.42,55.30
14.07,14.07,64.82,66.01,60.41
18.32,18.32,71.78,61.61,65.25
17.73,17.73,69.08,63.66,62.34
18.49,18.49,72.62,66.02,58.74
19.90,19.90,68.88,66.29,58.22
20.52,20.52,67.08,68.08,55.08
20.71,20.71,67.08,64.00,56.01
20.13,20.13,63.26,65.25,54.44
20.50,20.50,66.08,66.06,60.44
23.15,23.15,66.89,63.06,58.95
26.68,26.68,64.28,54.86,57.64
32.34,32.34,66.43,58.04,58.56
35.07,35.07,64.23,54.55,58.76
33.44,33.44,62.00,51.61,56.70
25.87,25.87,58.42,51.21,58.64
24.11,24.11,56.06,66.74,60.67
17.90,17.90,56.69,65.87,60.38
15.39,15.39,59.12,66.79,62.38
15.35,15.35,58.69,63.80,61.18
16.11,16.11,57.85,68.05,59.98
13.11,13.11,55.35,65.57,60.06
14.47,14.47,53.37,68.68,60.48
12.20,12.20,49.72,64.61,58.88
14.03,14.03,48.70,68.95,56.64
14.84,14.84,54.05,64.46,60.02
14.31,14.31,44.73,67.05,58.63
18.06,18.06,39.07,66.78,57.96
21.45,21.45,36.72,66.66,58.81
22.00,22.00,35.22,65.36,59.30
17.42,17.42,40.81,65.43,56.56
8.81,8.81,48.10,67.24,57.04
4.68,4.68,67.40,60.77,62.26
4.41,4.41,70.81,60.82,61.48
9.17,9.17,69.79,61.32,64.26
15.19,15.19,69.32,64.64,64.48
20.93,20.93,68.01,58.14,63.27
20.24,20.24,69.74,62.38,63.48
22.70,22.70,68.55,61.92,62.27
23.44,23.44,67.98,66.40,59.41
27.78,27.78,64.74,64.86,61.06
26.40,26.40,59.35,59.35,60.43
26.12,26.12,45.66,66.08,62.07
27.29,27.29,46.30,58.37,60.05
28.31,28.31,45.47,56.48,57.60
25.71,25.71,39.02,59.61,59.55
20.43,20.43,36.13,61.31,58.53
18.50,18.50,47.60,61.49,56.76
16.55,16.55,52.47,70.02,57.62
22.61,22.61,52.66,68.81,55.23
22.85,22.85,50.21,67.92,53.86
26.38,26.38,44.66,68.09,55.50
29.98,29.98,41.52,67.55,60.44
30.04,30.04,40.78,65.65,58.82
26.00,26.00,39.84,66.92,57.70
22.45,22.45,45.38,67.92,58.79
18.55,18.55,49.43,68.15,61.12
19.37,19.37,47.70,67.13,60.60
21.97,21.97,44.19,68.58,61.90
24.81,24.81,37.49,68.43,61.66
24.34,24.34,36.22,68.16,62.24
17.88,17.88,45.11,59.43,60.04
11.84,11.84,49.63,51.00,57.53
12.58,12.58,59.83,59.08,60.82
10.80,10.80,70.70,61.80,59.34
15.65,15.65,68.91,65.59,59.86
20.95,20.95,73.21,64.86,58.38
23.16,23.16,72.27,64.45,56.82
23.49,23.49,66.91,63.44,59.95
26.48,26.48,67.92,65.60,59.17
26.17,26.17,67.49,62.82,58.49
29.37,29.37,65.76,65.75,59.75
28.89,28.89,59.86,65.93,63.93
30.21,30.21,45.62,66.82,64.31
33.35,33.35,48.72,67.73,63.36
35.50,35.50,46.19,65.06,61.22
35.57,35.57,37.72,65.88,59.53
33.45,33.45,30.60,65.15,58.63
25.90,25.90,42.45,68.17,57.22
18.57,18.57,60.02,64.54,64.42
15.89,15.89,63.28,66.04,64.58
20.42,20.42,58.10,63.53,64.69
24.56,24.56,52.16,64.72,64.78
27.77,27.77,42.59,65.39,64.92
29.63,29.63,40.08,64.42,60.54
25.88,25.88,39.60,67.73,58.19
24.39,24.39,46.04,63.32,60.97
20.27,20.27,53.27,65.10,64.49
19.87,19.87,51.00,61.92,65.46
23.10,23.10,46.46,66.80,65.55
23.58,23.58,41.11,63.58,64.59
21.67,21.67,36.83,66.62,61.70
19.94,19.94,38.65,63.80,61.79
15.05,15.05,43.12,66.27,57.53
8.09,8.09,58.63,64.80,62.83
3.99,3.99,72.26,64.32,65.89
7.67,7.67,69.43,63.28,64.79
15.55,15.55,72.54,65.12,66.93
20.46,20.46,72.33,65.50,64.62
23.27,23.27,65.62,61.80,66.83
22.10,22.10,69.74,62.76,62.22
18.97,18.97,67.91,61.30,62.53
22.09,22.09,66.00,64.84,60.00
22.61,22.61,62.33,62.93,61.02
28.00,28.00,58.47,58.79,59.61
30.92,30.92,54.19,43.61,58.50
33.87,33.87,45.20,50.83,56.15
34.37,34.37,35.76,53.09,56.54
30.53,30.53,41.87,47.15,54.38
21.68,21.68,42.71,53.26,52.67
12.61,12.61,54.77,67.79,61.46
11.94,11.94,56.01,67.45,61.19
13.40,13.40,54.13,68.17,60.30
14.42,14.42,49.34,61.80,60.31
16.93,16.93,44.49,68.00,58.95
19.10,19.10,42.17,66.69,58.41
19.05,19.05,42.61,62.13,57.52
16.34,16.34,46.70,68.21,54.81
15.96,15.96,57.56,66.61,61.72
12.05,12.05,64.52,63.77,62.49
16.48,16.48,60.32,64.02,62.96
19.17,19.17,64.46,55.64,61.83
21.14,21.14,60.80,59.36,61.32
20.13,20.13,55.82,64.06,59.50
15.61,15.61,61.93,63.12,59.53
16.62,16.62,65.65,64.38,57.99
13.97,13.97,69.42,66.79,55.79
18.20,18.20,72.59,65.86,54.34
27.05,27.05,71.39,65.55,54.33
28.89,28.89,74.27,63.82,53.27
31.97,31.97,68.35,64.39,54.82
30.49,30.49,66.98,62.10,53.46
25.52,25.52,66.29,64.82,53.70
14.59,14.59,69.31,62.76,53.45
8.69,8.69,67.40,67.59,57.96
11.67,11.67,71.83,61.29,60.45
15.53,15.53,67.99,56.38,60.47
19.44,19.44,60.05,50.89,58.49
24.05,24.05,63.85,50.47,54.25
24.23,24.23,63.17,51.18,54.30
22.77,22.77,57.36,55.60,52.49
21.48,21.48,60.09,68.87,55.20
19.18,19.18,66.74,63.81,59.33
19.98,19.98,67.07,68.36,58.54
26.21,26.21,66.97,64.03,57.90
29.76,29.76,67.05,68.08,60.14
32.98,32.98,62.83,61.04,60.80
30.28,30.28,59.67,67.08,60.95
24.17,24.17,52.31,61.07,57.94
18.87,18.87,63.66,64.91,61.05
15.65,15.65,61.77,62.59,60.66
20.69,20.69,56.69,69.63,60.16
27.86,27.86,48.75,65.48,62.78
31.47,31.47,44.68,68.16,61.16
28.67,28.67,41.63,65.18,58.96
16.74,16.74,43.39,65.09,56.02
8.05,8.05,55.16,63.79,62.88
9.74,9.74,66.09,63.24,67.10
10.20,10.20,68.03,61.14,66.69
7.70,7.70,67.23,57.97,66.35
7.05,7.05,72.33,59.96,66.08
9.06,9.06,69.57,65.06,65.02
9.92,9.92,69.81,66.88,65.51
10.50,10.50,68.58,66.87,63.98
13.27,13.27,66.59,64.73,64.01
18.10,18.10,63.43,64.03,65.57
19.38,19.38,63.23,66.05,63.84
19.40,19.40,58.33,64.89,65.25
22.85,22.85,51.95,63.82,65.02
23.19,23.19,41.51,65.92,63.40
25.22,25.22,38.92,66.86,62.75
21.79,21.79,47.28,63.15,63.41
20.92,20.92,53.24,62.43,63.12
20.59,20.59,60.49,62.64,63.48
23.79,23.79,63.51,62.54,62.94
25.08,25.08,66.85,61.69,62.09
31.46,31.46,65.41,62.94,62.90
31.27,31.27,58.86,66.46,61.09
29.91,29.91,53.19,64.82,60.73
30.30,30.30,54.26,62.23,59.65
27.40,27.40,53.99,59.53,63.87
25.96,25.96,53.77,62.93,65.38
22.19,22.19,49.49,64.09,64.01
21.54,21.54,47.50,65.91,64.86
22.88,22.88,45.74,65.01,64.79
19.17,19.17,45.15,63.11,62.28
16.41,16.41,50.52,60.93,60.29
15.19,15.19,59.19,62.53,60.09
13.28,13.28,72.24,67.62,64.12
25.89,25.89,71.08,60.35,60.55
25.96,25.96,71.99,67.19,62.02
25.33,25.33,74.99,68.20,58.68
28.32,28.32,64.40,60.78,60.15
37.83,37.83,58.01,65.06,60.03
32.37,32.37,63.98,61.25,58.35
34.85,34.85,65.81,63.89,56.97
33.62,33.62,65.78,64.25,62.05
30.36,30.36,63.38,69.44,64.94
30.53,30.53,58.49,68.41,63.11
28.82,28.82,42.56,66.34,62.06
28.33,28.33,42.66,66.39,62.57
28.29,28.29,39.61,68.48,58.15
22.80,22.80,39.71,68.44,58.20
21.79,21.79,58.32,65.79,60.35
20.62,20.62,57.39,69.78,64.70
20.77,20.77,53.42,67.14,64.61
22.29,22.29,50.66,68.41,64.32
27.65,27.65,48.70,67.49,62.74
29.82,29.82,45.89,68.58,62.35
28.84,28.84,44.01,70.99,61.25
24.99,24.99,45.25,65.65,61.06
18.96,18.96,46.52,68.54,59.29
20.17,20.17,55.26,67.49,63.80
22.16,22.16,46.28,69.27,62.29
23.44,23.44,45.77,66.52,63.17
25.27,25.27,44.37,69.29,62.30
26.63,26.63,43.62,68.04,60.33
22.48,22.48,46.13,67.96,58.90
12.05,12.05,48.78,66.83,56.96
12.14,12.14,65.48,68.04,64.70
10.44,10.44,73.45,64.85,66.91
14.46,14.46,69.97,66.93,66.46
15.27,15.27,71.58,65.89,65.72
20.50,20.50,66.88,64.49,66.22
23.30,23.30,63.55,61.37,65.94
24.26,24.26,61.54,59.56,63.45
23.65,23.65,64.69,62.25,60.13
21.51,21.51,64.75,65.02,61.06
20.74,20.74,62.11,66.89,61.15
21.77,21.77,56.68,67.11,58.73
25.53,25.53,44.98,66.58,58.21
25.41,25.41,44.65,62.41,57.71
24.44,24.44,47.67,64.60,57.49
21.74,21.74,42.01,51.14,55.88
18.82,18.82,49.19,50.67,56.51
14.59,14.59,57.90,65.73,61.19
15.24,15.24,61.14,71.15,58.47
18.97,18.97,60.78,69.16,59.79
19.25,19.25,57.09,68.08,60.95
23.06,23.06,53.59,67.26,61.71
25.44,25.44,52.07,68.50,59.42
20.85,20.85,49.83,67.07,58.99
19.12,19.12,48.72,67.72,59.44
19.52,19.52,58.53,68.12,60.12
18.50,18.50,67.12,69.05,59.76
20.46,20.46,67.66,67.32,59.83
22.43,22.43,64.66,63.29,58.83
23.31,23.31,67.94,67.86,59.47
23.65,23.65,58.64,65.75,57.37
18.31,18.31,53.55,66.15,55.87
10.52,10.52,60.21,69.16,57.58
7.36,7.36,69.11,66.22,57.59
15.30,15.30,70.02,65.22,56.85
20.25,20.25,72.95,64.96,56.21
23.04,23.04,66.44,64.08,57.17
22.40,22.40,54.45,61.63,56.40
23.52,23.52,61.95,66.21,54.92
23.75,23.75,68.48,69.20,55.31
23.62,23.62,65.07,67.54,55.66
26.45,26.45,65.12,65.88,54.93
32.44,32.44,64.65,68.73,56.09
38.52,38.52,68.15,68.16,55.55
40.08,40.08,64.31,67.23,55.30
41.34,41.34,57.57,58.52,55.45
33.55,33.55,54.93,60.10,54.36
26.72,26.72,52.59,59.19,56.03
22.47,22.47,52.55,69.76,58.61
14.22,14.22,54.56,68.71,59.84
13.20,13.20,55.88,71.18,59.69
18.22,18.22,53.73,68.08,60.99
22.23,22.23,49.56,69.57,63.02
18.81,18.81,45.17,67.90,58.11
18.01,18.01,41.67,71.53,55.94
13.49,13.49,41.52,66.75,57.69
14.06,14.06,47.46,69.02,60.97
12.56,12.56,46.50,67.01,62.37
18.26,18.26,41.96,65.07,62.66
21.87,21.87,36.31,68.57,60.44
23.24,23.24,33.58,66.08,60.10
21.48,21.48,37.20,67.92,60.24
14.02,14.02,46.12,67.37,59.39
11.49,11.49,60.68,65.97,62.29
7.10,7.10,72.99,66.27,64.55
10.12,10.12,70.28,60.77,64.77
10.83,10.83,69.70,66.04,65.26
15.85,15.85,73.31,67.28,64.90
20.01,20.01,67.69,60.28,65.45
23.51,23.51,67.24,62.37,62.52
23.13,23.13,67.13,61.95,61.31
24.31,24.31,64.94,65.53,61.39
26.46,26.46,61.69,67.73,61.12
24.56,24.56,55.75,68.72,61.72
26.40,26.40,45.27,65.72,61.43
28.04,28.04,49.90,66.78,58.25
28.63,28.63,43.36,66.63,61.55
24.16,24.16,37.36,67.08,58.67
19.55,19.55,40.41,66.99,57.82
18.18,18.18,49.49,64.69,63.34
24.20,24.20,54.03,67.62,62.30
23.60,23.60,50.97,68.65,65.65
20.16,20.16,46.98,68.34,64.95
23.54,23.54,42.71,65.09,62.94
25.27,25.27,39.80,66.38,61.13
24.86,24.86,39.21,69.82,61.33
22.56,22.56,42.08,67.85,63.57
20.93,20.93,48.72,64.95,64.62
19.44,19.44,50.15,67.13,64.57
23.77,23.77,46.57,67.08,64.20
24.94,24.94,40.30,68.74,63.84
26.02,26.02,35.59,67.47,63.31
21.83,21.83,36.38,67.08,62.79
15.55,15.55,45.28,68.60,59.73
10.28,10.28,57.64,65.92,61.87
9.30,9.30,69.58,66.05,63.06
18.78,18.78,70.38,67.70,61.52
22.37,22.37,69.53,67.20,60.82
21.17,21.17,71.74,68.42,59.48
20.87,20.87,61.07,67.59,60.24
20.59,20.59,53.15,61.62,59.95
17.93,17.93,59.31,64.57,60.18
15.90,15.90,61.59,63.23,61.25
20.29,20.29,61.68,63.42,66.52
20.28,20.28,60.61,69.17,65.65
23.23,23.23,54.01,65.75,64.91
24.73,24.73,42.58,65.55,62.39
25.38,25.38,35.76,68.09,62.41
22.96,22.96,37.75,65.48,61.64
21.12,21.12,39.51,68.91,62.57
17.47,17.47,51.31,65.70,62.57
13.74,13.74,64.97,68.65,65.44
13.55,13.55,60.13,64.85,64.96
17.96,17.96,55.26,70.75,65.91
22.13,22.13,45.42,64.40,63.23
23.95,23.95,39.80,68.34,64.02
22.42,22.42,38.41,65.41,62.35
18.51,18.51,40.03,65.08,61.56
13.97,13.97,47.20,66.54,60.20
16.37,16.37,52.16,64.93,65.33
14.27,14.27,43.32,69.29,64.93
17.29,17.29,42.06,65.02,65.30
20.51,20.51,36.69,68.19,64.26
20.16,20.16,37.47,64.37,64.05
16.82,16.82,44.52,69.97,63.05
14.59,14.59,53.73,66.11,61.01
6.97,6.97,65.29,67.00,66.37
6.90,6.90,72.66,65.60,64.06
11.11,11.11,70.94,65.06,65.09
15.54,15.54,72.19,65.87,63.63
21.32,21.32,65.71,63.54,64.14
20.31,20.31,46.31,61.02,63.33
17.81,17.81,56.11,62.72,63.88
17.05,17.05,59.56,58.59,63.37
22.26,22.26,63.11,63.47,64.83
20.34,20.34,64.25,70.39,62.65
21.58,21.58,62.24,60.04,63.20
19.82,19.82,54.50,55.09,61.63
21.04,21.04,41.42,53.46,61.93
18.86,18.86,40.92,45.34,61.30
14.71,14.71,41.46,49.32,62.78
12.04,12.04,51.63,57.61,60.97
12.09,12.09,51.51,69.26,62.15
11.61,11.61,53.78,70.35,59.86
11.72,11.72,51.92,68.54,59.77
14.42,14.42,49.02,67.92,61.46
18.75,18.75,45.94,70.77,61.22
18.97,18.97,46.77,67.32,61.17
19.47,19.47,47.09,69.57,57.36
17.36,17.36,52.17,70.93,60.62
19.01,19.01,62.76,67.85,61.70
18.77,18.77,65.90,69.50,60.39
20.66,20.66,65.49,65.50,60.63
21.55,21.55,67.53,67.24,60.55
19.85,19.85,66.05,69.33,60.78
15.41,15.41,58.03,65.90,59.14
11.80,11.80,55.12,65.27,56.15
10.88,10.88,65.04,68.60,60.94
8.92,8.92,70.52,67.94,58.37
17.64,17.64,68.17,65.79,56.70
18.70,18.70,71.40,64.54,58.30
20.61,20.61,63.69,60.06,55.84
20.75,20.75,63.05,65.80,56.76
16.97,16.97,66.33,64.48,55.60
15.48,15.48,70.08,64.26,54.22
19.23,19.23,70.55,62.24,50.83
21.48,21.48,69.53,56.69,52.18
23.10,23.10,68.14,57.08,48.58
26.65,26.65,68.64,55.25,53.26
31.27,31.27,65.72,50.54,56.83
29.72,29.72,62.49,48.93,56.30
25.38,25.38,63.22,48.80,52.93
23.11,23.11,62.25,51.89,56.13
20.57,20.57,63.32,65.29,58.76
17.96,17.96,59.18,64.86,59.64
21.93,21.93,59.56,66.87,60.00
25.15,25.15,57.88,67.85,62.81
26.40,26.40,57.39,67.23,59.78
25.33,25.33,63.33,64.78,63.22
17.46,17.46,60.28,65.86,58.57
12.47,12.47,54.54,67.95,59.89
14.21,14.21,58.53,66.02,61.42
14.39,14.39,54.67,65.50,63.13
16.99,16.99,48.96,68.00,60.36
18.25,18.25,42.86,65.47,59.42
19.01,19.01,40.15,67.52,58.13
16.36,16.36,39.15,64.30,57.49
11.97,11.97,44.53,67.69,58.05
5.89,5.89,60.06,64.93,59.63
8.70,8.70,73.76,64.26,64.52
8.15,8.15,67.20,66.81,65.84
9.34,9.34,71.28,66.43,64.73
14.41,14.41,67.61,63.28,66.04
18.99,18.99,55.06,63.02,65.66
19.26,19.26,61.17,62.47,64.86
19.54,19.54,59.36,62.48,62.22
22.72,22.72,62.44,58.29,60.65
22.48,22.48,60.69,65.86,62.34
21.56,21.56,58.91,68.20,59.40
25.84,25.84,53.45,63.56,57.33
25.87,25.87,44.39,63.82,60.55
26.79,26.79,35.40,63.95,58.06
22.45,22.45,38.63,57.82,53.74
16.76,16.76,48.88,49.80,53.52
14.90,14.90,65.78,64.24,58.66
19.29,19.29,69.88,68.20,60.07
22.49,22.49,64.86,60.92,59.34
24.93,24.93,66.43,65.25,61.31
28.53,28.53,63.20,61.87,65.56
31.35,31.35,58.78,65.73,63.90
28.33,28.33,58.39,62.86,60.60
23.20,23.20,61.61,65.54,64.45
20.03,20.03,57.56,69.93,65.15
14.14,14.14,51.10,64.02,66.03
14.02,14.02,48.94,66.74,65.50
19.98,19.98,46.86,69.44,66.54
24.65,24.65,46.01,63.16,64.26
22.14,22.14,49.12,69.45,63.43
11.88,11.88,49.21,69.87,59.85
9.06,9.06,57.99,69.25,58.38
14.26,14.26,69.44,64.79,57.63
19.02,19.02,68.64,66.29,58.60
20.18,20.18,70.97,67.92,57.49
25.91,25.91,68.44,64.95,54.99
27.45,27.45,65.16,61.48,55.81
30.67,30.67,66.40,60.74,54.03
27.95,27.95,66.30,68.03,53.47
29.07,29.07,65.80,59.81,56.83
30.89,30.89,61.78,67.04,64.67
32.91,32.91,56.27,67.04,64.87
34.20,34.20,44.58,66.95,62.41
32.97,32.97,44.38,65.71,60.60
30.70,30.70,41.95,67.64,58.50
28.11,28.11,38.74,68.76,57.62
20.94,20.94,49.64,66.68,57.17
17.54,17.54,63.01,68.27,61.58
14.68,14.68,59.89,66.43,64.18
17.65,17.65,55.72,67.45,64.60
19.31,19.31,47.71,66.90,62.83
22.14,22.14,43.05,68.78,62.89
26.27,26.27,39.62,67.57,60.22
26.37,26.37,36.65,67.69,59.33
21.75,21.75,43.53,66.95,57.03
21.01,21.01,50.04,67.35,63.00
20.76,20.76,48.03,69.24,63.27
20.26,20.26,42.01,66.51,62.90
25.44,25.44,38.51,69.59,62.52
25.24,25.24,34.22,67.19,59.78
23.42,23.42,39.54,67.99,58.76
15.40,15.40,44.10,66.73,52.57
12.09,12.09,53.55,67.79,60.75
4.02,4.02,72.25,66.01,65.36
5.02,5.02,71.11,67.27,65.27
11.44,11.44,69.36,68.18,65.82
16.89,16.89,69.45,67.44,64.59
22.94,22.94,64.87,62.31,64.43
24.65,24.65,62.88,61.87,63.49
23.16,23.16,64.82,64.72,60.91
21.59,21.59,64.92,67.02,60.09
25.08,25.08,62.05,67.87,59.21
24.86,24.86,57.96,66.83,57.34
29.99,29.99,48.78,66.94,58.12
26.05,26.05,41.45,65.29,56.54
24.78,24.78,48.56,65.67,55.50
23.53,23.53,45.11,57.30,53.19
18.93,18.93,43.66,47.58,51.91
13.72,13.72,57.12,62.24,59.85
8.86,8.86,57.51,67.75,61.06
10.47,10.47,55.80,64.74,61.50
14.93,14.93,50.55,67.46,62.42
18.35,18.35,46.90,68.29,61.70
20.07,20.07,43.47,67.58,59.36
18.49,18.49,42.15,69.34,59.82
16.39,16.39,42.65,67.26,58.64
14.82,14.82,55.28,69.37,59.23
14.94,14.94,64.72,66.23,62.35
15.29,15.29,62.58,64.90,59.35
18.79,18.79,66.92,66.31,60.05
22.38,22.38,52.43,59.63,59.33
21.30,21.30,51.96,66.71,60.21
18.15,18.15,59.32,63.22,58.71
11.61,11.61,59.57,66.89,58.79
9.10,9.10,71.92,66.25,59.78
11.17,11.17,71.83,65.84,58.98
16.50,16.50,73.73,62.68,57.17
22.56,22.56,71.49,61.87,55.64
29.48,29.48,65.22,65.41,56.18
28.91,28.91,66.73,66.19,51.33
30.16,30.16,67.64,67.20,50.35
30.72,30.72,66.49,67.09,48.48
30.96,30.96,65.20,66.35,50.03
30.38,30.38,66.74,69.09,50.20
33.78,33.78,64.23,64.00,50.46
34.07,34.07,64.93,66.46,49.77
31.59,31.59,59.72,60.18,47.75
28.76,28.76,50.99,60.00,45.40
20.13,20.13,52.23,56.93,46.27
15.99,15.99,67.64,63.82,57.44
11.22,11.22,66.40,69.12,57.00
12.49,12.49,64.81,67.73,60.34
11.15,11.15,63.23,62.27,58.57
12.98,12.98,60.07,68.02,63.52
12.35,12.35,58.67,68.32,59.54
14.26,14.26,57.84,67.65,57.52
16.07,16.07,55.74,67.34,59.34
14.51,14.51,55.59,66.55,59.81
17.96,17.96,61.72,68.26,63.35
18.82,18.82,53.60,65.24,60.28
22.37,22.37,46.74,67.53,60.14
26.27,26.27,42.97,65.80,60.02
26.24,26.24,41.59,68.53,59.42
24.52,24.52,46.77,65.20,58.77
14.60,14.60,50.90,68.82,58.94
6.95,6.95,63.02,64.54,61.98
3.76,3.76,74.04,66.69,64.49
7.72,7.72,70.70,61.01,65.37
11.79,11.79,70.35,65.29,65.45
15.31,15.31,63.39,64.54,64.86
19.93,19.93,60.30,59.99,63.21
20.32,20.32,66.71,62.58,62.60
19.55,19.55,59.68,60.01,62.54
22.03,22.03,57.76,68.24,62.15
23.35,23.35,59.08,57.80,60.87
25.44,25.44,58.05,68.86,59.50
27.05,27.05,53.95,66.43,58.99
29.80,29.80,43.58,66.34,59.05
28.19,28.19,45.27,62.24,56.87
22.32,22.32,44.19,61.64,58.19
19.12,19.12,53.82,61.69,57.83
12.77,12.77,61.56,61.75,59.64
14.10,14.10,57.66,66.43,58.86
18.76,18.76,52.26,69.46,60.30
24.31,24.31,46.39,68.59,57.88
25.13,25.13,43.26,68.56,60.55
24.71,24.71,42.60,68.80,60.25
21.94,21.94,41.65,65.80,56.14
19.06,19.06,46.16,67.94,58.57
18.19,18.19,49.62,68.85,62.64
16.97,16.97,46.26,69.90,61.76
20.31,20.31,44.03,67.80,60.67
22.88,22.88,39.38,67.89,60.48
23.04,23.04,39.29,64.50,59.34
20.58,20.58,47.87,67.18,58.06
14.30,14.30,52.80,47.90,55.34
12.41,12.41,65.32,59.06,55.99
12.06,12.06,72.56,67.32,53.87
16.07,16.07,73.24,69.55,55.79
22.28,22.28,71.92,69.49,55.06
27.76,27.76,69.94,67.11,55.97
32.32,32.32,59.23,62.10,54.93
31.86,31.86,64.32,67.10,54.08
30.41,30.41,65.66,64.18,49.94
30.21,30.21,64.77,68.31,58.08
29.23,29.23,62.84,68.91,65.54
29.71,29.71,56.29,64.36,64.63
31.83,31.83,41.30,69.45,62.77
32.56,32.56,36.71,62.49,60.42
32.96,32.96,40.32,68.85,58.58
29.65,29.65,35.01,68.31,57.20
20.08,20.08,44.96,64.89,59.89
14.80,14.80,56.10,66.36,63.24
13.93,13.93,56.72,65.23,61.86
16.41,16.41,55.72,69.99,61.54
21.19,21.19,50.61,65.97,61.17
24.05,24.05,46.03,67.88,60.93
27.56,27.56,42.14,65.70,60.64
25.42,25.42,41.52,69.39,61.00
24.10,24.10,47.10,64.58,56.67
25.29,25.29,55.53,66.08,62.79
23.97,23.97,50.55,67.08,62.42
28.09,28.09,49.13,67.02,63.25
29.12,29.12,44.94,66.94,60.69
25.11,25.11,42.43,66.39,59.47
17.13,17.13,41.18,69.97,55.71
12.34,12.34,52.71,65.59,65.47
6.69,6.69,59.52,67.51,70.63
2.45,2.45,70.81,60.33,67.87
2.66,2.66,70.19,69.01,66.01
6.63,6.63,70.76,66.89,67.00
10.71,10.71,71.68,65.02,65.26
11.10,11.10,60.93,59.37,66.06
9.92,9.92,65.84,62.69,63.22
10.13,10.13,64.88,63.10,61.88
12.44,12.44,64.04,66.71,65.88
14.19,14.19,61.98,69.19,63.54
16.09,16.09,56.97,66.69,63.72
19.31,19.31,50.65,62.68,61.26
21.18,21.18,48.53,59.84,60.40
22.59,22.59,45.74,55.02,61.22
20.66,20.66,45.42,49.03,56.91
17.74,17.74,49.12,54.29,58.47
17.17,17.17,58.56,66.60,60.51
17.67,17.67,62.02,66.26,59.72
16.14,16.14,61.41,69.46,60.81
20.53,20.53,58.17,68.49,61.05
23.18,23.18,51.78,66.34,60.44
22.41,22.41,47.95,70.74,58.48
20.58,20.58,46.21,65.12,57.54
17.12,17.12,48.36,65.28,57.98
13.15,13.15,58.04,70.77,62.89
11.27,11.27,64.28,64.62,62.98
14.59,14.59,57.95,66.73,63.67
17.61,17.61,61.44,65.10,62.56
19.93,19.93,64.18,65.85,59.99
17.76,17.76,54.98,63.38,59.57
14.25,14.25,54.67,68.55,59.18
11.13,11.13,61.33,67.27,59.07
7.93,7.93,69.43,68.26,57.19
14.16,14.16,71.31,65.03,53.57
21.86,21.86,72.39,66.74,53.03
21.70,21.70,72.60,68.42,54.94
21.23,21.23,68.01,68.61,55.00
21.26,21.26,64.81,62.13,52.43
18.72,18.72,63.58,66.05,53.47
22.33,22.33,64.59,65.53,55.28
21.64,21.64,66.63,68.61,60.79
22.08,22.08,64.49,69.88,60.37
20.62,20.62,53.01,61.35,60.23
24.88,24.88,58.63,65.63,58.23
22.73,22.73,57.17,68.30,56.39
22.80,22.80,55.02,62.09,55.93
17.41,17.41,60.22,67.43,57.49
15.80,15.80,63.94,57.23,61.42
16.68,16.68,64.16,59.06,61.60
14.72,14.72,61.67,70.63,61.30
15.01,15.01,61.05,64.50,58.58
19.41,19.41,60.16,69.18,59.13
20.58,20.58,59.71,66.86,59.13
20.72,20.72,59.27,68.53,58.23
19.55,19.55,59.39,68.50,56.23
19.92,19.92,65.33,66.97,56.03
19.79,19.79,63.18,70.56,58.18
18.03,18.03,62.93,64.23,55.81
21.35,21.35,61.44,68.60,56.90
21.88,21.88,59.15,65.31,55.68
16.74,16.74,58.81,69.89,57.54
10.86,10.86,57.28,60.64,55.75
7.75,7.75,62.84,62.62,69.75
7.42,7.42,69.13,60.18,68.38
5.56,5.56,68.47,61.98,67.71
7.02,7.02,71.08,66.58,66.88
3.84,3.84,70.74,64.83,66.34
5.55,5.55,68.07,64.68,67.26
7.63,7.63,65.88,62.56,65.16
10.42,10.42,65.54,66.81,64.87
14.92,14.92,64.14,69.16,65.20
18.31,18.31,63.28,66.27,64.28
19.96,19.96,60.09,66.35,64.16
20.53,20.53,53.35,70.41,63.69
19.72,19.72,52.93,67.96,64.61
19.01,19.01,45.27,69.09,63.96
18.85,18.85,45.16,67.54,64.95
16.83,16.83,52.27,67.26,64.26
13.68,13.68,59.65,63.64,65.19
18.34,18.34,65.99,59.66,63.23
23.59,23.59,61.92,55.94,64.16
23.76,23.76,65.75,59.34,62.52
24.78,24.78,66.46,62.11,61.36
27.97,27.97,61.33,61.99,61.71
25.82,25.82,59.23,63.02,61.42
21.09,21.09,54.43,64.18,60.15
14.72,14.72,55.51,63.87,64.89
12.81,12.81,59.77,64.49,66.88
12.12,12.12,53.83,63.91,65.71
14.43,14.43,52.66,63.49,65.78
18.32,18.32,52.43,63.71,65.70
17.31,17.31,47.96,64.93,64.25
12.76,12.76,53.19,66.80,65.65
11.88,11.88,59.11,59.94,63.59
10.65,10.65,72.67,64.38,64.52
11.23,11.23,73.06,69.19,63.09
13.44,13.44,70.95,66.60,63.98
17.73,17.73,73.07,66.31,63.04
21.33,21.33,65.71,65.97,62.69
29.33,29.33,60.58,63.51,64.93
29.82,29.82,53.91,62.86,62.71
25.61,25.61,48.91,65.15,67.18
26.97,26.97,52.43,69.34,66.24
24.95,24.95,51.36,68.98,67.59
23.94,23.94,50.11,67.73,64.86
24.89,24.89,40.28,60.51,65.91
25.82,25.82,38.20,67.50,65.70
24.93,24.93,38.74,59.63,62.24
19.19,19.19,40.58,68.20,65.68
11.90,11.90,49.91,60.43,63.74
10.45,10.45,51.65,66.74,67.73
14.42,14.42,51.34,64.88,64.65
21.04,21.04,49.40,64.18,65.20
23.95,23.95,46.26,68.70,61.54
26.41,26.41,41.18,65.92,62.92
28.16,28.16,40.00,68.06,63.54
24.75,24.75,42.30,66.41,61.34
21.08,21.08,43.64,69.90,62.63
24.66,24.66,52.06,63.17,67.31
25.89,25.89,46.35,69.21,65.78
32.78,32.78,48.60,66.19,65.60
34.94,34.94,46.62,67.17,65.02
33.77,33.77,44.10,65.99,62.65
28.03,28.03,47.37,65.51,61.98
15.74,15.74,51.06,69.82,57.96
11.28,11.28,70.37,66.25,63.35
8.68,8.68,71.04,65.21,66.23
12.92,12.92,72.08,61.15,65.90
15.88,15.88,73.27,68.39,64.51
18.24,18.24,67.36,65.56,65.68
20.23,20.23,62.52,68.74,65.58
17.96,17.96,53.71,61.49,63.84
17.89,17.89,50.70,66.65,61.51
18.02,18.02,47.02,65.81,62.31
18.10,18.10,52.78,70.30,63.77
20.55,20.55,51.97,66.35,60.54
21.38,21.38,47.55,53.35,58.38
20.71,20.71,40.43,54.55,60.68
23.30,23.30,39.25,47.32,60.36
20.12,20.12,42.05,53.52,59.83
21.26,21.26,49.50,54.46,58.44
18.07,18.07,61.08,66.89,56.86
16.99,16.99,64.86,71.88,58.82
18.82,18.82,63.43,68.13,59.29
17.32,17.32,58.29,69.03,58.53
20.32,20.32,52.35,71.06,59.79
23.41,23.41,49.66,67.87,59.34
22.52,22.52,47.14,71.54,61.44
17.86,17.86,48.17,69.23,61.42
14.16,14.16,58.26,67.53,63.47
15.86,15.86,66.70,70.59,62.01
17.94,17.94,60.13,66.70,62.82
22.13,22.13,63.79,67.71,62.86
21.93,21.93,67.34,68.56,60.12
20.95,20.95,58.92,68.53,61.99
16.24,16.24,55.55,66.21,61.26
11.74,11.74,68.07,68.51,61.55
9.38,9.38,61.32,68.54,62.04
16.88,16.88,71.43,68.87,64.04
19.86,19.86,63.98,62.99,65.57
24.83,24.83,63.05,55.36,65.92
26.88,26.88,67.42,61.95,64.48
28.46,28.46,61.41,67.59,64.83
27.10,27.10,51.21,65.98,64.15
25.17,25.17,56.87,64.01,63.72
27.41,27.41,62.12,56.87,62.08
34.16,34.16,62.76,58.98,63.93
40.26,40.26,63.70,54.05,63.44
38.61,38.61,64.16,54.71,62.89
38.47,38.47,57.97,45.36,62.25
28.40,28.40,52.15,52.10,60.60
23.09,23.09,47.68,53.66,58.05
17.83,17.83,52.61,69.41,64.72
9.15,9.15,52.07,62.97,64.49
10.40,10.40,50.07,68.10,64.50
14.99,14.99,46.87,66.33,61.98
16.37,16.37,45.70,69.49,63.31
18.42,18.42,43.34,67.04,62.29
16.67,16.67,45.16,70.75,61.79
17.28,17.28,44.90,65.55,60.87
17.74,17.74,54.74,69.55,61.08
21.07,21.07,56.09,64.43,64.79
24.89,24.89,49.63,67.94,63.79
25.83,25.83,39.73,67.61,64.88
25.47,25.47,35.12,68.62,65.25
22.75,22.75,38.27,68.90,66.27
15.72,15.72,46.83,66.80,65.03
12.05,12.05,64.46,67.80,64.50
7.48,7.48,67.93,65.68,65.48
8.43,8.43,72.93,68.12,66.48
12.84,12.84,71.58,66.12,68.08
16.79,16.79,71.48,69.72,66.25
17.00,17.00,65.33,65.35,67.65
17.56,17.56,58.84,67.63,67.02
20.09,20.09,49.11,65.80,65.27
21.64,21.64,44.75,69.24,63.98
23.61,23.61,47.69,68.10,63.30
23.02,23.02,49.42,69.48,63.30
27.01,27.01,41.60,68.27,64.19
28.14,28.14,35.36,65.19,63.42
27.24,27.24,36.79,67.99,63.61
24.18,24.18,34.00,61.41,62.99
20.75,20.75,40.88,54.90,62.43
21.17,21.17,58.60,55.55,63.65
20.46,20.46,61.80,69.73,64.96
23.55,23.55,56.53,68.90,62.71
24.69,24.69,51.13,71.20,61.67
25.73,25.73,49.14,67.76,64.90
23.68,23.68,45.62,70.56,61.55
22.83,22.83,46.07,70.99,61.98
21.64,21.64,50.72,69.63,63.16
18.57,18.57,50.20,68.77,64.11
17.50,17.50,49.76,66.90,64.91
18.16,18.16,47.16,67.33,64.85
21.46,21.46,44.89,65.06,65.07
21.70,21.70,46.01,67.02,65.39
21.07,21.07,53.59,67.42,62.94
15.61,15.61,55.50,67.91,63.61
11.05,11.05,58.44,59.42,62.42
3.02,3.02,71.31,68.04,62.12
8.95,8.95,65.53,62.00,62.43
13.14,13.14,71.88,63.05,60.74
18.16,18.16,68.35,58.92,59.76
21.68,21.68,68.27,63.75,60.87
24.75,24.75,62.25,59.68,62.49
25.00,25.00,57.88,65.73,62.84
25.22,25.22,57.32,67.62,63.23
29.13,29.13,50.03,65.71,67.67
32.50,32.50,43.19,60.76,65.46
30.18,30.18,43.41,64.45,66.21
29.94,29.94,35.90,69.34,63.85
30.87,30.87,33.34,66.71,63.93
29.53,29.53,33.00,68.61,61.04
22.01,22.01,36.68,66.73,59.76
17.59,17.59,49.84,68.91,61.09
13.32,13.32,60.37,64.14,64.27
14.42,14.42,55.72,65.26,65.16
19.83,19.83,49.66,66.85,63.31
21.66,21.66,44.94,65.32,63.70
23.23,23.23,40.24,65.56,59.38
25.90,25.90,38.96,65.69,60.62
23.75,23.75,40.71,68.51,58.92
21.40,21.40,47.32,67.69,61.77
23.20,23.20,49.97,68.83,65.03
23.63,23.63,43.67,66.32,63.76
28.99,28.99,43.98,65.46,63.45
32.11,32.11,41.79,64.60,61.84
33.67,33.67,41.63,66.44,61.42
25.30,25.30,47.12,66.94,59.05
16.13,16.13,56.90,67.47,58.31
9.90,9.90,71.71,66.02,66.02
8.66,8.66,70.42,67.63,65.80
12.01,12.01,72.02,63.69,63.63
17.01,17.01,69.46,66.19,66.03
20.67,20.67,63.76,64.93,66.78
21.57,21.57,56.78,63.98,64.32
19.29,19.29,55.33,66.18,64.60
18.72,18.72,48.14,63.77,62.70
18.58,18.58,49.38,69.86,64.17
17.68,17.68,47.63,66.21,63.81
22.27,22.27,40.40,52.68,63.68
23.08,23.08,42.61,49.78,61.48
25.80,25.80,41.34,47.28,62.05
26.04,26.04,36.93,43.66,61.32
24.12,24.12,36.15,48.12,60.92
24.64,24.64,47.71,55.42,61.35
20.97,20.97,55.47,66.19,63.14
21.40,21.40,60.18,68.73,63.39
21.20,21.20,60.49,66.48,62.88
22.12,22.12,57.72,67.05,63.00
26.30,26.30,53.31,67.96,64.28
28.10,28.10,51.35,63.24,60.69
24.02,24.02,49.21,66.05,61.71
17.82,17.82,52.49,66.55,61.81
17.91,17.91,64.53,62.94,64.77
19.74,19.74,65.56,64.64,64.91
20.24,20.24,63.12,65.62,64.68
20.56,20.56,63.19,58.46,61.56
22.20,22.20,65.57,61.26,63.17
19.35,19.35,54.98,64.42,62.46
13.37,13.37,58.07,64.06,62.05
12.08,12.08,71.20,66.62,60.37
13.18,13.18,68.88,65.24,59.39
20.29,20.29,70.73,57.60,58.98
20.49,20.49,73.23,66.59,58.27
21.81,21.81,67.70,62.98,58.72
22.33,22.33,57.32,66.13,59.81
20.46,20.46,52.75,66.21,58.97
18.81,18.81,56.34,61.73,59.75
18.89,18.89,68.44,65.63,61.37
18.11,18.11,68.74,58.09,63.38
19.28,19.28,69.80,58.38,63.29
22.03,22.03,69.32,58.03,62.96
25.98,25.98,64.80,51.31,60.57
26.74,26.74,64.82,48.05,62.07
19.48,19.48,63.34,49.25,53.95
21.38,21.38,60.43,58.44,56.41
20.37,20.37,64.40,64.86,59.82
19.21,19.21,63.20,66.94,58.87
22.71,22.71,58.23,66.39,58.45
23.90,23.90,60.37,61.62,61.44
25.50,25.50,58.05,63.18,61.30
23.95,23.95,59.57,64.77,62.26
20.46,20.46,56.36,63.45,63.83
18.53,18.53,49.80,67.47,61.60
18.29,18.29,48.62,67.29,62.89
22.73,22.73,47.46,65.20,62.80
21.91,21.91,45.45,64.18,61.74
23.31,23.31,43.68,67.80,61.45
23.75,23.75,44.44,64.14,60.34
18.66,18.66,44.72,65.12,59.05
12.13,12.13,49.66,65.92,60.54
12.14,12.14,70.10,63.78,67.28
10.36,10.36,71.41,63.67,68.06
8.69,8.69,71.87,62.48,68.44
7.14,7.14,71.77,64.71,66.64
10.85,10.85,67.25,63.64,66.11
16.97,16.97,60.02,64.62,65.63
20.32,20.32,54.22,64.97,65.53
21.60,21.60,45.74,65.12,62.95
25.92,25.92,43.27,63.80,60.56
25.55,25.55,43.11,66.12,61.30
26.68,26.68,41.90,63.53,58.29
30.19,30.19,37.24,64.55,57.87
29.88,29.88,36.29,62.99,60.37
27.79,27.79,37.09,59.60,56.46
24.55,24.55,46.76,49.27,57.53
16.65,16.65,53.77,53.88,57.84
15.64,15.64,67.26,67.14,61.04
18.01,18.01,66.64,66.86,61.86
23.32,23.32,62.99,61.63,61.35
26.50,26.50,60.79,63.14,62.24
28.90,28.90,51.77,58.79,60.61
28.11,28.11,60.38,67.23,60.96
25.35,25.35,58.67,68.12,61.25
25.77,25.77,55.71,70.89,63.69
23.98,23.98,53.86,68.29,64.27
20.38,20.38,48.70,71.08,65.26
21.70,21.70,46.82,67.17,65.89
24.74,24.74,46.04,71.27,65.15
26.85,26.85,43.61,60.05,61.79
23.00,23.00,50.57,61.31,60.46
15.92,15.92,60.99,59.28,60.85
11.61,11.61,66.94,64.37,61.69
9.85,9.85,72.17,65.14,60.55
13.38,13.38,72.61,67.11,62.13
20.41,20.41,71.83,63.82,59.74
22.43,22.43,64.99,60.59,59.67
24.77,24.77,49.00,64.55,58.54
22.71,22.71,49.48,65.98,57.13
18.42,18.42,54.59,65.68,61.84
18.08,18.08,50.32,65.39,59.99
20.02,20.02,48.59,67.83,64.11
22.43,22.43,41.63,63.42,66.42
23.94,23.94,45.44,65.61,63.07
25.74,25.74,43.16,70.47,61.63
24.11,24.11,37.38,65.58,62.11
19.09,19.09,38.70,69.16,61.57
18.82,18.82,50.70,66.81,59.33
14.33,14.33,63.14,68.60,64.10
11.74,11.74,60.53,66.40,65.68
18.72,18.72,53.93,66.23,66.59
22.26,22.26,47.53,68.39,64.39
25.83,25.83,43.14,64.00,65.03
27.10,27.10,40.00,67.34,63.56
25.80,25.80,41.94,64.09,64.57
21.88,21.88,43.90,70.11,60.71
21.21,21.21,54.68,67.30,64.85
22.67,22.67,52.80,67.91,64.07
24.39,24.39,46.97,68.14,65.20
25.69,25.69,39.49,67.28,63.61
28.32,28.32,38.81,65.03,62.78
25.96,25.96,42.06,66.00,60.55
21.44,21.44,49.11,67.77,59.47
18.66,18.66,61.00,64.97,62.69
8.86,8.86,72.03,65.33,65.98
11.12,11.12,73.68,64.44,66.21
17.56,17.56,72.08,57.98,67.14
21.44,21.44,70.71,61.05,65.88
27.41,27.41,59.47,57.79,66.44
27.27,27.27,55.01,63.50,64.95
26.30,26.30,58.37,60.39,66.24
24.54,24.54,53.77,60.65,63.60
28.23,28.23,54.62,65.51,65.11
27.77,27.77,50.18,59.27,60.79
29.04,29.04,48.25,57.78,61.57
26.59,26.59,39.54,53.82,60.37
29.01,29.01,40.04,43.53,60.63
27.03,27.03,38.60,44.93,57.89
20.68,20.68,43.10,52.06,57.44
20.58,20.58,49.54,56.36,59.40
20.30,20.30,53.01,70.19,62.32
24.11,24.11,52.29,65.91,59.39
24.19,24.19,49.78,68.56,60.33
25.74,25.74,47.50,68.96,59.95
26.51,26.51,45.64,63.14,61.60
26.73,26.73,46.24,67.25,63.23
24.94,24.94,45.85,66.00,61.64
20.81,20.81,52.61,66.43,62.02
22.25,22.25,65.72,65.97,64.65
22.63,22.63,60.94,62.63,65.15
24.07,24.07,66.41,62.74,62.28
24.33,24.33,63.45,62.35,61.11
25.28,25.28,53.81,63.93,63.11
20.62,20.62,61.17,63.00,62.21
18.80,18.80,63.49,68.36,61.88
17.05,17.05,69.47,63.20,63.16
18.85,18.85,71.65,66.27,66.39
19.73,19.73,69.93,61.86,63.01
21.66,21.66,71.45,62.18,61.56
22.69,22.69,66.94,63.35,64.05
23.56,23.56,52.17,67.11,63.29
20.28,20.28,55.88,63.34,62.71
20.19,20.19,50.46,70.08,61.24
22.46,22.46,63.40,65.83,64.06
27.32,27.32,65.90,62.68,62.43
28.72,28.72,65.76,52.02,63.53
30.92,30.92,68.31,53.56,63.47
32.73,32.73,64.98,45.85,62.80
31.91,31.91,62.63,47.56,63.25
23.94,23.94,58.55,49.12,62.31
28.71,28.71,55.47,66.24,62.11
22.52,22.52,57.67,66.10,62.26
20.74,20.74,58.15,64.27,63.60
19.83,19.83,58.97,62.05,62.98
21.14,21.14,57.25,68.60,62.91
19.65,19.65,56.14,64.72,60.99
19.41,19.41,54.37,66.68,62.76
20.84,20.84,49.70,64.12,60.66
18.83,18.83,48.31,68.33,60.92
19.11,19.11,54.62,63.66,61.39
21.17,21.17,46.13,66.27,62.50
22.55,22.55,39.86,65.60,61.93
24.71,24.71,37.09,67.20,63.64
24.50,24.50,33.37,64.81,64.07
17.50,17.50,43.23,65.11,61.33
9.78,9.78,52.48,65.08,62.12
6.63,6.63,70.53,61.68,65.59
7.18,7.18,68.34,65.34,66.61
10.78,10.78,70.96,62.12,67.71
17.79,17.79,68.34,63.45,65.25
21.60,21.60,67.09,63.91,65.94
24.85,24.85,61.29,56.29,66.39
27.84,27.84,54.27,62.09,65.48
27.04,27.04,56.96,64.93,64.65
30.90,30.90,52.06,66.69,62.85
30.61,30.61,43.15,60.80,63.68
29.49,29.49,40.04,66.36,63.41
29.89,29.89,40.32,52.84,60.87
31.02,31.02,34.42,60.97,62.27
30.27,30.27,33.24,55.67,60.04
25.51,25.51,32.79,57.85,62.33
22.63,22.63,47.48,61.04,59.66
18.77,18.77,53.11,69.83,58.43
22.79,22.79,52.75,67.37,61.93
25.37,25.37,49.92,66.48,61.54
28.42,28.42,45.46,64.19,61.32
30.09,30.09,42.37,69.33,61.94
30.84,30.84,40.40,67.12,61.20
26.40,26.40,41.76,68.24,61.47
26.74,26.74,48.08,67.83,61.88
23.98,23.98,51.02,65.96,62.73
23.12,23.12,48.33,67.19,61.70
27.93,27.93,46.43,64.55,63.17
27.39,27.39,40.03,68.19,62.62
26.63,26.63,43.72,67.24,62.24
21.35,21.35,43.23,62.83,62.79
14.18,14.18,51.45,56.88,61.92
12.84,12.84,70.81,64.76,63.43
12.67,12.67,70.46,63.66,63.37
15.71,15.71,73.38,66.31,63.55
21.72,21.72,72.82,60.21,62.03
24.12,24.12,69.78,65.71,60.72
25.41,25.41,63.72,66.35,59.22
26.10,26.10,54.43,65.25,60.16
25.68,25.68,46.32,63.62,58.56
27.95,27.95,52.04,62.25,59.54
29.40,29.40,52.87,68.20,64.89
29.65,29.65,48.17,62.10,63.90
30.86,30.86,34.25,67.07,62.69
30.27,30.27,36.09,63.51,61.09
30.61,30.61,28.95,67.49,60.26
27.49,27.49,32.68,62.90,58.43
26.76,26.76,45.41,65.60,58.04
23.75,23.75,59.51,61.80,60.87
20.84,20.84,64.30,65.99,63.54
22.25,22.25,58.53,65.28,62.94
26.57,26.57,53.87,65.88,61.70
28.32,28.32,45.16,66.25,61.12
29.40,29.40,40.02,63.51,61.68
26.89,26.89,39.04,67.92,60.20
23.11,23.11,44.49,62.40,62.90
24.75,24.75,53.08,66.71,63.67
22.49,22.49,49.90,63.18,65.33
26.24,26.24,44.49,67.40,64.92
28.01,28.01,38.79,62.75,62.46
28.16,28.16,34.87,66.37,61.94
25.83,25.83,42.82,64.75,61.54
18.31,18.31,47.33,63.42,61.62
14.65,14.65,65.18,67.36,63.38
8.60,8.60,66.21,63.45,65.71
11.60,11.60,72.71,67.00,66.52
18.07,18.07,73.21,63.00,66.99
21.49,21.49,70.12,65.74,65.91
24.21,24.21,66.09,65.15,65.65
25.84,25.84,58.98,63.67,65.23
24.12,24.12,52.97,63.88,65.75
27.05,27.05,55.29,65.17,63.75
27.46,27.46,54.34,66.32,62.93
28.26,28.26,51.59,63.75,62.51
28.46,28.46,42.23,55.15,61.76
26.38,26.38,31.59,46.64,59.28
25.71,25.71,41.21,48.85,61.92
22.36,22.36,34.96,51.74,60.89
18.41,18.41,47.54,55.82,61.58
15.38,15.38,55.91,67.58,64.47
13.41,13.41,55.72,71.53,65.99
16.11,16.11,53.97,69.32,63.51
18.99,18.99,49.24,70.30,62.85
20.66,20.66,45.20,70.78,62.60
20.48,20.48,41.03,70.34,62.16
20.07,20.07,42.16,69.85,61.08
16.42,16.42,45.90,70.28,62.72
12.38,12.38,56.19,68.52,64.22
11.74,11.74,64.91,68.06,64.28
18.10,18.10,59.26,67.56,62.86
22.52,22.52,64.44,67.14,61.96
23.27,23.27,63.67,68.58,62.92
19.96,19.96,54.06,68.19,61.58
15.41,15.41,62.36,69.08,63.93
16.06,16.06,64.79,68.27,63.77
12.54,12.54,68.77,62.57,62.84
19.68,19.68,71.54,65.51,62.40
24.35,24.35,66.38,62.58,61.98
26.91,26.91,69.48,61.39,62.15
28.92,28.92,63.22,68.59,62.20
28.69,28.69,63.88,68.47,63.07
22.08,22.08,55.33,68.83,63.87
19.37,19.37,61.42,68.24,63.80
18.29,18.29,66.95,66.83,64.24
19.74,19.74,69.26,66.58,65.15
18.40,18.40,70.23,65.63,64.40
20.03,20.03,63.88,61.42,64.78
20.44,20.44,61.04,50.79,62.46
20.07,20.07,62.95,51.15,61.87
18.06,18.06,57.35,47.16,55.67
21.83,21.83,62.56,64.73,59.81
20.70,20.70,66.90,65.40,60.82
22.18,22.18,66.39,69.90,61.25
25.71,25.71,65.75,65.08,60.27
27.64,27.64,65.54,70.02,61.29
29.98,29.98,62.92,61.29,59.60
27.84,27.84,59.93,69.36,60.18
23.14,23.14,50.95,62.58,60.43
20.28,20.28,64.18,65.79,63.12
18.22,18.22,62.21,68.15,62.44
21.06,21.06,57.50,67.82,62.97
23.30,23.30,49.18,68.07,61.74
25.41,25.41,46.23,69.39,60.91
22.50,22.50,42.18,66.43,62.55
16.39,16.39,41.91,65.75,61.83
10.82,10.82,57.63,67.09,63.91
4.59,4.59,68.48,62.97,66.91
12.52,12.52,67.22,64.75,66.69
13.02,13.02,67.99,59.13,66.28
11.01,11.01,71.35,67.22,66.28
9.62,9.62,66.96,71.12,67.38
13.33,13.33,60.51,71.74,68.55
17.37,17.37,52.27,71.19,65.23
19.86,19.86,51.97,71.42,65.08
23.09,23.09,52.33,72.19,67.58
20.93,20.93,57.70,72.77,66.01
22.12,22.12,52.70,71.23,66.03
24.99,24.99,38.43,69.29,64.04
24.94,24.94,42.97,70.77,61.02
22.71,22.71,42.22,70.95,60.99
18.88,18.88,49.20,70.26,60.50
19.16,19.16,58.08,67.57,62.44
20.94,20.94,63.89,67.40,63.32
27.92,27.92,60.87,68.79,62.88
33.02,33.02,67.62,70.49,60.24
35.05,35.05,64.66,70.22,60.21
37.21,37.21,58.66,68.47,59.70
37.13,37.13,54.79,70.15,59.45
35.64,35.64,45.59,70.29,61.70
32.32,32.32,50.96,71.31,61.95
30.84,30.84,52.58,71.45,62.83
29.73,29.73,48.95,69.33,62.32
30.53,30.53,44.68,68.46,63.31
31.28,31.28,43.26,71.23,60.86
29.74,29.74,43.85,69.22,61.04
22.16,22.16,51.31,64.18,58.37
15.41,15.41,60.55,60.28,59.28
14.00,14.00,72.21,60.21,60.01
13.56,13.56,72.36,67.35,58.12
22.03,22.03,68.16,68.10,57.72
20.21,20.21,71.15,67.65,59.14
26.49,26.49,67.99,65.83,58.83
29.00,29.00,61.98,63.23,56.20
29.61,29.61,55.33,63.14,58.76
27.04,27.04,47.79,64.07,57.42
28.68,28.68,51.66,66.06,62.47
29.12,29.12,53.75,69.71,64.58
29.88,29.88,46.21,64.65,62.43
29.21,29.21,35.88,66.78,63.03
31.00,31.00,30.38,65.71,60.27
26.66,26.66,33.04,67.34,59.57
22.66,22.66,33.23,64.96,59.28
22.70,22.70,49.76,65.06,59.70
15.06,15.06,56.05,65.11,65.82
19.66,19.66,52.55,65.11,64.09
25.02,25.02,50.48,67.17,63.23
27.82,27.82,45.56,64.54,63.27
30.26,30.26,40.96,67.90,62.41
31.98,31.98,37.00,64.54,61.89
28.51,28.51,40.26,66.21,61.07
24.12,24.12,44.18,64.53,60.51
22.64,22.64,53.87,65.39,65.60
22.60,22.60,48.49,65.06,65.49
27.10,27.10,49.22,64.78,64.18
29.57,29.57,45.52,64.19,61.29
28.13,28.13,42.14,64.49,60.17
23.33,23.33,45.09,64.19,60.48
17.22,17.22,51.72,64.19,58.60
12.41,12.41,70.43,67.21,64.26
7.27,7.27,71.23,62.96,65.29
11.81,11.81,70.82,63.76,64.99
16.46,16.46,72.49,64.65,64.27
19.62,19.62,71.65,66.91,65.14
19.40,19.40,62.02,66.13,64.91
19.68,19.68,57.30,63.89,65.49
20.76,20.76,50.73,62.24,65.04
21.64,21.64,51.42,65.82,63.19
23.69,23.69,52.30,69.20,62.86
27.12,27.12,50.87,68.29,60.84
28.81,28.81,39.81,67.70,58.46
26.33,26.33,40.04,64.35,59.58
27.16,27.16,36.35,64.21,58.30
22.38,22.38,31.74,54.28,57.65
24.22,24.22,48.59,55.50,59.17
22.05,22.05,61.45,69.67,61.33
22.53,22.53,63.44,69.89,58.40
22.45,22.45,60.02,68.33,59.94
22.06,22.06,55.06,70.32,60.79
26.09,26.09,48.41,64.94,58.66
26.48,26.48,44.48,67.95,61.24
23.47,23.47,41.63,67.94,61.91
17.80,17.80,45.55,65.05,62.71
12.33,12.33,60.73,68.82,65.05
10.83,10.83,63.48,68.05,63.95
16.06,16.06,63.68,65.65,64.27
19.61,19.61,67.86,65.11,62.00
21.79,21.79,64.96,67.84,61.94
20.97,20.97,61.27,65.17,61.30
14.14,14.14,60.47,61.49,60.59
16.63,16.63,68.99,66.53,63.35
12.90,12.90,67.52,66.74,61.21
17.77,17.77,73.68,65.53,60.71
22.17,22.17,63.06,56.53,62.90
27.04,27.04,65.07,61.75,63.47
31.58,31.58,64.72,58.44,62.92
32.62,32.62,62.03,62.10,61.76
30.34,30.34,49.56,68.46,61.31
28.64,28.64,56.13,68.42,61.40
28.11,28.11,66.06,61.04,61.96
29.75,29.75,64.86,62.49,60.88
31.41,31.41,69.85,62.74,60.41
32.01,32.01,62.73,48.02,60.28
31.22,31.22,61.40,51.17,57.70
26.89,26.89,60.11,47.35,57.44
25.35,25.35,55.40,51.55,59.03
22.46,22.46,50.48,68.07,61.91
18.06,18.06,50.98,66.65,62.57
20.75,20.75,52.21,67.69,62.45
21.33,21.33,52.16,69.97,62.27
23.61,23.61,52.48,68.13,59.97
23.43,23.43,51.23,69.54,61.02
22.96,22.96,52.90,68.02,60.55
18.53,18.53,51.99,70.38,60.05
16.00,16.00,58.99,66.77,62.34
15.55,15.55,59.50,69.35,63.70
20.12,20.12,51.21,66.34,64.47
23.43,23.43,41.04,70.63,64.07
23.79,23.79,34.92,65.25,62.68
21.30,21.30,39.45,67.88,64.34
15.12,15.12,49.09,67.42,60.89
15.05,15.05,65.63,66.58,63.75
7.79,7.79,66.80,67.81,63.67
9.60,9.60,68.78,68.46,65.05
13.30,13.30,71.16,68.35,63.26
19.54,19.54,70.46,68.65,63.09
20.28,20.28,67.01,68.71,61.46
21.11,21.11,60.73,66.11,63.98
21.96,21.96,56.91,68.60,62.33
24.02,24.02,47.72,65.30,62.29
23.73,23.73,48.31,70.22,60.58
25.45,25.45,51.45,70.56,60.74
27.49,27.49,40.34,67.11,61.22
27.71,27.71,35.37,66.49,57.99
26.82,26.82,35.65,66.38,61.06
24.22,24.22,29.82,69.71,60.86
21.11,21.11,39.22,66.14,60.85
18.20,18.20,58.89,65.64,64.46
18.65,18.65,63.43,61.88,63.71
20.76,20.76,57.14,66.50,62.35
25.01,25.01,49.18,66.32,63.87
26.45,26.45,43.24,65.77,63.58
27.40,27.40,41.08,66.96,63.01
26.22,26.22,40.55,68.08,63.41
25.05,25.05,42.87,65.85,62.44
22.63,22.63,47.74,70.33,63.19
21.35,21.35,47.97,68.63,63.83
22.03,22.03,43.95,68.67,63.93
22.97,22.97,42.21,67.36,64.32
24.17,24.17,39.81,67.91,62.97
23.31,23.31,43.58,67.48,61.63
20.23,20.23,51.86,68.20,61.73
17.75,17.75,60.24,66.79,62.64
13.54,13.54,72.73,64.98,60.81
18.98,18.98,67.71,59.08,59.96
22.65,22.65,71.06,60.85,58.05
27.37,27.37,65.18,60.86,56.03
32.22,32.22,68.61,60.06,57.14
33.38,33.38,63.39,60.51,57.47
31.91,31.91,58.74,63.11,55.81
25.29,25.29,56.42,65.12,57.01
26.23,26.23,50.82,61.58,65.54
29.02,29.02,44.35,61.54,65.84
26.90,26.90,44.60,63.24,63.40
29.14,29.14,40.76,65.94,62.99
29.82,29.82,30.05,60.42,62.22
28.09,28.09,37.37,65.71,59.91
22.35,22.35,37.06,61.54,57.29
22.80,22.80,50.00,65.17,60.24
14.09,14.09,53.91,63.19,64.29
16.07,16.07,51.75,59.99,64.99
20.46,20.46,49.72,64.71,63.86
25.78,25.78,46.22,59.34,61.94
28.45,28.45,41.66,66.15,62.59
28.20,28.20,39.93,63.63,61.13
23.83,23.83,40.67,67.97,60.09
21.59,21.59,46.30,60.61,62.10
22.47,22.47,52.89,69.15,65.57
25.93,25.93,49.19,64.42,62.80
32.30,32.30,48.91,64.55,64.86
34.34,34.34,44.78,63.75,62.82
34.74,34.74,44.18,64.47,63.37
24.12,24.12,47.62,66.41,63.18
13.69,13.69,57.81,59.90,63.75
10.87,10.87,68.92,62.71,66.25
11.04,11.04,67.19,63.10,66.78
12.62,12.62,70.48,56.00,65.41
18.60,18.60,69.65,61.78,67.00
18.42,18.42,67.43,59.32,65.83
17.91,17.91,61.18,62.87,66.39
17.28,17.28,57.85,58.99,65.67
18.31,18.31,50.06,61.18,63.74
15.71,15.71,48.20,64.63,65.22
18.92,18.92,51.81,60.35,63.48
22.01,22.01,54.74,58.99,62.83
23.62,23.62,44.32,56.16,62.98
23.90,23.90,40.42,51.85,62.55
23.74,23.74,37.71,41.21,62.28
20.20,20.20,38.34,52.42,62.29
24.85,24.85,51.11,57.38,64.99
19.59,19.59,60.27,67.32,64.22
18.64,18.64,64.60,65.99,62.63
19.59,19.59,62.60,66.32,64.44
23.06,23.06,58.42,65.92,62.64
25.85,25.85,52.46,63.65,63.07
25.82,25.82,48.34,64.08,62.63
21.35,21.35,45.47,68.89,63.66
18.39,18.39,50.65,61.87,65.88
14.75,14.75,62.27,66.41,68.17
14.91,14.91,63.64,65.92,64.50
17.75,17.75,65.05,62.91,63.66
22.13,22.13,65.55,63.66,65.27
21.33,21.33,53.04,61.72,63.94
16.71,16.71,60.13,58.10,63.31
12.71,12.71,61.53,68.17,64.54
13.35,13.35,70.58,65.58,63.21
15.14,15.14,66.50,63.44,64.17
20.07,20.07,67.86,64.72,63.77
22.38,22.38,69.76,65.50,62.97
25.60,25.60,62.21,60.55,61.26
26.00,26.00,60.07,65.00,61.24
24.53,24.53,63.27,61.62,60.71
22.19,22.19,66.78,67.31,61.40
24.83,24.83,69.25,55.49,63.68
25.50,25.50,65.56,56.11,65.37
28.05,28.05,71.07,51.10,66.25
30.36,30.36,69.87,48.51,66.41
31.82,31.82,64.31,44.22,66.79
29.45,29.45,64.42,49.17,62.58
22.66,22.66,61.73,45.00,60.29
21.15,21.15,56.91,55.36,60.66
15.37,15.37,57.55,70.76,66.38
15.65,15.65,56.23,57.90,66.51
16.37,16.37,61.67,66.95,63.41
21.12,21.12,54.20,63.92,63.26
22.29,22.29,55.06,64.59,64.29
21.63,21.63,62.43,64.03,63.56
19.47,19.47,58.58,65.04,62.52
22.88,22.88,56.39,63.75,63.69
24.18,24.18,58.88,66.46,63.19
26.08,26.08,57.65,70.15,64.12
23.70,23.70,53.84,60.19,61.29
24.66,24.66,51.12,67.63,62.47
26.72,26.72,49.86,64.86,61.89
23.59,23.59,43.56,67.17,63.14
17.60,17.60,45.59,62.99,62.63
12.82,12.82,67.62,65.93,66.30
14.86,14.86,66.94,65.70,64.42
15.58,15.58,69.66,67.34,64.15
14.59,14.59,69.76,67.00,64.20
13.95,13.95,68.89,67.73,65.91
15.62,15.62,63.06,65.72,65.94
15.54,15.54,57.75,68.49,65.00
14.84,14.84,45.85,65.65,65.43
16.28,16.28,44.89,66.35,66.93
19.90,19.90,42.00,69.63,65.39
21.81,21.81,48.03,67.17,63.16
24.00,24.00,44.10,68.03,63.55
23.52,23.52,31.94,64.74,64.91
25.73,25.73,35.52,66.53,61.89
21.47,21.47,36.83,61.07,59.86
22.78,22.78,51.90,51.72,59.81
26.28,26.28,66.69,64.11,61.11
27.28,27.28,65.90,66.90,63.33
27.23,27.23,60.83,66.34,61.72
26.35,26.35,61.74,64.01,62.65
27.34,27.34,66.46,67.94,61.66
26.47,26.47,59.86,67.17,63.05
25.37,25.37,57.68,60.71,63.74
21.76,21.76,57.83,69.80,65.35
22.26,22.26,55.67,66.00,65.81
18.73,18.73,52.46,65.17,67.17
19.10,19.10,53.09,67.81,68.82
20.08,20.08,48.76,64.36,69.20
19.69,19.69,44.51,66.48,66.68
16.44,16.44,52.16,67.25,63.41
9.43,9.43,54.94,67.35,62.32
6.42,6.42,66.37,67.43,61.19
5.08,5.08,67.38,66.14,62.00
11.07,11.07,68.42,64.28,58.91
16.19,16.19,71.91,65.36,60.00
18.75,18.75,68.61,69.15,60.81
23.92,23.92,64.67,66.13,57.83
26.47,26.47,59.33,69.21,58.52
27.54,27.54,48.79,63.92,58.96
26.70,26.70,45.81,67.33,61.18
28.10,28.10,49.40,68.05,64.80
27.86,27.86,49.64,67.95,64.25
24.64,24.64,41.46,68.20,63.84
25.70,25.70,32.28,67.25,63.56
26.28,26.28,33.44,68.87,61.88
27.01,27.01,33.75,64.12,63.45
24.37,24.37,47.53,69.27,63.05
21.21,21.21,59.98,64.10,63.39
15.26,15.26,56.32,69.83,64.81
19.70,19.70,51.68,62.86,64.54
24.50,24.50,47.59,69.97,64.88
27.53,27.53,43.89,64.35,65.58
33.06,33.06,38.66,65.26,63.99
33.40,33.40,38.49,66.86,62.15
28.29,28.29,41.58,64.67,62.07
20.15,20.15,50.03,68.06,64.13
19.64,19.64,47.77,62.01,64.07
23.75,23.75,42.23,68.13,65.57
28.50,28.50,43.12,66.49,64.70
29.34,29.34,39.65,69.56,63.71
31.31,31.31,43.05,63.60,61.96
23.79,23.79,44.06,67.48,63.25
17.18,17.18,59.84,66.13,62.79
9.18,9.18,67.80,66.49,67.43
10.49,10.49,69.95,65.34,67.96
17.04,17.04,71.90,67.00,67.72
21.17,21.17,70.74,68.64,66.84
24.33,24.33,64.95,67.36,67.33
23.64,23.64,58.01,67.98,67.65
22.52,22.52,48.90,65.81,67.47
23.44,23.44,47.13,67.41,66.02
22.59,22.59,50.03,67.99,64.44
23.52,23.52,48.45,70.05,65.22
24.62,24.62,37.49,67.91,63.82
23.31,23.31,34.99,66.44,64.25
22.13,22.13,39.79,66.98,61.83
20.24,20.24,32.27,59.56,60.37
16.00,16.00,38.69,51.67,60.66
17.08,17.08,53.00,60.15,64.41
11.11,11.11,57.25,67.79,61.64
16.15,16.15,59.61,70.58,62.89
18.89,18.89,58.45,65.56,63.26
19.83,19.83,54.73,69.32,64.34
22.37,22.37,50.24,67.98,64.11
24.25,24.25,51.33,66.90,65.25
20.70,20.70,47.42,70.86,67.06
17.37,17.37,49.06,68.01,67.27
20.86,20.86,65.34,68.07,67.17
22.61,22.61,61.71,66.16,63.54
23.05,23.05,56.95,66.36,63.72
22.74,22.74,57.65,64.50,64.94
22.39,22.39,60.24,66.44,65.00
16.42,16.42,47.67,63.78,65.73
9.74,9.74,59.11,66.43,65.09
4.65,4.65,66.55,68.04,66.40
8.54,8.54,66.37,65.64,66.32
16.60,16.60,70.18,65.87,66.67
19.13,19.13,70.38,66.79,66.02
20.99,20.99,68.41,65.95,67.92
23.31,23.31,64.08,66.60,68.89
24.25,24.25,50.56,66.84,67.33
23.33,23.33,52.28,67.93,66.83
26.60,26.60,62.82,69.00,65.75
28.43,28.43,64.69,68.08,65.43
37.09,37.09,61.64,65.06,65.90
39.24,39.24,68.39,61.45,66.62
39.90,39.90,61.40,54.26,67.41
36.58,36.58,59.80,51.98,67.74
28.99,28.99,57.12,47.44,67.39
25.13,25.13,53.17,61.28,65.89
16.63,16.63,55.59,69.43,63.45
14.92,14.92,55.82,68.85,65.48
15.73,15.73,54.76,68.66,63.94
17.99,17.99,49.71,69.21,62.92
17.85,17.85,45.94,68.32,64.04
22.03,22.03,42.60,68.52,63.70
20.67,20.67,39.75,67.31,64.81
19.35,19.35,43.44,70.60,64.82
16.13,16.13,49.26,65.91,65.20
18.66,18.66,43.94,68.65,67.09
23.08,23.08,40.10,64.65,66.12
24.65,24.65,35.07,68.95,66.58
23.50,23.50,37.36,64.18,66.99
16.30,16.30,39.98,66.99,65.22
13.31,13.31,52.51,68.00,64.88
11.42,11.42,69.67,64.49,66.83
7.57,7.57,64.79,63.51,68.03
10.97,10.97,68.31,64.59,68.11
16.99,16.99,67.59,62.63,68.92
19.57,19.57,64.06,59.62,66.55
23.41,23.41,56.21,63.70,68.50
26.73,26.73,54.43,63.21,68.38
26.60,26.60,57.32,67.58,66.16
30.37,30.37,53.11,59.68,65.72
30.95,30.95,46.35,66.90,65.36
30.15,30.15,37.70,67.29,65.07
30.28,30.28,42.01,65.45,65.09
27.28,27.28,42.24,68.26,64.43
27.63,27.63,35.62,63.72,64.51
23.07,23.07,36.11,59.16,64.38
17.15,17.15,43.27,60.98,63.76
15.27,15.27,51.52,64.42,66.15
20.97,20.97,52.97,64.98,64.97
24.89,24.89,50.02,66.97,66.47
26.65,26.65,44.58,67.45,67.40
26.42,26.42,39.50,70.54,67.84
26.22,26.22,37.65,63.62,65.87
21.83,21.83,43.82,68.49,66.57
26.08,26.08,51.03,66.58,67.42
22.45,22.45,52.18,69.46,66.81
22.89,22.89,49.41,67.77,66.99
24.33,24.33,46.24,65.20,68.22
25.08,25.08,39.23,67.38,65.27
22.68,22.68,42.33,66.88,65.38
21.15,21.15,46.39,66.73,66.22
13.59,13.59,55.23,50.63,64.75
10.83,10.83,69.02,59.06,65.74
6.16,6.16,64.31,60.54,67.03
5.30,5.30,68.72,63.25,66.03
9.22,9.22,69.67,63.88,64.60
13.75,13.75,70.21,64.29,62.99
17.81,17.81,64.36,66.04,60.22
17.74,17.74,59.10,66.50,64.77
18.06,18.06,44.75,65.44,63.37
23.28,23.28,47.03,67.56,65.74
26.27,26.27,44.88,67.54,65.40
26.45,26.45,44.09,66.01,64.81
25.37,25.37,44.51,68.06,65.74
25.67,25.67,33.23,65.61,64.88
24.23,24.23,30.07,68.88,63.77
24.82,24.82,27.49,64.13,62.70
23.29,23.29,39.59,69.05,63.57
24.20,24.20,59.04,65.60,65.45
20.84,20.84,63.03,69.15,65.26
23.38,23.38,57.52,66.11,64.54
25.50,25.50,51.82,67.54,65.98
25.87,25.87,41.93,66.49,66.29
26.37,26.37,37.64,66.00,66.36
23.99,23.99,37.03,69.45,66.28
23.99,23.99,43.97,66.13,67.05
23.71,23.71,53.00,69.63,67.70
21.12,21.12,48.01,64.20,68.14
21.78,21.78,39.62,69.07,68.53
25.52,25.52,34.78,63.48,67.53
24.92,24.92,33.60,70.11,67.07
22.19,22.19,42.51,64.58,66.18
12.93,12.93,48.33,67.30,65.79
14.37,14.37,66.16,66.98,66.07
7.44,7.44,71.66,65.29,66.76
11.18,11.18,69.29,63.62,67.45
16.91,16.91,69.11,66.22,66.70
21.57,21.57,69.14,63.07,65.70
24.22,24.22,65.26,61.01,66.29
23.55,23.55,56.60,67.51,64.51
19.46,19.46,46.15,62.72,63.96
24.64,24.64,53.37,70.85,64.84
23.31,23.31,52.60,65.25,65.13
23.06,23.06,48.19,69.82,64.11
23.16,23.16,45.84,64.11,64.05
20.58,20.58,40.97,56.57,62.80
22.76,22.76,36.30,47.79,63.04
20.20,20.20,33.75,50.46,63.90
18.54,18.54,43.77,53.29,65.15
17.77,17.77,47.71,69.57,64.18
18.32,18.32,51.98,65.57,62.79
21.07,21.07,50.87,71.68,60.12
22.12,22.12,50.59,69.09,60.17
23.96,23.96,47.92,68.41,60.02
26.00,26.00,45.36,71.40,59.90
24.91,24.91,46.41,67.55,58.62
22.52,22.52,46.58,69.19,58.88
22.62,22.62,55.70,68.74,61.24
23.81,23.81,66.88,67.27,62.35
24.73,24.73,66.11,70.59,61.29
23.80,23.80,67.69,69.62,62.78
22.06,22.06,65.93,67.98,62.15
20.85,20.85,60.91,69.19,61.80
15.15,15.15,58.46,67.49,61.49
15.63,15.63,65.02,67.11,62.96
7.73,7.73,73.26,68.65,64.01
11.23,11.23,74.54,67.11,62.81
16.34,16.34,69.06,65.41,62.78
17.65,17.65,64.87,62.12,62.59
15.99,15.99,65.81,66.25,62.62
14.91,14.91,61.63,66.85,64.94
15.61,15.61,54.97,70.34,65.64
13.78,13.78,57.29,66.70,65.85
18.91,18.91,59.73,68.29,64.16
23.61,23.61,58.06,69.49,62.51
22.25,22.25,61.82,68.66,61.08
24.56,24.56,63.53,71.02,62.57
24.16,24.16,57.34,67.57,61.66
21.47,21.47,55.00,66.49,61.97
16.88,16.88,49.12,64.42,60.99
17.03,17.03,55.35,56.80,64.00
15.23,15.23,56.14,66.82,63.43
19.65,19.65,54.07,67.12,63.05
25.29,25.29,51.94,66.25,61.94
28.39,28.39,48.32,63.57,62.59
29.03,29.03,47.62,64.32,62.91
22.56,22.56,44.65,67.44,61.81
15.71,15.71,44.50,60.25,61.35
16.20,16.20,57.67,69.89,61.79
19.65,19.65,53.64,63.99,62.47
19.83,19.83,47.70,67.86,63.51
22.07,22.07,41.98,65.97,63.93
19.19,19.19,38.46,66.92,63.62
16.60,16.60,41.11,70.91,64.18
11.80,11.80,45.05,65.82,64.89
5.32,5.32,58.81,64.79,65.41
9.66,9.66,70.73,65.38,68.93
15.60,15.60,67.47,60.60,66.52
14.26,14.26,68.94,63.25,66.71
12.10,12.10,71.90,67.92,66.41
16.75,16.75,68.52,67.72,66.71
18.60,18.60,63.10,68.78,66.50
20.18,20.18,51.88,67.37,66.44
20.75,20.75,44.89,67.93,66.51
22.87,22.87,47.80,70.11,65.50
22.54,22.54,51.33,71.77,64.27
21.45,21.45,46.93,70.54,66.05
21.74,21.74,44.65,68.78,63.83
23.62,23.62,40.96,70.64,64.98
23.66,23.66,39.18,69.47,64.98
21.70,21.70,47.38,69.03,65.06
18.78,18.78,56.44,68.70,66.11
15.92,15.92,58.56,66.13,67.82
20.97,20.97,62.74,63.95,67.56
23.78,23.78,66.37,62.00,65.69
24.45,24.45,66.42,64.06,65.29
24.90,24.90,62.70,64.17,63.56
23.99,23.99,56.99,65.01,64.99
22.32,22.32,51.63,65.15,64.91
20.92,20.92,48.81,66.50,67.73
18.73,18.73,49.75,65.98,69.13
19.82,19.82,47.48,63.08,67.65
22.74,22.74,48.12,64.72,66.97
23.62,23.62,46.08,63.04,68.16
22.16,22.16,47.85,61.70,68.71
16.68,16.68,50.94,62.16,67.79
13.57,13.57,59.15,60.70,66.36
12.49,12.49,69.82,60.41,69.43
9.24,9.24,71.32,65.69,64.71
10.80,10.80,70.58,64.55,67.01
15.71,15.71,72.09,58.19,64.94
17.14,17.14,64.16,55.23,64.80
16.88,16.88,62.35,57.98,65.55
20.19,20.19,62.77,64.38,65.96
14.97,14.97,57.38,62.41,67.37
15.36,15.36,50.67,65.02,68.30
19.73,19.73,48.06,64.87,63.97
22.06,22.06,48.37,66.68,65.80
23.94,23.94,47.22,66.02,63.75
23.20,23.20,36.00,68.84,64.35
19.39,19.39,35.76,64.74,64.42
15.27,15.27,39.38,69.90,65.03
15.03,15.03,59.87,67.04,66.51
7.57,7.57,62.80,69.18,68.66
11.59,11.59,56.80,67.11,64.99
15.06,15.06,52.02,67.25,66.49
18.37,18.37,47.33,69.30,66.42
20.08,20.08,43.00,66.43,67.90
20.68,20.68,40.23,67.63,67.81
17.56,17.56,40.79,67.73,65.36
13.49,13.49,46.01,70.25,65.70
14.04,14.04,55.67,68.04,68.17
12.07,12.07,50.39,69.75,67.73
14.11,14.11,44.38,67.25,66.34
16.90,16.90,39.52,67.45,64.56
15.50,15.50,38.98,68.09,63.60
13.47,13.47,46.68,66.53,64.56
6.85,6.85,51.84,69.39,62.88
4.92,4.92,71.31,65.59,65.06
12.12,12.12,73.18,67.69,62.43
14.52,14.52,70.95,63.85,60.81
16.69,16.69,70.13,59.98,64.54
22.27,22.27,66.52,60.86,63.69
24.88,24.88,60.34,55.85,62.92
23.26,23.26,59.74,61.15,63.37
17.79,17.79,61.39,62.48,65.66
20.08,20.08,57.04,63.17,64.43
19.16,19.16,54.45,57.85,63.45
22.32,22.32,50.73,61.36,62.57
23.58,23.58,43.09,56.58,62.45
21.74,21.74,35.31,54.08,61.53
23.55,23.55,39.23,53.82,60.78
18.65,18.65,39.16,45.48,60.52
15.18,15.18,44.61,51.25,61.97
15.17,15.17,50.32,65.06,62.71
19.32,19.32,53.02,68.09,63.65
19.26,19.26,51.12,67.22,64.12
20.58,20.58,48.41,65.21,61.61
22.69,22.69,45.07,68.99,61.56
23.72,23.72,44.24,64.14,61.88
23.12,23.12,45.53,63.00,62.20
20.61,20.61,50.27,69.30,61.52
21.85,21.85,60.98,64.37,62.31
23.89,23.89,63.62,63.50,57.04
26.03,26.03,61.85,65.36,58.63
27.99,27.99,59.58,60.93,57.50
25.61,25.61,58.69,58.36,58.50
21.75,21.75,54.99,62.26,59.84
15.13,15.13,58.64,63.27,60.95
16.14,16.14,68.86,65.98,63.40
17.28,17.28,69.54,63.77,61.20
22.89,22.89,73.34,59.09,62.49
22.80,22.80,69.92,64.75,59.75
24.26,24.26,69.94,61.52,61.75
22.55,22.55,64.27,65.12,60.65
22.73,22.73,48.48,65.18,59.70
23.16,23.16,48.05,65.86,58.53
22.20,22.20,57.51,67.90,60.74
24.44,24.44,63.24,63.23,60.30
27.43,27.43,64.04,58.03,61.77
29.42,29.42,63.59,50.93,59.45
27.53,27.53,65.70,54.65,60.51
31.52,31.52,60.51,44.31,60.07
26.71,26.71,58.73,54.08,61.05
23.73,23.73,49.68,58.27,62.85
18.20,18.20,54.93,64.99,65.36
20.26,20.26,57.64,65.17,64.24
24.43,24.43,58.55,65.58,64.04
26.98,26.98,59.80,62.20,62.93
31.49,31.49,58.52,63.67,64.25
28.21,28.21,54.41,65.33,64.62
27.85,27.85,53.72,62.25,65.43
22.41,22.41,50.75,66.96,66.03
24.33,24.33,55.69,62.07,66.53
23.53,23.53,55.01,68.93,65.67
21.78,21.78,43.70,57.85,65.63
21.39,21.39,37.62,69.21,66.11
17.52,17.52,35.84,62.29,65.78
14.65,14.65,39.02,66.65,63.20
11.29,11.29,46.62,63.12,62.32
8.12,8.12,62.32,62.36,63.88
10.79,10.79,72.62,63.94,62.95
18.59,18.59,73.36,63.84,59.68
18.41,18.41,68.64,60.31,60.58
21.97,21.97,69.67,63.11,60.30
23.16,23.16,65.82,64.69,60.91
23.40,23.40,58.03,59.86,60.66
23.30,23.30,54.73,69.45,60.55
25.04,25.04,53.62,61.32,61.03
28.67,28.67,51.52,65.76,61.95
28.73,28.73,44.15,64.44,59.07
28.97,28.97,41.69,62.23,62.88
27.04,27.04,40.74,66.00,59.63
24.78,24.78,32.60,60.88,60.79
21.45,21.45,34.59,66.07,59.76
19.89,19.89,41.15,55.78,61.84
17.17,17.17,51.55,67.23,65.34
16.90,16.90,54.07,69.04,64.50
21.30,21.30,52.36,69.38,63.29
22.86,22.86,47.93,67.88,63.55
25.07,25.07,42.23,69.21,63.89
25.99,25.99,37.05,68.59,63.48
24.95,24.95,36.29,70.00,64.87
22.88,22.88,41.08,68.49,62.48
22.49,22.49,49.72,68.95,64.39
23.69,23.69,49.95,67.49,62.20
27.39,27.39,45.94,70.53,63.77
25.97,25.97,39.79,69.44,62.33
24.09,24.09,32.87,69.74,62.59
21.77,21.77,40.51,66.88,61.63
16.93,16.93,51.66,68.61,59.08
14.14,14.14,62.10,58.69,61.52
18.17,18.17,70.53,69.42,64.86
24.12,24.12,67.44,66.56,62.41
26.83,26.83,69.84,64.24,63.70
26.12,26.12,68.64,68.11,60.55
27.50,27.50,67.72,67.16,61.77
27.31,27.31,58.44,68.30,59.32
24.83,24.83,48.16,62.80,60.33
20.31,20.31,49.55,68.71,60.43
24.34,24.34,56.52,63.11,65.21
27.19,27.19,50.26,71.17,64.77
27.16,27.16,41.23,61.11,64.46
27.74,27.74,37.71,68.63,64.97
28.53,28.53,32.38,62.59,62.63
30.63,30.63,32.06,65.45,63.87
27.43,27.43,38.21,66.11,60.52
23.73,23.73,49.99,65.35,64.85
21.97,21.97,61.64,67.78,66.41
26.62,26.62,59.93,66.08,66.68
30.45,30.45,55.23,67.83,65.00
30.97,30.97,47.66,65.33,63.81
29.78,29.78,38.29,68.18,65.06
26.46,26.46,38.09,63.79,66.40
27.85,27.85,43.57,70.73,65.77
29.23,29.23,47.29,64.09,64.04
27.68,27.68,53.49,64.85,65.14
28.85,28.85,45.65,66.71,66.27
31.54,31.54,42.89,68.01,66.15
33.39,33.39,36.70,67.18,63.80
30.31,30.31,40.03,65.06,60.56
24.18,24.18,46.65,68.52,59.27
23.23,23.23,58.30,64.48,58.94
19.35,19.35,72.27,68.46,61.23
22.73,22.73,73.02,65.80,61.68
23.80,23.80,70.82,66.53,61.22
25.33,25.33,72.16,68.18,59.34
26.05,26.05,69.01,67.04,61.35
27.02,27.02,60.70,67.39,59.04
24.84,24.84,54.46,64.90,58.52
26.18,26.18,52.98,66.89,60.67
26.96,26.96,56.76,65.72,62.77
27.22,27.22,55.18,68.83,63.41
28.25,28.25,49.16,59.32,61.76
25.14,25.14,33.40,65.36,60.43
24.82,24.82,35.98,60.09,58.96
24.69,24.69,38.94,53.31,58.89
23.31,23.31,32.68,47.37,57.70
24.97,24.97,48.66,60.64,63.98
22.87,22.87,57.58,68.54,65.34
23.78,23.78,57.45,68.15,63.40
24.37,24.37,54.55,69.63,64.10
24.66,24.66,48.51,69.25,62.31
25.70,25.70,40.92,67.45,63.10
31.21,31.21,39.24,68.46,62.84
29.45,29.45,42.54,69.98,62.24
25.64,25.64,45.74,67.08,59.74
29.03,29.03,62.15,67.66,64.01
25.47,25.47,66.26,69.35,62.42
24.61,24.61,69.78,65.33,61.94
27.33,27.33,66.77,65.13,62.52
22.42,22.42,60.68,67.11,58.72
20.63,20.63,61.39,66.55,57.64
17.74,17.74,58.85,67.96,54.11
19.92,19.92,71.87,66.65,61.43
24.54,24.54,73.93,64.27,59.28
27.50,27.50,72.64,61.84,58.81
31.23,31.23,63.92,59.34,60.30
30.46,30.46,62.61,64.97,58.06
31.14,31.14,65.44,62.45,60.09
28.96,28.96,59.67,67.37,59.11
26.98,26.98,56.44,68.07,56.07
26.86,26.86,70.18,60.87,54.98
25.64,25.64,67.13,56.81,54.27
27.59,27.59,68.43,60.17,53.30
28.44,28.44,69.02,55.83,56.86
31.89,31.89,64.80,55.68,56.16
29.79,29.79,62.82,53.54,57.90
25.58,25.58,60.21,54.78,55.51
24.10,24.10,54.86,59.59,60.85
25.78,25.78,50.98,67.01,66.74
30.44,30.44,50.90,67.86,63.77
32.40,32.40,50.08,67.21,64.93
35.32,35.32,47.48,66.69,64.28
35.19,35.19,46.45,69.43,66.21
32.47,32.47,45.76,65.97,64.05
30.31,30.31,43.75,68.76,64.54
30.53,30.53,52.52,68.86,63.83
25.88,25.88,63.94,65.38,65.16
25.19,25.19,61.21,68.30,63.41
25.19,25.19,54.73,68.89,64.86
24.75,24.75,49.90,69.93,64.70
24.51,24.51,45.54,65.10,63.32
21.07,21.07,43.67,69.23,62.27
16.95,16.95,50.02,65.49,57.19
17.93,17.93,69.84,68.94,61.61
21.03,21.03,69.68,63.73,61.79
19.28,19.28,70.72,65.61,61.93
23.95,23.95,65.29,58.87,61.84
23.95,23.95,65.24,65.40,62.66
22.67,22.67,60.68,65.00,62.41
24.99,24.99,55.99,65.18,62.59
24.20,24.20,55.52,69.41,63.83
29.45,29.45,52.05,68.01,63.69
27.65,27.65,45.59,67.57,65.71
26.77,26.77,38.39,67.23,64.76
28.14,28.14,41.62,63.57,61.95
25.17,25.17,34.48,55.64,57.71
22.59,22.59,35.08,45.03,58.77
17.86,17.86,35.34,46.94,59.66
21.56,21.56,44.22,56.65,60.63
26.02,26.02,55.69,63.91,64.03
26.16,26.16,51.16,61.84,62.82
28.82,28.82,52.17,69.70,59.68
26.02,26.02,50.27,63.46,62.61
24.57,24.57,47.84,68.18,64.43
23.89,23.89,42.71,71.29,59.24
23.44,23.44,44.87,70.36,63.78
24.63,24.63,48.39,67.05,62.29
24.26,24.26,50.30,67.44,59.87
27.31,27.31,49.57,66.62,57.48
29.01,29.01,48.93,68.21,58.95
32.69,32.69,44.05,69.41,60.41
28.83,28.83,42.17,62.60,58.10
22.18,22.18,43.14,63.78,55.57
16.52,16.52,51.76,62.33,55.82
17.14,17.14,67.80,52.55,62.06
15.42,15.42,70.82,64.58,66.20
17.12,17.12,68.93,66.50,62.51
19.74,19.74,68.80,65.50,61.75
23.08,23.08,70.99,69.25,59.04
25.60,25.60,64.81,65.39,58.71
26.31,26.31,57.58,66.18,59.63
24.84,24.84,47.91,63.92,57.13
24.11,24.11,49.44,67.04,63.27
23.25,23.25,55.33,65.84,64.45
21.42,21.42,53.50,68.41,65.28
23.19,23.19,41.46,64.42,61.94
24.67,24.67,33.85,66.82,63.40
24.81,24.81,32.89,64.35,60.75
20.75,20.75,35.96,66.24,59.67
16.02,16.02,42.38,68.04,59.59
13.58,13.58,50.77,66.19,63.93
11.11,11.11,51.75,66.54,64.49
16.33,16.33,49.67,66.60,62.51
22.61,22.61,46.95,70.53,61.39
26.79,26.79,45.10,63.39,62.46
26.49,26.49,40.65,69.61,60.42
25.15,25.15,38.84,63.88,57.68
18.79,18.79,37.81,67.85,58.62
19.54,19.54,42.85,64.79,62.83
23.02,23.02,47.14,68.53,66.39
26.52,26.52,46.66,69.06,64.65
31.91,31.91,46.86,67.38,63.11
30.46,30.46,41.06,69.11,61.31
30.76,30.76,42.41,66.04,58.60
19.52,19.52,49.15,70.45,57.58
9.45,9.45,60.23,65.77,56.94
7.54,7.54,71.53,67.84,59.16
9.29,9.29,71.96,67.20,57.42
16.72,16.72,67.18,63.36,57.58
20.85,20.85,70.76,63.95,55.69
20.06,20.06,69.75,64.65,56.44
19.84,19.84,60.61,68.82,55.27
19.23,19.23,51.71,65.55,54.73
18.67,18.67,43.29,69.01,56.55
20.58,20.58,49.75,67.39,58.10
22.18,22.18,51.75,72.06,58.03
28.21,28.21,45.35,61.35,56.22
31.87,31.87,37.91,58.99,55.38
30.99,30.99,37.31,50.87,56.07
28.24,28.24,41.32,50.14,56.56
18.33,18.33,39.86,50.63,55.46
16.26,16.26,58.19,62.85,63.22
9.67,9.67,61.24,70.30,63.23
10.17,10.17,60.84,68.77,62.56
11.83,11.83,60.20,70.64,61.77
14.13,14.13,53.95,70.64,60.95
19.89,19.89,47.05,70.01,59.98
21.01,21.01,44.81,68.20,59.24
18.07,18.07,43.88,71.49,58.64
16.90,16.90,50.42,69.33,56.90
16.04,16.04,64.31,68.81,60.38
16.80,16.80,66.37,70.18,55.81
21.08,21.08,67.16,66.43,57.22
23.55,23.55,67.74,69.73,54.48
23.40,23.40,66.81,70.19,55.44
17.24,17.24,60.22,66.44,54.01
13.74,13.74,59.00,68.37,53.96
18.58,18.58,71.81,66.59,60.12
19.43,19.43,73.75,69.74,58.40
23.90,23.90,72.22,65.69,58.13
26.64,26.64,65.79,55.45,58.13
30.60,30.60,64.76,59.11,57.78
31.33,31.33,66.22,62.29,56.52
29.63,29.63,57.74,68.36,57.76
26.23,26.23,52.64,67.17,55.84
26.28,26.28,62.82,63.60,58.71
27.48,27.48,65.65,56.54,57.51
32.52,32.52,65.37,54.45,58.59
33.34,33.34,67.44,51.72,58.33
29.03,29.03,64.06,55.16,57.69
26.55,26.55,60.38,57.09,57.03
22.57,22.57,52.35,55.29,56.33
21.11,21.11,53.28,61.52,64.35
19.78,19.78,53.70,68.69,65.37
21.83,21.83,52.82,67.81,65.36
31.04,31.04,49.96,60.62,64.46
32.93,32.93,50.04,68.04,65.09
32.28,32.28,50.62,69.83,66.42
29.93,29.93,50.32,67.61,65.11
26.69,26.69,51.01,67.38,63.60
24.02,24.02,51.59,67.19,65.19
23.90,23.90,62.52,69.16,65.05
21.75,21.75,55.95,65.74,64.08
25.01,25.01,48.72,68.61,65.25
23.57,23.57,36.69,67.26,63.96
20.57,20.57,34.78,68.63,61.34
18.06,18.06,42.08,65.44,59.46
13.41,13.41,52.71,69.28,59.35
10.41,10.41,71.24,67.65,59.06
11.42,11.42,68.43,67.47,58.78
15.18,15.18,71.77,61.94,59.15
19.75,19.75,70.20,67.10,56.45
18.57,18.57,67.89,66.57,57.05
18.81,18.81,63.02,64.16,57.40
15.41,15.41,53.09,65.22,59.10
15.42,15.42,40.43,65.40,59.85
18.30,18.30,39.74,70.58,60.31
20.48,20.48,45.33,65.98,62.39
23.82,23.82,46.09,69.03,61.57
26.04,26.04,40.90,64.90,60.28
23.19,23.19,34.52,63.71,58.84
22.38,22.38,35.52,61.38,57.90
16.86,16.86,38.93,54.66,58.10
17.70,17.70,51.77,55.07,61.33
15.61,15.61,63.61,69.22,64.20
16.46,16.46,61.84,70.28,61.90
16.45,16.45,54.53,70.15,62.55
19.06,19.06,48.34,68.14,60.72
21.52,21.52,42.41,68.18,63.06
23.01,23.01,41.32,68.27,60.86
22.44,22.44,40.48,69.97,62.75
22.47,22.47,45.11,70.02,62.67
21.56,21.56,48.15,66.53,61.41
21.54,21.54,43.65,69.14,62.70
21.39,21.39,41.72,68.17,62.18
23.73,23.73,37.92,70.81,61.40
24.33,24.33,40.49,66.74,59.57
17.31,17.31,50.27,61.81,60.10
9.57,9.57,58.72,56.03,56.79
7.86,7.86,71.78,59.46,61.14
12.95,12.95,72.67,63.88,59.78
17.56,17.56,69.66,64.24,60.66
19.69,19.69,69.38,57.02,59.25
22.82,22.82,68.14,61.87,59.24
25.92,25.92,63.91,57.28,59.07
25.60,25.60,55.32,60.06,59.89
23.48,23.48,57.79,66.15,59.84
21.65,21.65,52.23,63.28,64.11
28.17,28.17,44.49,58.64,66.67
25.49,25.49,39.54,63.85,65.23
25.03,25.03,42.21,62.16,63.55
25.10,25.10,41.18,65.32,64.20
24.16,24.16,33.23,64.05,59.24
20.03,20.03,29.39,64.41,60.17
18.69,18.69,42.51,61.73,59.60
13.31,13.31,51.49,65.44,65.00
9.66,9.66,50.78,63.77,63.67
12.15,12.15,49.23,68.00,64.03
16.70,16.70,45.95,63.72,63.47
19.93,19.93,42.68,65.64,63.33
21.89,21.89,41.73,62.43,60.95
20.11,20.11,39.82,66.84,59.76
18.50,18.50,45.17,64.87,60.43
21.46,21.46,54.02,65.93,64.37
24.19,24.19,50.20,65.69,64.29
28.80,28.80,48.58,64.19,63.85
31.38,31.38,46.72,68.18,63.40
32.03,32.03,44.58,63.11,62.02
26.64,26.64,46.80,69.73,58.21
12.72,12.72,50.55,63.71,57.33
13.65,13.65,66.53,66.48,58.01
7.85,7.85,72.24,64.01,59.48
13.85,13.85,71.69,63.96,60.88
19.05,19.05,68.92,56.93,61.83
21.09,21.09,66.46,59.23,58.22
21.19,21.19,67.52,63.76,54.04
19.19,19.19,58.57,56.46,54.95
15.24,15.24,60.15,67.40,52.91
15.25,15.25,55.49,63.35,59.27
15.20,15.20,53.68,67.87,61.20
16.90,16.90,48.03,55.58,59.75
20.67,20.67,43.29,56.19,59.67
21.19,21.19,44.75,54.26,60.95
20.66,20.66,36.61,45.43,58.25
16.77,16.77,39.85,51.78,57.39
17.22,17.22,45.91,52.48,58.72
14.48,14.48,58.64,68.51,63.87
14.01,14.01,61.86,65.66,61.21
15.28,15.28,63.66,69.12,62.04
15.97,15.97,61.51,63.87,60.44
16.07,16.07,57.08,67.31,61.41
17.74,17.74,50.57,67.58,62.33
21.62,21.62,49.78,63.32,60.54
21.17,21.17,50.93,68.21,59.94
19.02,19.02,56.65,63.39,60.54
19.23,19.23,67.43,67.21,58.24
20.77,20.77,69.27,65.92,57.43
22.87,22.87,69.34,64.67,58.11
22.03,22.03,66.56,62.20,55.27
21.13,21.13,62.70,67.69,54.20
15.65,15.65,63.24,65.79,55.93
8.65,8.65,63.55,62.96,57.45
9.86,9.86,68.52,66.74,62.32
13.25,13.25,73.24,64.43,59.28
17.12,17.12,70.06,60.41,60.48
19.52,19.52,68.30,60.24,60.85
21.22,21.22,65.73,59.26,59.78
25.23,25.23,66.67,63.13,58.30
20.22,20.22,56.12,64.71,57.84
20.45,20.45,63.31,63.70,58.67
19.18,19.18,70.89,66.61,58.94
21.81,21.81,69.01,61.03,60.01
24.48,24.48,72.58,64.40,60.51
26.45,26.45,69.46,58.66,60.22
27.91,27.91,62.73,51.34,59.54
21.64,21.64,61.98,53.43,57.48
14.20,14.20,60.10,49.77,58.15
18.51,18.51,65.53,61.22,62.94
13.71,13.71,66.92,64.62,64.65
16.91,16.91,62.42,62.49,63.14
19.88,19.88,66.94,63.37,61.58
26.32,26.32,61.66,64.04,62.83
27.28,27.28,59.74,63.98,62.74
23.65,23.65,57.36,64.89,63.29
19.16,19.16,55.71,64.15,62.59
17.45,17.45,57.84,59.35,65.48
21.06,21.06,57.02,62.66,65.93
21.20,21.20,57.45,63.80,64.43
15.51,15.51,54.72,68.10,66.11
15.95,15.95,54.52,59.87,66.23
11.41,11.41,54.90,66.68,62.50
4.49,4.49,56.42,63.62,60.77
4.38,4.38,62.53,59.48,62.28
12.04,12.04,70.71,59.24,68.23
12.20,12.20,70.89,60.48,65.06
10.68,10.68,70.85,59.05,65.50
12.58,12.58,71.95,58.75,64.93
14.21,14.21,68.73,64.04,65.43
14.75,14.75,64.44,63.57,65.81
15.80,15.80,57.82,64.38,65.97
18.06,18.06,48.93,67.39,65.72
17.51,17.51,49.70,68.73,65.86
18.54,18.54,56.61,68.05,64.85
19.44,19.44,49.51,65.90,65.70
18.87,18.87,44.80,65.75,64.22
20.69,20.69,43.02,65.94,65.15
19.29,19.29,47.02,66.03,62.86
13.68,13.68,47.21,67.46,63.41
14.29,14.29,57.11,63.91,65.04
12.70,12.70,65.77,57.74,64.87
19.49,19.49,65.73,62.26,65.49
23.87,23.87,68.80,63.66,64.36
27.06,27.06,66.76,57.66,64.58
25.08,25.08,64.59,60.98,63.79
23.97,23.97,62.49,62.74,63.37
24.07,24.07,54.93,65.08,61.17
24.31,24.31,51.23,61.80,64.92
25.17,25.17,53.37,61.71,65.93
20.25,20.25,51.97,59.13,65.29
21.27,21.27,49.54,64.42,63.48
20.00,20.00,47.73,66.10,61.60
19.05,19.05,46.90,62.59,60.54
16.00,16.00,54.75,61.07,58.84
10.24,10.24,59.29,58.76,58.91
4.57,4.57,70.66,65.54,64.20
8.29,8.29,66.40,66.54,62.18
19.14,19.14,71.48,64.80,62.40
21.66,21.66,70.41,66.95,61.10
21.91,21.91,67.95,67.26,60.15
21.36,21.36,61.86,66.56,58.26
19.53,19.53,58.08,67.96,58.90
19.76,19.76,52.58,65.92,61.76
22.10,22.10,51.38,67.90,67.04
20.35,20.35,49.14,66.92,68.20
18.81,18.81,46.04,67.34,66.49
20.97,20.97,40.27,70.44,64.79
21.98,21.98,36.72,66.78,64.86
21.46,21.46,38.90,68.81,62.34
19.43,19.43,41.76,68.00,61.96
19.55,19.55,57.57,70.35,60.57
16.77,16.77,60.00,67.45,67.26
14.01,14.01,56.38,68.72,66.57
17.65,17.65,50.64,65.83,65.17
20.37,20.37,46.56,68.16,65.13
21.07,21.07,42.05,66.66,63.09
21.28,21.28,39.72,69.13,62.11
20.72,20.72,40.96,69.41,59.88
18.21,18.21,48.47,68.67,59.28
18.39,18.39,55.91,68.87,64.28
17.34,17.34,44.96,68.46,63.89
18.97,18.97,43.76,71.03,63.19
21.91,21.91,40.73,68.35,61.44
23.97,23.97,41.03,69.11,58.23
21.34,21.34,46.22,67.72,57.76
12.45,12.45,52.45,68.73,56.71
9.86,9.86,70.88,66.53,62.87
11.07,11.07,67.47,66.14,62.30
13.72,13.72,70.12,62.60,60.68
16.39,16.39,71.73,63.70,61.05
18.98,18.98,68.46,64.77,61.04
20.91,20.91,62.37,66.60,59.12
21.06,21.06,59.92,67.78,59.18
20.56,20.56,54.76,67.95,56.29
21.36,21.36,53.01,66.06,56.38
21.26,21.26,49.93,66.19,58.69
20.89,20.89,47.20,64.16,56.83
23.19,23.19,43.13,64.90,56.33
22.51,22.51,36.17,66.99,55.27
23.16,23.16,40.51,67.22,54.07
18.63,18.63,39.98,51.28,53.59
13.82,13.82,47.73,51.72,55.68
9.29,9.29,54.12,67.40,63.42
13.64,13.64,56.82,70.66,60.66
16.80,16.80,58.92,72.09,61.44
17.27,17.27,57.07,67.88,60.51
18.21,18.21,50.64,69.67,59.50
19.14,19.14,49.79,70.26,57.74
19.68,19.68,47.51,70.19,59.25
18.78,18.78,52.76,70.95,61.82
21.21,21.21,59.82,68.88,64.64
19.90,19.90,61.18,69.12,63.23
21.16,21.16,69.33,67.85,62.01
21.22,21.22,69.04,67.54,61.49
20.72,20.72,64.15,69.34,59.52
18.62,18.62,60.18,71.20,58.53
14.83,14.83,54.10,66.32,57.11
14.86,14.86,66.79,67.05,60.92
14.21,14.21,66.60,72.29,62.06
17.77,17.77,71.13,69.98,61.87
18.85,18.85,70.66,66.17,60.21
19.72,19.72,63.67,62.74,58.90
20.05,20.05,68.55,64.13,57.91
20.50,20.50,64.43,67.68,55.98
19.06,19.06,54.05,69.71,54.99
18.76,18.76,57.38,67.74,57.27
21.13,21.13,66.68,67.12,56.90
23.26,23.26,66.51,67.10,54.56
28.49,28.49,68.17,68.13,53.96
29.98,29.98,66.45,62.74,55.46
31.39,31.39,56.57,48.99,55.86
25.47,25.47,57.70,56.70,56.15
23.39,23.39,54.76,55.15,59.65
20.81,20.81,53.27,69.58,65.40
19.05,19.05,54.42,66.37,65.56
20.37,20.37,56.72,67.71,64.80
25.15,25.15,55.31,66.50,64.82
25.15,25.15,51.44,67.45,63.28
21.85,21.85,49.16,66.40,63.35
18.37,18.37,46.71,70.12,64.39
20.05,20.05,45.46,67.19,63.47
21.57,21.57,47.50,68.37,64.99
15.02,15.02,45.76,67.25,63.00
16.22,16.22,40.31,67.91,63.34
19.40,19.40,38.06,70.20,63.61
18.16,18.16,36.19,67.79,61.16
18.48,18.48,41.17,68.31,58.54
14.08,14.08,49.29,67.54,54.60
11.61,11.61,62.78,69.04,56.74
7.86,7.86,67.38,67.17,58.78
10.76,10.76,70.79,70.14,56.21
15.86,15.86,71.52,67.34,55.03
18.01,18.01,71.75,67.91,56.40
23.08,23.08,67.08,68.25,57.44
20.31,20.31,62.09,64.41,60.00
24.03,24.03,56.13,69.40,60.22
23.82,23.82,49.05,66.22,65.11
29.11,29.11,50.64,70.25,65.11
24.89,24.89,48.58,69.31,64.15
26.29,26.29,38.24,69.33,63.55
26.27,26.27,38.12,66.20,61.79
25.38,25.38,35.00,70.55,60.06
22.84,22.84,35.15,67.29,59.18
17.30,17.30,41.70,68.83,59.34
14.38,14.38,48.40,67.84,63.47
16.33,16.33,51.88,68.72,64.03
16.04,16.04,52.06,69.45,64.29
18.14,18.14,50.26,68.22,62.87
20.16,20.16,44.40,69.02,62.29
22.98,22.98,41.36,68.50,60.45
20.92,20.92,40.66,69.42,60.85
20.81,20.81,45.13,68.40,61.50
20.81,20.81,49.01,70.22,61.52
22.88,22.88,51.92,68.85,61.20
21.57,21.57,46.91,68.89,60.08
24.58,24.58,45.11,68.84,59.51
24.45,24.45,42.85,69.59,59.19
22.29,22.29,43.87,67.41,57.72
15.65,15.65,53.55,69.03,59.06
12.35,12.35,57.49,68.25,63.40
8.89,8.89,70.07,69.55,66.47
14.68,14.68,71.33,64.39,64.95
19.15,19.15,72.00,67.47,65.47
20.84,20.84,69.77,64.41,60.86
24.92,24.92,60.37,64.34,58.94
26.28,26.28,63.45,65.68,58.89
20.61,20.61,57.32,66.27,58.37
21.25,21.25,52.30,67.66,60.33
23.38,23.38,49.85,68.64,64.96
22.75,22.75,40.62,63.47,65.22
25.85,25.85,41.93,67.85,63.78
26.33,26.33,39.67,64.68,63.26
24.30,24.30,30.15,71.07,60.63
24.24,24.24,30.92,65.06,59.66
20.86,20.86,39.87,69.41,59.64
18.82,18.82,50.20,69.01,64.75
16.91,16.91,64.13,66.28,65.85
16.15,16.15,60.36,68.30,64.64
22.48,22.48,55.69,67.19,65.02
25.18,25.18,49.43,70.47,64.86
25.73,25.73,43.37,65.31,65.37
26.53,26.53,41.91,70.15,65.25
23.71,23.71,40.89,66.52,63.94
20.60,20.60,51.58,70.64,66.45
22.23,22.23,55.48,66.81,68.70
20.92,20.92,45.42,69.85,67.40
25.29,25.29,42.60,69.02,66.82
25.70,25.70,37.38,67.91,63.58
24.30,24.30,41.39,68.91,60.47
20.60,20.60,50.41,66.49,57.99
15.83,15.83,56.86,70.22,55.17
13.54,13.54,71.62,66.64,60.31
14.10,14.10,71.51,67.26,58.22
18.06,18.06,73.49,61.22,56.75
22.45,22.45,73.80,61.06,57.86
26.31,26.31,64.17,61.05,58.95
26.74,26.74,61.69,61.64,59.61
24.31,24.31,56.76,64.21,58.61
22.62,22.62,52.51,64.37,60.41
24.38,24.38,54.53,67.79,62.90
22.93,22.93,52.59,66.57,60.97
24.18,24.18,48.13,67.55,59.15
23.62,23.62,44.81,59.01,61.80
25.23,25.23,43.11,50.71,62.35
26.84,26.84,43.96,45.99,61.17
24.10,24.10,43.02,49.24,63.01
23.35,23.35,49.29,58.98,67.74
20.89,20.89,51.34,71.97,67.54
22.36,22.36,52.92,69.81,67.94
23.68,23.68,54.38,72.48,65.63
21.18,21.18,49.50,68.50,64.77
23.06,23.06,45.71,69.54,64.07
21.22,21.22,45.49,71.62,63.51
18.47,18.47,46.45,68.40,62.78
20.32,20.32,53.56,71.69,62.61
21.51,21.51,64.53,68.03,62.11
22.68,22.68,57.36,70.23,65.03
23.46,23.46,69.69,68.32,63.17
22.73,22.73,62.10,58.60,61.01
22.34,22.34,57.73,66.24,57.39
20.15,20.15,59.49,68.79,55.80
14.63,14.63,58.70,66.69,59.46
14.77,14.77,71.21,66.79,65.33
14.72,14.72,67.21,67.65,64.92
18.73,18.73,70.40,62.38,62.87
22.13,22.13,63.00,62.77,60.49
23.68,23.68,66.84,65.42,61.64
22.07,22.07,61.98,61.38,63.21
18.18,18.18,59.64,67.27,63.22
17.00,17.00,56.38,66.13,64.64
17.30,17.30,69.67,65.01,63.30
18.63,18.63,70.81,62.23,64.48
22.18,22.18,68.64,56.78,65.15
22.56,22.56,70.27,57.13,60.64
23.35,23.35,63.72,59.28,58.19
23.17,23.17,59.17,54.32,56.68
19.50,19.50,60.54,52.54,55.91
19.91,19.91,55.04,58.94,63.33
19.47,19.47,51.07,70.06,65.34
24.46,24.46,50.93,66.00,64.98
25.10,25.10,50.66,70.56,64.18
25.51,25.51,51.02,65.98,62.90
26.10,26.10,48.54,69.59,61.27
23.90,23.90,46.46,66.23,62.80
21.65,21.65,44.90,70.93,63.14
21.85,21.85,50.91,67.51,64.69
24.24,24.24,59.55,69.05,65.80
23.25,23.25,54.62,67.87,66.28
24.09,24.09,45.50,69.39,65.20
22.54,22.54,40.26,70.21,66.21
17.70,17.70,39.57,68.36,64.73
16.85,16.85,45.53,70.36,63.23
15.93,15.93,51.77,67.02,62.34
16.91,16.91,69.02,69.42,62.76
22.42,22.42,71.70,66.33,60.80
30.07,30.07,73.16,69.22,63.26
30.68,30.68,71.21,66.66,62.33
24.61,24.61,69.13,66.47,61.19
20.51,20.51,64.15,65.21,62.39
20.90,20.90,57.61,67.92,62.94
23.73,23.73,51.49,66.00,63.14
25.24,25.24,48.68,68.47,65.16
25.94,25.94,48.32,69.92,64.74
24.05,24.05,44.72,69.20,63.74
24.51,24.51,38.00,69.81,61.32
25.67,25.67,32.99,63.82,59.03
25.15,25.15,34.63,71.82,58.59
20.68,20.68,38.36,58.59,60.23
21.58,21.58,45.31,48.91,62.04
20.42,20.42,51.23,65.08,62.97
18.26,18.26,50.99,71.69,61.81
23.82,23.82,50.40,71.20,61.61
24.37,24.37,46.33,69.29,61.45
24.93,24.93,43.40,69.90,62.07
26.95,26.95,39.82,71.35,61.48
25.66,25.66,40.03,69.97,62.78
23.20,23.20,42.18,68.41,63.92
20.66,20.66,49.10,71.52,63.03
18.15,18.15,49.04,69.70,66.00
20.54,20.54,48.13,69.81,65.38
21.67,21.67,46.77,72.07,61.29
24.16,24.16,43.76,68.30,59.85
23.67,23.67,43.59,71.56,56.17
15.28,15.28,49.15,70.54,54.71
12.58,12.58,63.32,68.64,54.92
14.67,14.67,71.64,66.97,56.21
18.31,18.31,73.21,67.89,55.26
21.07,21.07,71.42,65.46,53.95
21.64,21.64,71.91,64.72,53.55
23.80,23.80,65.13,67.48,54.80
22.09,22.09,59.74,67.11,54.63
18.89,18.89,51.18,68.22,58.33
19.73,19.73,49.99,66.18,59.91
24.40,24.40,49.89,68.53,62.33
23.08,23.08,45.51,67.64,64.33
22.71,22.71,39.99,68.08,63.65
24.07,24.07,33.13,69.27,62.18
23.99,23.99,33.08,65.19,60.68
21.61,21.61,37.59,67.04,62.42
18.66,18.66,48.76,68.59,61.80
16.23,16.23,59.61,67.71,64.73
11.03,11.03,59.50,67.96,64.56
12.40,12.40,56.01,70.20,65.79
16.16,16.16,50.14,68.30,63.52
19.43,19.43,43.50,66.81,60.91
19.74,19.74,39.15,67.77,59.93
20.35,20.35,38.90,64.60,57.73
17.21,17.21,44.81,67.03,56.25
19.18,19.18,52.13,67.44,60.84
22.97,22.97,51.19,68.27,63.89
22.04,22.04,47.55,69.07,63.69
22.72,22.72,44.43,67.85,60.83
22.71,22.71,37.83,67.32,59.64
21.15,21.15,40.85,67.41,59.40
14.10,14.10,49.76,67.88,55.62
5.41,5.41,62.11,66.75,58.25
6.54,6.54,73.74,65.60,60.73
13.85,13.85,73.76,63.76,58.73
14.27,14.27,72.29,67.20,57.49
16.86,16.86,72.61,68.22,57.36
20.79,20.79,65.46,66.27,59.23
22.64,22.64,61.16,67.53,60.17
19.43,19.43,57.08,67.14,61.73
17.46,17.46,56.79,67.74,62.32
21.75,21.75,56.65,68.87,60.87
21.10,21.10,52.86,71.42,61.62
23.32,23.32,47.26,68.42,61.54
20.82,20.82,37.41,65.35,53.50
19.05,19.05,36.75,67.04,53.41
16.51,16.51,34.43,54.11,54.58
14.99,14.99,39.20,53.27,54.35
18.57,18.57,55.56,58.97,60.53
13.16,13.16,56.95,65.46,62.76
18.68,18.68,56.63,68.24,62.88
23.92,23.92,52.84,69.56,62.39
28.44,28.44,47.33,65.43,63.29
31.91,31.91,42.15,69.17,61.96
31.36,31.36,41.07,68.99,63.60
18.71,18.71,43.36,65.03,65.34
14.30,14.30,50.21,69.64,65.48
17.00,17.00,62.37,66.63,64.87
14.77,14.77,65.59,66.65,64.49
19.60,19.60,57.64,64.84,63.30
16.51,16.51,65.89,68.56,64.15
15.59,15.59,66.91,64.65,64.31
12.37,12.37,62.45,68.69,61.90
12.51,12.51,62.22,63.70,61.76
13.02,13.02,71.09,66.16,63.69
12.92,12.92,72.93,66.35,64.00
16.11,16.11,70.29,59.53,64.93
20.65,20.65,68.28,59.56,61.02
27.27,27.27,65.41,60.32,57.64
26.37,26.37,66.36,64.75,58.96
24.59,24.59,56.97,69.19,55.97
23.03,23.03,53.66,68.31,58.94
21.06,21.06,64.53,66.81,58.01
19.91,19.91,68.61,69.37,57.06
23.02,23.02,69.74,66.67,56.57
24.43,24.43,70.78,63.32,57.60
24.94,24.94,63.33,52.17,57.56
23.84,23.84,60.83,52.77,57.00
20.45,20.45,59.87,54.55,58.51
17.79,17.79,52.54,53.11,60.46
13.71,13.71,53.50,69.14,60.62
13.69,13.69,53.97,69.62,61.17
12.78,12.78,56.82,67.59,61.55
11.21,11.21,56.84,69.98,62.78
12.05,12.05,56.38,70.20,62.38
14.59,14.59,54.82,70.52,62.39
12.27,12.27,54.76,65.43,63.98
9.97,9.97,54.05,71.27,62.56
15.63,15.63,62.40,67.17,64.31
17.50,17.50,55.02,71.56,63.64
20.22,20.22,45.37,66.61,61.38
18.24,18.24,35.09,70.51,59.23
18.07,18.07,32.31,66.59,58.73
13.72,13.72,40.81,68.14,56.34
7.90,7.90,51.37,68.10,53.66
6.26,6.26,71.19,64.27,54.98
9.64,9.64,66.78,67.29,54.41
13.77,13.77,72.35,61.77,54.54
15.97,15.97,71.70,59.73,56.27
18.07,18.07,67.03,62.57,57.25
16.58,16.58,60.37,66.90,55.94
14.89,14.89,58.69,66.15,57.23
17.00,17.00,54.32,68.39,58.74
20.77,20.77,47.52,63.95,60.77
22.60,22.60,47.47,70.28,58.45
23.16,23.16,40.81,65.38,59.74
22.51,22.51,38.74,67.60,60.31
20.06,20.06,39.12,69.69,59.76
18.70,18.70,38.29,65.47,59.36
14.91,14.91,36.61,53.35,58.74
14.46,14.46,47.28,56.46,62.12
15.21,15.21,62.19,64.57,66.94
12.79,12.79,58.00,67.26,65.89
14.48,14.48,53.93,68.05,67.03
16.04,16.04,45.48,71.48,65.06
17.10,17.10,41.94,69.94,62.01
17.84,17.84,40.56,65.84,61.85
13.23,13.23,41.52,70.79,61.16
11.47,11.47,46.86,71.14,61.77
14.09,14.09,51.19,63.65,61.65
15.26,15.26,47.55,70.63,60.37
16.27,16.27,45.61,71.57,61.27
17.85,17.85,42.22,64.64,60.71
16.96,16.96,42.63,69.36,59.38
14.33,14.33,56.82,70.07,56.73
8.99,8.99,50.51,53.16,55.20
10.87,10.87,69.44,53.49,60.74
8.07,8.07,74.93,60.96,59.32
11.31,11.31,72.63,68.24,58.32
15.07,15.07,70.41,66.75,55.79
19.73,19.73,71.39,64.41,55.29
24.80,24.80,65.52,61.91,56.16
25.17,25.17,61.06,66.51,57.69
19.45,19.45,47.77,65.53,58.79
19.02,19.02,54.27,65.73,61.15
19.73,19.73,55.37,65.82,64.51
20.48,20.48,48.59,67.32,64.69
19.54,19.54,40.58,67.69,64.01
21.33,21.33,37.67,63.20,60.21
20.74,20.74,36.31,71.53,60.42
19.01,19.01,33.54,65.27,58.31
15.41,15.41,45.06,69.27,58.04
13.70,13.70,50.72,67.24,64.44
12.21,12.21,53.92,68.04,64.82
10.15,10.15,51.59,67.36,63.47
12.42,12.42,48.90,64.64,62.75
14.82,14.82,40.79,68.75,61.83
16.79,16.79,40.66,66.40,61.79
16.18,16.18,43.57,67.56,60.18
19.09,19.09,47.18,66.99,61.24
26.35,26.35,53.88,70.33,63.73
27.60,27.60,51.30,63.60,64.16
31.87,31.87,50.38,69.51,63.33
34.08,34.08,46.87,65.93,62.28
32.77,32.77,42.90,69.01,60.91
26.75,26.75,43.57,67.06,58.41
14.20,14.20,51.62,67.71,56.00
11.73,11.73,65.87,66.63,57.82
11.09,11.09,73.75,65.32,60.99
12.52,12.52,73.03,64.87,63.24
11.44,11.44,70.30,64.50,63.29
15.41,15.41,72.76,63.90,59.77
18.34,18.34,66.27,59.85,56.08
16.92,16.92,61.89,64.56,54.53
13.07,13.07,54.93,61.91,54.03
16.25,16.25,51.77,68.90,65.89
17.51,17.51,48.32,65.68,65.66
19.60,19.60,50.60,70.16,61.16
20.93,20.93,44.86,62.72,61.26
20.04,20.04,38.87,56.00,60.36
19.54,19.54,41.53,53.30,59.84
14.39,14.39,40.11,49.27,58.68
13.42,13.42,41.82,51.67,63.06
14.42,14.42,56.02,69.69,66.20
8.82,8.82,61.64,67.93,68.64
13.61,13.61,60.50,70.09,68.77
18.90,18.90,58.82,69.10,64.18
19.98,19.98,52.52,69.88,64.19
20.66,20.66,46.83,70.68,63.92
17.02,17.02,44.90,67.52,65.83
13.37,13.37,50.87,67.49,64.56
13.69,13.69,50.65,71.10,66.78
14.46,14.46,66.67,67.56,65.34
14.63,14.63,70.25,66.39,63.88
13.76,13.76,69.49,69.49,64.27
14.44,14.44,66.15,66.34,66.21
13.73,13.73,64.88,64.53,62.95
7.84,7.84,64.46,68.35,58.96
5.31,5.31,64.88,65.14,59.89
4.50,4.50,70.77,68.37,61.99
4.23,4.23,72.91,66.23,62.11
4.26,4.26,67.95,61.79,63.94
6.35,6.35,64.95,63.74,67.01
13.43,13.43,64.02,63.37,66.58
23.85,23.85,66.15,66.76,65.70
21.92,21.92,60.23,68.76,66.00
19.90,19.90,59.64,66.42,65.71
22.63,22.63,66.49,63.21,67.85
21.35,21.35,62.52,66.95,67.73
23.49,23.49,65.60,70.27,65.54
23.11,23.11,65.18,64.60,63.92
21.57,21.57,61.16,66.60,61.49
16.42,16.42,60.96,64.74,59.26
15.83,15.83,57.20,66.03,61.68
16.55,16.55,46.63,65.89,66.56
15.18,15.18,50.89,72.34,65.01
16.20,16.20,49.96,67.55,64.63
18.99,18.99,48.37,67.38,63.15
21.04,21.04,44.20,69.36,61.86
23.25,23.25,43.11,71.06,62.75
22.29,22.29,43.88,64.57,60.95
14.30,14.30,45.58,65.57,58.80
14.49,14.49,61.85,68.51,59.94
15.19,15.19,62.27,67.09,60.10
17.61,17.61,60.98,68.95,60.09
18.64,18.64,54.99,68.75,58.00
23.49,23.49,53.75,67.03,61.08
23.25,23.25,48.42,65.01,60.77
13.07,13.07,49.70,71.47,59.51
8.56,8.56,56.81,65.32,61.92
8.58,8.58,69.97,63.74,67.40
9.23,9.23,69.39,61.19,67.18
4.05,4.05,68.25,63.57,65.82
6.51,6.51,72.52,66.24,63.52
9.85,9.85,69.80,66.27,63.28
11.02,11.02,64.41,68.45,62.86
14.80,14.80,58.62,67.81,65.03
16.12,16.12,48.89,69.57,64.93
19.44,19.44,43.19,72.43,64.76
22.19,22.19,53.87,72.05,63.75
21.30,21.30,53.65,70.14,64.91
20.67,20.67,47.03,68.27,62.74
19.80,19.80,41.87,68.71,62.37
18.39,18.39,42.33,67.86,61.77
14.46,14.46,40.37,65.81,62.96
18.17,18.17,54.27,66.38,63.79
14.75,14.75,62.25,66.65,66.94
17.54,17.54,59.54,69.56,66.51
23.11,23.11,65.86,69.77,64.19
25.16,25.16,65.43,68.36,64.61
24.25,24.25,63.28,66.17,62.28
23.59,23.59,59.02,68.94,59.89
18.94,18.94,54.28,71.29,59.62
19.28,19.28,50.95,70.31,63.59
15.68,15.68,51.74,68.59,66.22
15.42,15.42,51.40,71.31,65.51
14.58,14.58,46.00,70.02,64.70
15.42,15.42,42.68,70.44,64.91
15.87,15.87,44.57,70.21,65.39
15.09,15.09,54.38,68.94,64.33
17.11,17.11,53.87,66.58,64.50
27.06,27.06,62.37,68.35,64.32
15.19,15.19,67.24,69.27,63.71
13.85,13.85,57.65,67.30,63.94
19.26,19.26,63.17,66.14,63.98
18.96,18.96,61.83,68.35,62.12
17.62,17.62,50.34,66.37,62.86
18.14,18.14,48.95,68.13,61.88
20.07,20.07,41.23,67.60,61.24
21.56,21.56,35.40,72.52,60.67
20.62,20.62,31.27,68.90,60.82
21.06,21.06,29.69,65.75,60.51
21.58,21.58,27.47,69.92,59.75
20.41,20.41,28.22,67.64,60.78
20.34,20.34,26.82,70.31,59.78
19.32,19.32,26.60,66.23,59.69
19.51,19.51,28.37,72.17,61.65
23.66,23.66,33.52,68.01,63.49
23.32,23.32,32.80,70.08,62.76
22.77,22.77,32.90,66.88,63.38
25.20,25.20,32.14,70.92,62.04
24.34,24.34,30.84,67.10,62.11
26.73,26.73,33.93,68.38,60.50
27.25,27.25,34.53,70.92,61.44
27.93,27.93,33.48,68.24,61.75
28.25,28.25,31.94,71.98,59.70
29.20,29.20,31.01,67.89,61.99
27.79,27.79,30.33,73.25,60.62
27.54,27.54,32.42,67.74,60.41
26.15,26.15,30.09,71.32,58.49
24.23,24.23,31.38,68.90,60.40
23.44,23.44,36.61,70.93,59.74
21.58,21.58,33.57,70.74,57.86
22.58,22.58,33.30,69.77,57.40
25.21,25.21,28.79,71.95,57.47
25.30,25.30,27.33,68.22,56.18
26.75,26.75,31.16,71.59,56.73
24.79,24.79,23.74,69.48,56.67
22.30,22.30,22.57,72.90,56.24
16.55,16.55,24.41,69.10,55.94
19.34,19.34,26.48,72.62,60.24
18.36,18.36,26.54,69.70,59.14
20.44,20.44,28.96,62.54,60.89
19.87,19.87,26.88,59.58,58.91
21.09,21.09,26.77,50.21,58.55
22.19,22.19,31.41,54.31,56.55
23.09,23.09,29.38,46.84,57.90
23.11,23.11,31.85,56.52,57.03
19.73,19.73,30.35,65.14,61.10
17.63,17.63,30.37,72.22,60.92
17.42,17.42,28.67,71.56,61.52
19.02,19.02,27.73,66.83,58.88
16.76,16.76,26.14,73.96,58.32
18.60,18.60,26.10,67.73,58.09
17.92,17.92,24.23,68.28,59.35
17.83,17.83,24.81,73.47,57.45
17.02,17.02,27.86,65.88,59.06
17.37,17.37,25.92,66.85,56.58
19.21,19.21,27.86,72.91,56.42
20.75,20.75,27.37,68.17,56.97
21.73,21.73,28.51,68.07,56.06
19.43,19.43,26.92,72.87,58.73
18.30,18.30,27.79,69.48,58.20
17.44,17.44,29.21,69.39,57.61
17.57,17.57,28.60,71.50,62.05
17.95,17.95,30.06,66.97,61.13
18.21,18.21,28.75,70.17,59.43
20.54,20.54,26.35,68.81,60.54
21.03,21.03,27.33,67.33,61.21
22.17,22.17,29.87,72.32,61.08
23.64,23.64,29.56,66.53,59.12
27.82,27.82,33.80,67.14,60.53
22.17,22.17,29.24,64.45,59.27
22.50,22.50,29.57,52.28,60.11
23.74,23.74,26.72,56.90,57.66
24.15,24.15,27.42,50.47,59.75
22.83,22.83,27.72,49.82,57.95
21.62,21.62,27.52,52.84,59.27
21.84,21.84,24.48,46.48,57.22
19.42,19.42,23.79,69.57,60.42
20.85,20.85,22.94,65.71,56.96
23.29,23.29,19.68,68.60,57.17
25.96,25.96,18.82,69.08,55.79
27.23,27.23,19.46,68.74,55.48
24.91,24.91,23.16,68.61,58.62
23.89,23.89,26.21,66.40,56.80
20.44,20.44,22.49,71.67,59.30
20.94,20.94,26.45,64.77,61.47
20.51,20.51,24.88,70.87,60.22
22.76,22.76,24.81,65.67,60.31
24.49,24.49,25.26,68.90,60.89
28.26,28.26,26.64,64.42,58.68
28.12,28.12,28.26,69.24,58.98
26.99,26.99,25.84,65.41,58.09
29.86,29.86,30.13,68.68,58.72
28.03,28.03,25.79,68.38,60.66
27.53,27.53,27.05,66.29,58.09
23.38,23.38,24.35,69.59,60.01
25.23,25.23,24.28,67.15,59.59
24.33,24.33,23.14,70.55,59.05
22.56,22.56,26.91,66.03,59.92
20.67,20.67,29.51,69.03,59.38
22.97,22.97,35.02,65.91,59.05
15.37,15.37,29.86,70.02,58.23
19.92,19.92,26.71,65.73,57.12
22.42,22.42,21.51,70.15,58.24
26.04,26.04,21.08,66.73,56.69
25.14,25.14,21.05,68.46,56.30
20.37,20.37,18.36,64.74,56.82
17.16,17.16,17.10,67.29,55.19
17.50,17.50,21.13,66.95,61.61
16.33,16.33,21.64,68.99,62.22
15.64,15.64,22.42,72.43,62.11
18.29,18.29,21.30,64.32,62.08
20.81,20.81,22.97,72.37,61.39
24.16,24.16,21.88,62.68,60.86
24.95,24.95,26.90,70.49,60.33
26.62,26.62,27.41,65.42,61.19
25.80,25.80,28.08,72.07,60.57
23.56,23.56,27.13,62.76,60.83
24.13,24.13,29.27,71.18,60.60
24.80,24.80,28.06,63.60,59.20
24.15,24.15,29.05,67.49,59.31
21.93,21.93,22.66,71.60,59.81
22.01,22.01,22.34,67.61,62.27
23.48,23.48,24.08,50.38,59.33
19.14,19.14,26.50,62.27,60.49
19.26,19.26,22.46,70.75,61.27
24.11,24.11,17.92,63.35,61.89
26.42,26.42,21.08,69.50,61.15
27.89,27.89,17.41,60.56,58.65
23.39,23.39,21.91,71.05,60.88
19.06,19.06,24.59,61.09,55.35
13.05,13.05,26.20,69.85,60.60
12.26,12.26,25.54,63.91,63.02
11.61,11.61,32.25,67.14,62.86
14.16,14.16,31.25,60.94,61.36
18.09,18.09,28.44,66.06,62.59
19.07,19.07,26.79,65.39,63.34
19.47,19.47,27.04,65.65,60.01
20.33,20.33,26.51,69.55,60.15
22.26,22.26,29.18,60.25,64.43
21.49,21.49,25.81,70.35,63.92
24.26,24.26,26.99,59.76,66.99
23.94,23.94,27.61,71.26,64.95
23.06,23.06,26.86,56.94,64.19
21.26,21.26,28.39,68.93,63.54
21.27,21.27,21.51,61.89,64.90
20.22,20.22,23.06,68.90,65.40
22.69,22.69,28.22,64.53,62.80
16.79,16.79,21.38,63.62,61.69
15.82,15.82,23.59,68.15,64.59
17.45,17.45,23.47,61.03,63.79
21.02,21.02,22.31,69.57,61.08
21.98,21.98,25.24,59.39,59.07
20.85,20.85,20.55,70.78,56.99
14.00,14.00,20.22,61.05,57.01
10.84,10.84,25.62,69.15,60.84
7.02,7.02,25.83,59.25,65.33
7.02,7.02,22.01,66.96,63.24
9.08,9.08,23.61,64.51,62.45
12.85,12.85,22.42,64.26,61.92
13.37,13.37,22.91,64.53,63.69
13.10,13.10,26.94,61.60,61.86
16.01,16.01,23.30,67.07,62.18
15.88,15.88,23.90,58.27,65.00
16.34,16.34,22.74,70.41,62.34
15.46,15.46,26.80,61.65,63.64
15.28,15.28,24.24,50.01,61.19
18.61,18.61,27.58,53.39,63.32
18.02,18.02,22.39,44.86,60.36
15.45,15.45,21.19,54.95,61.98
16.57,16.57,28.81,59.73,62.59
13.50,13.50,22.77,67.31,62.14
14.70,14.70,18.39,62.58,62.56
17.53,17.53,22.25,70.42,62.67
17.55,17.55,19.91,65.72,60.95
17.62,17.62,20.54,66.77,62.08
17.84,17.84,19.09,69.93,62.19
14.91,14.91,18.62,64.07,61.69
12.17,12.17,16.31,68.65,61.86
11.51,11.51,19.22,68.68,65.76
11.76,11.76,19.86,64.97,65.07
11.59,11.59,21.40,69.09,63.73
16.92,16.92,22.42,66.91,61.91
18.10,18.10,20.41,66.04,61.60
16.65,16.65,18.83,70.68,62.26
17.88,17.88,23.95,66.01,61.80
19.74,19.74,22.35,67.35,63.88
16.75,16.75,24.15,69.25,63.56
19.19,19.19,26.08,66.44,62.88
17.26,17.26,24.34,68.26,63.39
18.26,18.26,27.92,64.01,61.65
18.37,18.37,17.79,68.98,61.28
17.89,17.89,20.61,69.48,60.86
21.28,21.28,26.68,66.74,62.47
23.11,23.11,28.25,68.75,59.74
23.78,23.78,29.12,52.21,59.49
25.81,25.81,28.25,59.68,57.95
26.82,26.82,30.34,54.02,55.82
28.74,28.74,30.75,45.13,58.01
24.95,24.95,31.14,51.44,60.83
19.13,19.13,24.69,48.49,56.83
14.00,14.00,21.24,59.20,59.17
8.70,8.70,17.68,66.54,66.67
6.91,6.91,9.87,69.86,65.33
10.06,10.06,13.23,67.21,65.23
11.58,11.58,10.31,72.32,62.90
11.16,11.16,15.16,66.53,60.91
14.66,14.66,13.34,72.03,59.74
19.42,19.42,17.30,65.01,62.18
17.24,17.24,24.64,70.43,63.28
15.36,15.36,21.48,66.95,63.43
14.84,14.84,23.60,66.36,63.24
15.21,15.21,26.04,69.85,62.67
18.88,18.88,27.74,66.12,61.54
18.07,18.07,20.48,70.71,61.48
17.27,17.27,24.15,64.49,62.53
15.03,15.03,24.63,71.68,62.42
17.64,17.64,23.68,62.85,59.62
17.63,17.63,20.24,72.03,57.58
21.80,21.80,18.49,64.99,59.83
23.62,23.62,23.51,67.87,59.24
24.58,24.58,24.83,65.87,58.94
24.96,24.96,23.30,66.84,60.60
20.32,20.32,21.35,69.42,57.37
15.68,15.68,25.82,66.65,54.72
15.22,15.22,27.31,69.20,61.80
8.65,8.65,19.02,60.64,63.87
7.76,7.76,18.51,71.43,64.70
8.21,8.21,18.03,60.53,64.46
10.89,10.89,17.97,68.11,63.69
10.48,10.48,22.29,68.09,64.18
10.57,10.57,17.23,54.96,61.87
11.69,11.69,19.79,58.44,61.81
11.17,11.17,18.19,63.99,65.61
13.44,13.44,13.74,69.85,67.75
14.54,14.54,12.14,64.13,64.36
15.59,15.59,14.52,70.43,65.00
14.19,14.19,14.04,65.76,62.94
15.18,15.18,14.79,71.01,64.09
14.37,14.37,15.63,68.71,62.69
13.90,13.90,15.96,71.66,62.77
13.87,13.87,18.00,66.96,60.65
14.89,14.89,16.24,69.49,62.34
16.65,16.65,17.53,66.02,62.20
18.23,18.23,20.93,67.06,61.95
21.63,21.63,21.27,66.39,61.73
19.34,19.34,17.90,66.31,56.78
16.22,16.22,17.76,64.52,55.91
13.39,13.39,22.81,64.62,60.02
13.68,13.68,20.23,69.62,65.61
7.57,7.57,10.54,69.45,65.92
9.33,9.33,11.25,68.68,66.01
10.30,10.30,14.31,67.62,64.54
14.79,14.79,20.13,66.69,64.48
12.81,12.81,21.01,68.75,62.20
12.82,12.82,15.70,65.70,64.82
17.28,17.28,27.02,67.64,64.44
13.81,13.81,23.89,66.96,64.61
13.72,13.72,21.71,65.24,63.86
14.06,14.06,22.03,69.30,63.44
14.10,14.10,25.58,67.38,63.62
15.52,15.52,27.01,66.97,63.64
16.78,16.78,24.52,65.02,62.85
15.06,15.06,24.84,68.45,62.72
15.23,15.23,29.14,68.41,63.65
15.70,15.70,27.34,67.63,64.98
16.60,16.60,28.92,68.87,63.27
17.06,17.06,28.12,68.44,59.06
19.26,19.26,28.17,68.00,59.33
18.26,18.26,23.25,68.36,61.20
16.81,16.81,25.85,65.70,61.14
13.75,13.75,28.84,67.64,61.77
14.03,14.03,28.07,68.53,63.81
10.02,10.02,25.73,68.74,67.39
10.99,10.99,27.07,70.69,66.09
12.64,12.64,21.79,68.95,66.23
14.08,14.08,22.42,69.28,64.19
14.17,14.17,22.75,67.06,64.23
12.20,12.20,23.82,69.30,63.99
14.39,14.39,25.93,67.26,64.05
13.79,13.79,24.85,70.69,64.48
15.84,15.84,24.79,65.19,66.67
13.02,13.02,21.42,69.45,64.60
12.72,12.72,26.92,67.38,64.16
14.71,14.71,20.96,68.87,64.19
13.79,13.79,24.78,67.26,63.97
14.64,14.64,25.04,67.88,61.64
13.78,13.78,25.61,68.75,62.31
15.07,15.07,23.31,66.88,61.26
16.47,16.47,24.36,70.39,62.17
19.44,19.44,30.59,67.58,60.02
19.10,19.10,24.30,60.50,57.28
20.43,20.43,22.79,47.71,58.67
18.55,18.55,23.11,55.60,57.27
14.86,14.86,26.90,50.81,57.28
15.74,15.74,26.04,60.50,61.02
14.52,14.52,20.51,68.16,68.34
13.13,13.13,16.49,69.11,67.18
7.26,7.26,11.12,68.40,66.70
8.61,8.61,17.16,65.25,66.97
9.31,9.31,16.70,70.12,64.34
9.26,9.26,17.80,65.51,64.50
9.04,9.04,20.96,66.15,66.78
10.66,10.66,16.34,68.94,65.07
10.12,10.12,15.08,62.55,64.81
10.15,10.15,19.50,66.38,65.29
11.18,11.18,18.82,66.30,66.45
11.80,11.80,24.74,64.42,65.84
11.76,11.76,19.60,68.19,65.73
11.24,11.24,19.12,66.05,63.18
10.37,10.37,24.55,62.92,64.44
10.07,10.07,20.51,68.30,65.62
14.12,14.12,20.77,65.33,64.81
15.00,15.00,22.71,64.10,64.02
15.01,15.01,28.92,67.10,65.20
14.57,14.57,23.14,66.77,63.76
12.75,12.75,23.59,65.41,60.70
13.53,13.53,23.17,64.53,63.34
17.02,17.02,25.74,66.58,62.12
16.90,16.90,26.27,66.60,67.32
10.74,10.74,25.62,56.54,67.41
11.33,11.33,26.36,51.28,68.65
12.86,12.86,27.83,55.87,66.49
13.67,13.67,28.16,51.44,66.45
13.15,13.15,27.40,54.49,65.20
12.75,12.75,22.01,56.22,66.25
12.65,12.65,20.34,56.09,67.64
9.22,9.22,16.04,66.54,66.81
9.99,9.99,15.39,69.89,68.25
10.75,10.75,15.26,62.32,66.65
11.28,11.28,10.87,69.23,67.46
11.58,11.58,12.97,63.82,67.39
12.92,12.92,14.56,64.66,66.67
13.39,13.39,12.41,68.12,66.11
11.47,11.47,13.10,64.44,63.43
9.86,9.86,16.18,67.68,65.80
11.84,11.84,21.89,62.38,66.18
12.75,12.75,20.86,70.60,66.94
13.93,13.93,22.25,61.24,66.54
12.01,12.01,17.51,69.55,64.44
13.46,13.46,23.42,66.85,61.13
12.85,12.85,21.08,68.87,63.24
19.68,19.68,22.06,62.90,66.35
14.81,14.81,22.81,66.41,67.87
14.17,14.17,23.35,66.30,67.66
13.43,13.43,18.10,64.73,67.38
12.39,12.39,16.48,67.04,67.20
13.69,13.69,19.63,65.52,66.80
12.27,12.27,16.96,67.79,67.52
11.28,11.28,26.03,62.61,66.67
12.04,12.04,22.37,68.66,67.60
12.32,12.32,19.01,63.63,66.71
12.34,12.34,17.71,70.38,67.41
12.28,12.28,20.65,64.36,66.66
10.27,10.27,21.54,67.64,67.16
10.49,10.49,20.65,59.78,65.58
8.32,8.32,18.02,60.26,65.13
9.10,9.10,19.14,51.92,66.30
7.76,7.76,18.85,70.47,66.76
7.22,7.22,21.34,64.81,65.50
11.91,11.91,21.32,73.44,65.93
12.80,12.80,18.47,65.96,61.86
13.87,13.87,20.00,71.66,61.34
12.06,12.06,22.54,70.87,62.04
9.95,9.95,23.40,72.38,62.86
16.72,16.72,21.88,70.27,62.36
17.59,17.59,23.55,70.07,66.46
10.79,10.79,21.82,69.29,67.54
13.01,13.01,20.77,69.57,66.32
12.60,12.60,21.85,71.25,65.17
12.28,12.28,19.57,68.03,65.69
12.39,12.39,14.87,69.54,65.79
9.80,9.80,12.66,54.30,64.42
12.91,12.91,18.08,62.74,64.91
11.63,11.63,15.58,69.26,66.77
12.95,12.95,12.65,67.05,65.22
13.36,13.36,13.54,66.07,65.04
13.92,13.92,17.92,68.32,66.20
10.67,10.67,17.73,67.90,66.12
9.98,9.98,15.11,68.82,64.08
13.23,13.23,17.57,65.29,64.71
12.37,12.37,23.27,67.25,65.13
10.26,10.26,21.76,65.51,66.13
9.96,9.96,20.16,69.24,65.16
10.16,10.16,19.91,69.37,63.13
12.17,12.17,19.44,68.45,63.33
12.49,12.49,21.42,69.40,61.23
11.24,11.24,23.11,66.81,62.93
11.39,11.39,21.17,69.88,60.06
14.14,14.14,24.00,67.79,65.76
13.16,13.16,18.08,69.82,66.34
14.35,14.35,20.37,66.15,67.94
13.68,13.68,21.29,69.33,66.71
13.50,13.50,18.52,68.28,66.43
15.30,15.30,24.48,67.99,65.75
14.68,14.68,25.97,69.26,63.67
18.04,18.04,23.58,67.54,65.72
18.22,18.22,22.86,68.90,64.34
15.66,15.66,22.85,67.24,65.46
15.61,15.61,17.58,71.28,64.86
13.61,13.61,26.56,64.68,65.62
13.73,13.73,22.49,68.94,64.67
13.21,13.21,28.91,63.48,64.78
13.02,13.02,26.33,69.45,63.10
12.57,12.57,21.56,67.70,64.47
12.37,12.37,23.64,67.20,63.87
11.57,11.57,23.59,70.21,66.07
12.38,12.38,23.44,65.50,62.13
11.98,11.98,26.92,69.61,62.36
12.40,12.40,28.46,66.26,60.31
11.54,11.54,28.07,70.27,61.27
10.46,10.46,28.55,66.81,60.13
13.53,13.53,27.76,67.64,63.39
12.87,12.87,27.82,67.53,65.94
13.65,13.65,23.74,68.82,66.17
14.02,14.02,25.38,59.57,65.30
14.61,14.61,28.57,51.88,65.86
15.15,15.15,27.32,52.78,63.91
13.47,13.47,23.73,54.83,64.20
12.41,12.41,20.40,55.29,63.16
14.06,14.06,20.16,57.24,65.30
11.69,11.69,20.05,71.19,66.31
11.45,11.45,19.18,67.21,64.46
11.41,11.41,20.79,69.53,65.53
11.98,11.98,22.69,71.98,65.85
10.18,10.18,24.68,70.27,63.81
8.93,8.93,21.81,69.00,63.52
11.78,11.78,28.87,70.34,64.13
14.58,14.58,25.17,69.89,65.28
15.84,15.84,21.46,69.13,64.59
14.29,14.29,25.26,70.03,64.46
14.18,14.18,28.97,66.86,63.44
12.56,12.56,25.52,69.82,62.56
9.95,9.95,23.29,70.14,60.42
9.54,9.54,27.06,68.52,60.26
9.24,9.24,28.77,69.20,60.13
11.20,11.20,23.41,69.69,65.09
9.46,9.46,29.03,68.32,66.21
8.45,8.45,23.27,69.40,65.29
9.04,9.04,23.30,68.08,64.76
10.27,10.27,24.12,68.02,64.82
11.55,11.55,24.20,69.43,66.41
10.22,10.22,26.44,69.37,63.90
13.84,13.84,27.54,68.50,64.79
11.18,11.18,24.69,70.63,65.53
9.43,9.43,22.09,68.21,66.35
11.38,11.38,19.65,66.52,65.65
10.95,10.95,23.77,65.68,65.85
10.36,10.36,20.43,57.71,65.86
9.40,9.40,17.76,55.16,63.60
9.04,9.04,17.52,49.31,64.21
11.96,11.96,18.31,63.91,65.95
9.31,9.31,14.74,68.70,63.93
10.75,10.75,17.46,69.20,63.90
12.11,12.11,15.21,69.02,63.89
13.27,13.27,18.78,71.25,62.38
15.10,15.10,19.07,63.26,63.32
12.85,12.85,16.50,65.60,61.98
11.67,11.67,17.35,69.90,61.78
12.41,12.41,21.06,67.35,65.25
11.78,11.78,20.85,67.13,65.40
11.47,11.47,23.13,69.41,66.47
10.55,10.55,17.78,70.72,66.14
10.68,10.68,19.33,64.85,65.92
9.72,9.72,18.43,69.86,64.33
10.10,10.10,14.54,67.94,65.54
11.91,11.91,16.38,57.10,66.16
14.09,14.09,20.78,67.12,63.71
10.17,10.17,18.37,68.20,66.96
10.31,10.31,17.74,70.01,64.74
12.11,12.11,16.64,71.15,65.48
13.49,13.49,19.15,69.87,65.36
12.04,12.04,22.95,69.57,63.39
10.98,10.98,24.22,72.68,62.55
14.60,14.60,24.97,71.60,65.08
12.29,12.29,22.54,70.46,64.35
13.94,13.94,24.12,70.92,64.23
14.18,14.18,21.77,74.06,63.14
15.53,15.53,22.41,71.05,62.89
14.06,14.06,24.06,70.79,63.45
16.32,16.32,21.09,69.46,61.69
18.02,18.02,19.74,68.41,58.91
16.14,16.14,21.13,65.41,60.24
12.66,12.66,18.43,69.22,67.52
10.02,10.02,15.88,70.93,64.29
9.71,9.71,13.34,70.89,64.62
12.76,12.76,15.36,68.85,64.92
12.90,12.90,17.10,70.23,66.58
15.43,15.43,15.45,70.89,67.15
11.39,11.39,13.97,70.27,63.54
16.14,16.14,20.19,69.82,67.15
20.14,20.14,24.68,71.24,66.95
19.77,19.77,23.54,69.52,68.19
19.28,19.28,24.34,70.18,66.00
20.96,20.96,27.34,69.82,67.22
19.79,19.79,27.09,67.93,67.34
20.55,20.55,29.53,64.50,66.06
18.18,18.18,26.99,59.34,66.99
20.36,20.36,28.00,66.80,67.38
17.90,17.90,24.72,68.89,67.35
17.40,17.40,25.84,63.29,65.28
15.50,15.50,26.52,65.86,65.20
14.48,14.48,24.79,67.89,65.26
13.80,13.80,24.97,64.27,65.74
12.50,12.50,25.01,68.48,64.52
9.96,9.96,22.40,60.78,63.10
11.95,11.95,24.61,68.27,65.39
10.61,10.61,22.28,63.47,66.09
10.19,10.19,19.93,67.34,65.74
13.74,13.74,20.79,64.80,65.05
15.55,15.55,21.06,64.59,66.28
14.51,14.51,15.48,64.56,65.15
12.48,12.48,16.41,65.84,64.94
16.36,16.36,22.18,65.72,67.04
18.55,18.55,25.99,62.58,66.83
16.91,16.91,23.60,68.61,66.59
19.38,19.38,24.03,61.88,64.67
20.38,20.38,25.99,67.51,66.38
20.65,20.65,26.07,62.29,65.39
21.62,21.62,28.32,67.90,64.56
19.82,19.82,26.93,62.99,64.42
20.82,20.82,28.11,63.79,66.78
18.04,18.04,27.69,64.84,64.44
19.98,19.98,27.09,65.61,65.76
19.19,19.19,27.81,68.17,64.97
21.06,21.06,27.92,64.01,64.04
19.32,19.32,25.30,66.88,63.18
19.03,19.03,31.91,62.84,63.26
16.74,16.74,30.15,67.48,63.92
15.61,15.61,23.37,62.39,61.27
16.36,16.36,30.60,67.52,62.76
15.63,15.63,28.67,63.31,64.98
15.79,15.79,24.65,65.10,64.69
18.06,18.06,27.88,64.57,62.88
17.68,17.68,20.72,64.96,64.95
16.81,16.81,27.54,68.18,63.82
17.44,17.44,24.94,64.52,61.57
18.81,18.81,26.46,66.05,64.41
17.92,17.92,24.79,64.22,64.71
17.35,17.35,22.97,61.80,63.65
19.88,19.88,25.28,67.91,63.24
22.61,22.61,26.49,63.88,63.55
21.75,21.75,24.87,66.16,63.81
17.04,17.04,25.66,57.46,62.48
17.89,17.89,27.40,51.92,62.73
17.11,17.11,27.37,62.41,64.02
16.30,16.30,22.78,69.82,63.33
14.70,14.70,23.13,66.39,64.39
16.18,16.18,24.66,64.46,62.97
19.18,19.18,24.32,70.16,63.32
17.05,17.05,23.53,66.76,61.87
15.47,15.47,26.55,63.40,62.25
13.66,13.66,24.47,70.07,61.21
15.89,15.89,28.12,68.35,64.16
14.72,14.72,23.29,66.97,65.26
14.29,14.29,26.06,71.63,61.89
14.74,14.74,28.11,66.39,63.06
15.48,15.48,26.09,66.68,61.41
11.84,11.84,25.27,70.59,64.11
16.55,16.55,25.79,65.07,61.82
16.48,16.48,27.47,66.10,64.61
14.90,14.90,29.16,68.57,62.86
15.09,15.09,27.62,63.54,62.31
15.49,15.49,25.02,67.11,64.26
16.33,16.33,26.64,67.07,63.13
16.57,16.57,28.18,63.93,62.06
15.02,15.02,31.86,67.86,62.08
14.93,14.93,29.57,67.29,62.78
16.16,16.16,33.25,63.05,63.78
15.92,15.92,27.18,64.22,61.95
16.91,16.91,26.87,65.77,63.33
19.02,19.02,26.36,63.91,62.54
19.18,19.18,30.41,63.81,60.29
18.92,18.92,25.50,58.53,58.57
17.34,17.34,22.61,56.01,58.40
14.04,14.04,22.95,54.66,57.53
12.08,12.08,25.69,66.01,63.27
14.86,14.86,20.14,60.61,64.05
13.77,13.77,20.63,67.42,63.96
13.76,13.76,20.20,66.99,63.43
15.21,15.21,21.75,62.27,63.94
15.24,15.24,23.99,64.58,61.54
12.96,12.96,22.52,67.79,63.64
11.43,11.43,23.92,65.47,60.62
14.82,14.82,26.24,69.65,62.22
13.44,13.44,25.38,65.27,62.08
14.20,14.20,23.47,66.27,63.81
17.65,17.65,27.13,64.06,62.87
19.15,19.15,29.96,66.29,62.22
16.52,16.52,32.02,65.93,62.55
15.08,15.08,28.59,63.60,61.11
15.26,15.26,27.94,67.35,63.20
14.76,14.76,25.89,63.05,61.37
14.98,14.98,25.46,66.37,63.94
18.60,18.60,26.48,62.28,61.90
20.55,20.55,27.06,65.76,63.35
19.40,19.40,27.21,63.33,61.05
18.98,18.98,24.35,64.04,62.94
20.69,20.69,25.01,63.37,60.74
20.13,20.13,29.89,62.88,60.90
17.25,17.25,25.88,65.79,65.04
13.60,13.60,24.38,62.50,62.00
14.72,14.72,24.56,64.51,63.73
13.36,13.36,24.40,61.73,60.58
15.47,15.47,22.49,66.00,65.03
12.97,12.97,18.92,63.82,61.76
12.53,12.53,18.56,68.09,61.70
15.24,15.24,20.04,66.16,62.06
13.44,13.44,18.69,67.24,64.19
17.19,17.19,18.82,64.25,61.84
20.42,20.42,21.95,72.39,63.46
19.66,19.66,24.01,66.61,61.51
17.47,17.47,20.31,70.72,64.33
15.82,15.82,23.95,66.40,61.02
15.20,15.20,25.05,68.52,63.53
15.24,15.24,23.73,65.53,62.93
16.96,16.96,20.88,70.66,63.15
19.22,19.22,23.11,68.51,62.86
20.04,20.04,20.92,69.28,62.71
17.27,17.27,20.83,63.69,62.07
14.54,14.54,19.68,70.22,61.63
15.59,15.59,13.70,65.12,60.18
16.14,16.14,12.50,70.77,59.15
12.02,12.02,12.98,69.31,64.27
12.59,12.59,12.20,64.10,62.88
10.70,10.70,13.13,68.75,63.40
11.43,11.43,14.36,69.14,64.08
12.79,12.79,14.10,69.38,60.92
12.43,12.43,14.89,68.88,61.45
14.96,14.96,19.78,69.90,62.82
14.41,14.41,21.17,67.23,62.81
13.38,13.38,23.40,68.90,63.58
11.30,11.30,21.43,68.64,62.59
13.66,13.66,25.10,69.13,64.65
14.53,14.53,23.72,65.72,62.69
14.50,14.50,23.90,66.91,63.02
13.30,13.30,24.07,71.34,62.01
12.31,12.31,24.35,69.92,63.39
12.00,12.00,20.67,69.08,62.40
11.35,11.35,22.65,66.69,62.74
13.40,13.40,23.72,69.25,65.04
16.38,16.38,23.02,65.87,63.26
18.60,18.60,21.23,67.96,63.12
14.77,14.77,21.25,68.04,62.21
14.51,14.51,22.99,70.03,63.47
13.98,13.98,22.03,68.63,59.82
15.11,15.11,24.26,68.39,63.66
14.57,14.57,24.05,70.21,64.97
13.71,13.71,25.61,66.87,63.00
15.65,15.65,26.33,66.77,63.31
17.67,17.67,23.73,66.61,61.78
20.07,20.07,23.38,68.76,62.21
17.00,17.00,23.01,66.30,61.59
17.23,17.23,29.13,67.11,62.83
17.60,17.60,29.06,68.77,61.08
14.85,14.85,26.19,70.38,59.78
16.40,16.40,25.78,67.08,61.10
17.35,17.35,25.47,69.88,61.13
20.15,20.15,28.75,68.82,61.65
16.77,16.77,25.98,66.36,62.84
16.01,16.01,26.60,67.40,61.59
20.11,20.11,27.24,66.65,61.02
18.60,18.60,25.16,68.19,64.32
14.90,14.90,25.67,63.11,62.24
18.77,18.77,24.60,68.73,62.25
23.63,23.63,24.81,53.79,60.31
22.58,22.58,27.50,57.96,61.67
17.28,17.28,22.07,59.68,56.97
18.67,18.67,21.80,49.09,57.04
22.03,22.03,26.64,58.95,59.77
15.79,15.79,22.44,66.59,63.31
18.44,18.44,17.43,71.53,63.95
13.46,13.46,19.43,72.17,63.34
13.50,13.50,22.84,67.06,64.29
12.92,12.92,21.27,71.76,62.01
13.17,13.17,23.87,70.56,63.95
14.48,14.48,23.41,68.75,63.09
17.49,17.49,24.28,72.15,62.47
15.68,15.68,21.90,70.60,63.68
13.70,13.70,27.09,67.96,63.58
13.96,13.96,25.01,72.80,62.83
14.78,14.78,24.33,69.85,59.45
16.84,16.84,23.23,68.82,60.15
17.01,17.01,25.36,72.01,61.70
16.29,16.29,25.48,69.30,58.45
14.10,14.10,24.21,70.25,60.73
11.69,11.69,25.68,72.23,61.83
13.29,13.29,26.10,67.47,61.83
14.58,14.58,25.49,69.72,62.22
14.24,14.24,25.21,71.80,59.90
12.34,12.34,27.23,68.74,62.83
12.06,12.06,24.43,68.53,63.47
15.04,15.04,30.31,68.72,64.94
14.87,14.87,29.53,66.10,63.68
12.21,12.21,26.35,55.73,60.82
20.57,20.57,27.17,52.82,60.79
20.77,20.77,30.54,56.73,58.90
23.63,23.63,29.42,54.58,57.72
23.52,23.52,29.85,54.97,58.55
13.15,13.15,25.57,56.20,58.75
10.31,10.31,24.65,54.22,59.48
7.65,7.65,23.93,69.07,63.11
8.13,8.13,19.42,70.70,62.59
8.15,8.15,16.52,69.75,62.85
12.68,12.68,20.18,68.93,63.17
9.40,9.40,26.67,69.93,64.71
8.02,8.02,25.78,68.48,62.43
9.73,9.73,25.53,70.86,61.37
13.18,13.18,25.66,67.92,60.63
11.83,11.83,28.99,73.25,63.02
11.61,11.61,28.51,65.68,63.63
12.02,12.02,25.54,70.13,62.96
14.28,14.28,25.79,67.68,60.45
13.28,13.28,29.66,70.78,60.96
14.42,14.42,29.66,70.21,58.82
17.59,17.59,31.08,68.77,58.11
16.57,16.57,32.03,71.94,60.03
20.73,20.73,27.15,68.38,58.93
22.59,22.59,27.56,70.51,58.47
27.65,27.65,28.17,68.03,56.60
29.25,29.25,28.11,72.44,59.85
27.56,27.56,27.26,68.00,56.84
23.77,23.77,26.37,70.37,58.58
19.54,19.54,25.04,68.43,56.93
15.97,15.97,30.97,70.48,61.06
14.39,14.39,27.94,67.68,60.98
18.14,18.14,29.20,67.35,58.67
20.38,20.38,26.06,63.11,58.13
22.23,22.23,24.00,65.11,57.10
24.35,24.35,29.82,61.58,59.18
20.92,20.92,23.63,53.73,56.61
17.61,17.61,22.75,61.26,56.71
14.95,14.95,24.99,67.75,60.83
18.51,18.51,21.24,68.34,59.84
12.85,12.85,21.79,72.82,58.62
22.62,22.62,23.66,70.49,58.04
24.44,24.44,26.04,71.12,57.35
20.07,20.07,28.10,72.51,57.78
17.90,17.90,30.77,69.21,55.53
17.78,17.78,30.72,72.15,54.35
22.28,22.28,29.72,72.30,58.92
23.53,23.53,27.15,69.02,57.18
31.81,31.81,27.82,70.72,57.21
32.10,32.10,25.32,71.21,56.91
33.07,33.07,26.43,70.27,56.34
27.75,27.75,27.44,71.71,54.74
24.33,24.33,26.87,70.41,57.51
21.73,21.73,26.66,67.71,57.96
21.96,21.96,27.39,69.11,60.55
25.16,25.16,26.52,69.44,59.46
31.67,31.67,25.33,63.84,55.87
31.28,31.28,24.31,68.63,57.90
30.24,30.24,25.48,64.09,57.14
32.24,32.24,27.64,65.68,58.88
28.45,28.45,26.61,69.28,56.26
28.74,28.74,32.06,63.53,58.23
26.80,26.80,30.49,70.32,57.21
29.32,29.32,32.30,62.67,57.10
29.13,29.13,29.21,71.65,59.90
29.28,29.28,32.55,63.33,57.70
29.67,29.67,33.21,72.84,54.06
28.24,28.24,31.34,57.51,54.89
26.41,26.41,31.11,67.89,56.26
26.10,26.10,36.27,67.31,57.85
31.45,31.45,34.59,69.29,60.56
35.54,35.54,31.47,68.82,57.70
37.31,37.31,32.90,63.75,59.04
36.67,36.67,30.59,70.09,59.35
33.47,33.47,31.61,62.32,57.13
35.38,35.38,27.11,70.70,58.55
35.72,35.72,31.58,62.26,56.54
31.35,31.35,34.57,68.79,59.05
33.97,33.97,33.76,64.39,57.04
35.55,35.55,30.70,66.84,57.11
36.88,36.88,30.49,67.05,57.28
36.74,36.74,31.26,65.07,57.27
36.07,36.07,30.88,69.05,56.65
34.67,34.67,31.36,65.25,54.82
40.11,40.11,32.73,69.22,57.55
35.84,35.84,34.68,65.43,56.28
34.84,34.84,30.20,69.94,57.49
38.04,38.04,31.57,62.70,55.76
36.64,36.64,29.44,68.75,57.81
36.44,36.44,29.70,66.26,54.95
35.01,35.01,29.74,66.67,56.09
34.99,34.99,28.25,66.93,54.87
33.00,33.00,33.40,66.18,56.11
43.22,43.22,33.10,69.68,55.02
45.47,45.47,31.50,65.84,56.29
43.54,43.54,30.93,68.33,56.51
43.23,43.23,30.22,67.53,56.87
38.21,38.21,29.04,64.04,56.04
40.41,40.41,27.15,63.34,56.61
38.25,38.25,25.82,52.58,53.74
31.42,31.42,32.16,63.26,58.49
32.73,32.73,33.38,70.08,59.02
33.77,33.77,30.25,71.17,57.53
33.56,33.56,27.42,72.55,57.39
35.41,35.41,28.97,67.99,56.32
34.28,34.28,29.33,71.74,57.03
36.01,36.01,29.22,70.44,58.14
37.92,37.92,28.69,66.69,58.23
36.02,36.02,32.25,72.35,58.48
36.40,36.40,29.16,69.06,56.47
36.64,36.64,30.30,67.61,59.23
35.95,35.95,30.66,73.81,57.97
35.98,35.98,29.00,69.04,55.66
35.13,35.13,31.05,67.01,57.17
33.88,33.88,30.57,72.90,57.46
29.57,29.57,30.23,68.29,52.96
35.11,35.11,33.38,69.28,58.20
39.19,39.19,29.25,73.30,58.37
42.41,42.41,32.06,65.97,57.76
39.63,39.63,35.53,69.79,58.97
41.57,41.57,30.32,67.94,55.80
37.39,37.39,25.77,68.20,56.44
37.62,37.62,29.38,67.35,57.55
35.17,35.17,33.35,70.02,57.62
36.56,36.56,36.17,66.83,59.62
40.03,40.03,32.15,66.78,58.05
40.21,40.21,31.10,69.37,55.16
38.09,38.09,33.16,62.72,56.80
42.88,42.88,30.35,57.46,54.76
37.19,37.19,30.40,55.00,54.62
40.35,40.35,30.27,60.08,54.35
43.54,43.54,32.77,59.68,57.94
36.49,36.49,32.32,68.72,57.08
36.21,36.21,29.75,63.52,56.30
36.75,36.75,31.63,68.23,56.16
36.79,36.79,32.01,68.37,55.39
38.39,38.39,31.18,67.80,55.27
36.53,36.53,32.42,72.32,53.45
35.29,35.29,32.97,68.27,53.83
32.87,32.87,33.45,69.74,54.53
44.43,44.43,33.23,64.99,57.35
43.65,43.65,31.75,71.70,57.57
42.51,42.51,37.13,63.98,56.11
44.58,44.58,26.39,70.34,56.18
40.76,40.76,30.14,67.16,55.89
43.93,43.93,30.68,67.33,56.60
42.91,42.91,32.05,69.66,55.80
46.28,46.28,34.12,67.24,57.65
41.87,41.87,35.69,71.37,57.66
46.16,46.16,32.61,66.09,54.94
43.36,43.36,29.82,69.67,55.84
42.80,42.80,26.28,65.68,54.54
44.99,44.99,30.29,70.88,56.06
39.51,39.51,32.17,64.69,56.11
42.87,42.87,34.27,70.96,57.65
40.44,40.44,35.13,67.12,58.00
38.54,38.54,32.06,66.29,57.44
41.98,41.98,29.83,67.36,58.32
40.13,40.13,26.53,66.18,56.45
39.63,39.63,26.47,68.66,58.32
36.95,36.95,28.09,65.36,57.98
29.91,29.91,24.79,60.86,56.11
25.17,25.17,22.12,56.66,58.24
20.83,20.83,21.32,65.43,62.43
23.41,23.41,17.40,72.03,61.87
29.65,29.65,19.21,71.39,62.64
32.23,32.23,22.50,62.36,58.19
32.13,32.13,21.31,70.38,62.30
30.84,30.84,19.11,74.20,60.17
36.56,36.56,23.72,65.14,57.15
37.13,37.13,22.59,73.02,59.28
41.17,41.17,27.84,72.33,61.89
39.94,39.94,22.04,66.00,60.59
40.04,40.04,19.63,69.60,61.56
35.53,35.53,23.66,71.58,60.85
36.70,36.70,19.96,68.60,61.76
36.96,36.96,24.53,69.27,60.85
40.96,40.96,21.93,64.11,60.08
40.63,40.63,24.29,62.95,60.65
36.90,36.90,24.05,67.76,57.95
38.51,38.51,20.36,68.52,58.33
40.01,40.01,21.37,68.64,56.77
40.84,40.84,21.39,69.15,56.66
39.67,39.67,28.17,68.44,54.85
35.18,35.18,29.37,65.83,55.41
29.83,29.83,28.99,69.45,58.27
30.48,30.48,32.64,67.35,58.24
34.71,34.71,28.10,69.55,62.11
39.14,39.14,27.04,68.97,60.74
41.50,41.50,26.54,68.55,60.25
41.99,41.99,24.05,68.22,57.84
38.20,38.20,23.47,69.83,59.03
37.54,37.54,28.45,70.10,58.89
38.52,38.52,27.65,66.56,58.97
39.58,39.58,30.72,67.01,62.48
36.23,36.23,28.78,66.64,61.95
35.32,35.32,30.87,67.60,62.25
34.80,34.80,27.96,69.01,61.19
33.14,33.14,29.58,66.61,59.80
38.63,38.63,28.80,68.26,59.73
38.03,38.03,30.25,67.03,59.39
40.21,40.21,32.40,68.77,59.09
34.10,34.10,27.78,67.33,58.35
37.20,37.20,26.43,67.32,58.57
40.65,40.65,29.22,66.83,55.69
39.78,39.78,31.82,67.29,55.82
39.91,39.91,27.88,65.56,53.88
34.80,34.80,33.35,69.44,53.93
34.65,34.65,26.45,65.32,53.71
33.30,33.30,33.61,66.67,56.41
39.52,39.52,33.48,65.57,57.73
40.71,40.71,30.65,65.40,60.16
42.72,42.72,35.50,64.70,60.24
41.40,41.40,29.32,66.24,57.58
40.53,40.53,30.82,67.94,57.57
41.27,41.27,34.66,64.96,58.05
44.07,44.07,26.37,66.57,57.01
45.37,45.37,32.30,64.51,58.35
44.66,44.66,30.01,63.72,58.78
44.31,44.31,28.87,66.07,56.82
40.67,40.67,31.67,66.18,57.03
41.32,41.32,35.28,59.38,57.44
38.87,38.87,32.50,56.96,56.26
38.84,38.84,27.19,55.16,55.69
34.17,34.17,27.02,56.12,57.71
24.05,24.05,27.36,63.44,59.78
25.54,25.54,25.41,69.21,59.74
28.05,28.05,22.43,66.67,59.15
27.11,27.11,24.59,65.55,58.37
30.10,30.10,22.28,71.10,56.60
27.21,27.21,23.12,64.92,57.27
25.06,25.06,23.76,66.28,55.72
21.17,21.17,26.10,71.51,57.09
27.11,27.11,24.37,64.28,56.90
32.56,32.56,25.79,68.00,61.53
36.98,36.98,23.69,68.63,61.74
34.00,34.00,26.19,65.19,59.05
36.39,36.39,24.18,69.11,58.68
37.20,37.20,25.70,68.03,58.30
39.57,39.57,24.55,62.84,56.40
38.60,38.60,26.79,70.31,58.80
39.71,39.71,31.50,67.19,59.38
42.55,42.55,27.34,63.40,57.61
36.78,36.78,25.93,70.31,58.80
38.29,38.29,24.77,66.58,58.52
34.22,34.22,23.26,64.80,57.61
41.34,41.34,27.18,71.37,56.20
36.52,36.52,22.49,63.47,55.69
32.07,32.07,26.57,68.10,57.20
30.42,30.42,26.55,63.45,58.86
31.79,31.79,26.10,71.42,60.24
37.70,37.70,29.41,68.61,61.06
39.06,39.06,30.89,70.75,57.08
39.93,39.93,28.51,70.21,56.72
31.25,31.25,27.63,68.35,62.52
25.63,25.63,24.68,70.28,64.35
26.56,26.56,27.27,63.93,61.73
31.97,31.97,21.98,73.88,62.52
32.62,32.62,19.74,58.60,64.34
31.86,31.86,22.49,71.18,61.10
30.21,30.21,20.95,66.76,60.44
33.31,33.31,19.63,72.05,57.50
33.82,33.82,24.77,66.24,59.16
36.14,36.14,23.06,63.61,57.92
39.15,39.15,26.29,66.81,59.22
38.38,38.38,26.05,67.18,57.70
39.43,39.43,27.45,66.28,57.74
35.14,35.14,26.86,61.88,58.78
32.88,32.88,24.86,72.72,60.08
36.91,36.91,23.75,66.42,61.56
35.46,35.46,23.08,71.78,60.46
33.23,33.23,21.72,63.16,59.07
27.34,27.34,25.45,69.30,60.92
28.02,28.02,21.98,62.22,58.83
29.92,29.92,21.11,65.24,58.54
33.65,33.65,26.34,67.95,57.00
34.08,34.08,26.63,68.42,56.30
30.12,30.12,27.70,65.66,56.45
25.71,25.71,25.97,66.04,57.62
25.11,25.11,30.56,67.83,57.82
34.82,34.82,27.28,67.72,58.08
39.66,39.66,23.01,65.30,59.98
38.71,38.71,23.67,68.23,59.60
37.45,37.45,25.79,69.35,57.40
38.38,38.38,25.25,68.64,56.66
41.12,41.12,23.53,68.10,56.69
42.57,42.57,21.68,69.51,56.54
43.33,43.33,21.54,67.52,57.78
42.39,42.39,20.73,62.64,58.48
42.60,42.60,18.57,65.00,57.34
42.37,42.37,19.83,67.03,56.23
43.85,43.85,22.37,64.07,58.46
41.63,41.63,21.08,67.04,58.28
38.61,38.61,18.50,65.31,56.80
34.65,34.65,20.91,68.09,58.86
26.64,26.64,24.81,63.37,61.78
24.01,24.01,18.61,64.68,60.72
30.77,30.77,19.78,65.42,59.56
33.99,33.99,21.36,66.38,58.54
34.22,34.22,20.50,69.41,58.69
34.22,34.22,17.94,67.90,59.01
29.05,29.05,15.23,66.71,58.35
28.66,28.66,15.90,62.49,57.52
32.32,32.32,19.53,69.61,59.21
42.94,42.94,16.11,70.04,61.60
39.90,39.90,15.30,67.88,60.29
39.37,39.37,16.38,68.64,58.86
39.77,39.77,18.28,71.23,59.48
42.33,42.33,22.08,68.07,56.36
42.70,42.70,21.70,70.66,57.45
44.34,44.34,22.07,66.93,58.28
43.51,43.51,24.26,69.47,59.04
43.05,43.05,22.75,67.13,59.51
41.77,41.77,20.42,68.55,60.17
39.14,39.14,20.38,67.37,59.60
39.03,39.03,22.63,67.59,59.98
42.00,42.00,22.38,67.67,60.27
38.96,38.96,24.74,67.59,59.58
38.66,38.66,30.13,69.54,61.22
32.25,32.25,26.43,66.28,59.80
34.15,34.15,21.74,70.92,57.78
36.67,36.67,23.30,65.82,59.10
36.46,36.46,22.93,70.04,59.76
35.88,35.88,29.67,65.91,60.36
30.39,30.39,36.65,67.98,56.94
30.72,30.72,30.71,67.59,57.19
30.22,30.22,33.44,65.42,57.27
43.69,43.69,30.24,68.27,59.76
46.69,46.69,27.61,63.51,59.58
43.91,43.91,30.88,66.77,57.70
42.74,42.74,28.40,63.09,59.07
45.47,45.47,29.60,69.23,56.29
45.49,45.49,31.86,63.78,56.41
47.09,47.09,29.63,67.84,54.92
47.47,47.47,31.07,63.30,57.19
46.33,46.33,30.78,66.38,56.54
47.82,47.82,28.26,65.67,56.84
45.64,45.64,29.90,64.74,56.75
46.89,46.89,29.71,68.00,55.60
45.39,45.39,30.17,65.90,55.24
44.11,44.11,30.36,67.70,54.96
47.08,47.08,33.59,64.07,56.75
38.56,38.56,36.78,67.97,58.08
40.25,40.25,33.08,63.98,55.52
40.79,40.79,33.74,67.16,56.59
44.36,44.36,32.82,59.70,56.27
42.35,42.35,35.46,54.03,53.88
42.36,42.36,34.81,56.40,53.39
36.32,36.32,29.92,52.00,51.62
35.35,35.35,29.70,59.23,52.53
37.27,37.27,33.72,63.85,56.25
45.89,45.89,25.63,72.46,56.93
47.22,47.22,24.72,60.77,57.45
43.79,43.79,24.25,65.54,54.63
46.04,46.04,25.74,70.45,54.25
45.78,45.78,25.18,64.57,52.92
46.80,46.80,25.25,67.69,52.48
49.58,49.58,25.38,67.37,55.09
46.62,46.62,29.07,64.06,54.91
49.71,49.71,29.35,70.71,54.43
46.94,46.94,29.14,69.48,54.27
47.27,47.27,31.60,65.56,51.71
44.41,44.41,32.18,70.62,53.49
46.93,46.93,31.75,67.98,54.08
43.91,43.91,32.70,64.01,52.43
40.74,40.74,36.82,70.78,55.10
35.26,35.26,36.08,64.11,54.51
39.73,39.73,32.68,64.73,55.25
41.36,41.36,34.63,71.47,53.34
42.86,42.86,34.75,65.01,53.57
42.40,42.40,34.69,66.21,49.89
35.54,35.54,32.64,70.07,51.45
33.14,33.14,32.37,70.34,51.58
29.54,29.54,36.01,69.03,56.37
45.14,45.14,32.59,64.50,56.21
46.55,46.55,33.36,56.98,54.92
45.24,45.24,32.93,59.36,53.77
45.40,45.40,33.46,57.75,53.12
47.46,47.46,32.90,56.31,51.18
47.82,47.82,34.16,55.41,51.96
49.07,49.07,29.09,54.79,49.28
49.51,49.51,30.76,69.74,53.97
47.20,47.20,29.07,67.47,51.58
49.65,49.65,30.44,71.51,51.47
48.03,48.03,31.51,64.71,50.49
45.08,45.08,32.14,67.42,51.32
47.10,47.10,32.67,68.21,48.51
45.93,45.93,34.20,62.93,50.25
46.15,46.15,36.44,67.96,51.09
41.66,41.66,39.17,65.62,53.08
40.95,40.95,38.95,70.70,50.96
45.17,45.17,36.88,61.02,49.43
44.72,44.72,36.29,69.40,51.33
44.02,44.02,39.10,65.66,48.27
40.45,40.45,40.37,71.46,50.13
36.14,36.14,35.08,62.64,48.30
36.58,36.58,36.65,67.36,51.78
44.24,44.24,37.22,66.05,53.68
48.80,48.80,37.87,65.97,52.92
48.74,48.74,37.50,66.85,51.67
46.90,46.90,34.15,65.55,48.76
46.60,46.60,36.27,71.35,48.57
46.66,46.66,37.09,62.57,47.13
47.52,47.52,36.59,70.50,46.44
48.46,48.46,40.20,65.08,49.56
46.11,46.11,37.31,70.49,50.28
48.67,48.67,37.39,66.38,48.25
48.56,48.56,37.07,68.41,48.68
46.93,46.93,34.16,69.20,45.94
43.73,43.73,32.58,64.22,46.55
45.82,45.82,32.85,63.92,48.23
45.97,45.97,34.88,65.52,47.94
39.90,39.90,38.35,69.37,53.74
36.76,36.76,33.72,65.11,51.93
40.03,40.03,31.74,74.25,48.52
43.26,43.26,32.81,66.87,49.25
41.58,41.58,33.62,73.97,52.77
40.45,40.45,35.24,69.53,47.81
35.12,35.12,31.33,73.19,52.13
34.65,34.65,32.84,65.91,49.80
35.15,35.15,34.68,72.22,51.58
47.67,47.67,37.61,70.45,52.44
46.03,46.03,35.69,72.92,54.04
43.18,43.18,34.33,71.06,49.89
43.83,43.83,32.72,69.62,52.48
44.00,44.00,32.55,69.84,50.68
44.14,44.14,32.00,71.05,50.45
47.58,47.58,30.17,68.18,49.80
46.10,46.10,30.67,66.10,54.03
44.46,44.46,29.21,69.92,51.20
47.47,47.47,28.29,67.89,49.28
46.32,46.32,27.47,64.69,46.67
42.66,42.66,28.18,71.56,47.46
44.46,44.46,27.80,60.95,45.33
39.80,39.80,33.63,71.44,51.99
37.03,37.03,36.00,62.13,52.69
35.38,35.38,36.52,66.78,57.09
35.99,35.99,30.47,58.43,54.47
39.08,39.08,33.22,68.23,57.40
39.05,39.05,34.28,65.67,55.79
38.70,38.70,35.27,64.06,54.40
32.25,32.25,31.17,68.86,54.38
32.42,32.42,29.80,63.13,51.15
31.44,31.44,33.40,70.02,56.03
41.58,41.58,35.27,62.59,53.55
44.17,44.17,33.46,70.10,56.07
41.52,41.52,33.46,61.83,51.95
40.76,40.76,33.23,67.00,52.75
40.80,40.80,33.09,63.57,51.73
41.05,41.05,33.83,67.25,52.16
43.32,43.32,34.25,68.36,51.38
42.31,42.31,36.20,63.76,52.12
43.23,43.23,37.79,64.77,51.10
44.64,44.64,35.58,62.16,50.15
41.47,41.47,35.47,70.00,50.02
40.49,40.49,35.95,63.73,45.62
38.55,38.55,36.16,70.46,48.85
39.14,39.14,37.30,64.02,44.52
39.95,39.95,37.64,67.50,50.38
33.85,33.85,41.70,64.84,49.55
35.35,35.35,37.76,66.77,53.32
35.59,35.59,36.01,66.50,50.63
38.24,38.24,37.07,65.99,51.38
38.18,38.18,37.34,67.37,50.88
36.43,36.43,35.61,63.92,50.51
31.46,31.46,32.61,68.59,50.76
30.43,30.43,33.87,65.17,49.43
31.46,31.46,37.11,69.37,54.02
41.64,41.64,36.55,60.89,50.85
42.73,42.73,36.39,62.83,51.56
38.95,38.95,35.14,59.54,50.23
39.82,39.82,35.29,61.47,52.98
39.47,39.47,32.75,57.39,44.45
39.82,39.82,35.09,50.77,44.42
39.23,39.23,40.01,57.29,48.71
37.09,37.09,38.36,68.87,48.12
40.79,40.79,37.89,70.85,47.76
38.30,38.30,37.29,73.84,47.51
37.63,37.63,35.32,71.06,45.35
34.46,34.46,34.49,70.32,43.66
38.62,38.62,34.78,71.77,44.63
36.18,36.18,36.78,70.08,43.54
34.07,34.07,38.77,70.95,45.16
30.55,30.55,37.97,71.56,48.69
33.82,33.82,35.90,67.91,47.40
34.42,34.42,37.08,72.77,46.86
35.20,35.20,37.29,70.98,44.75
35.01,35.01,36.24,68.30,45.41
28.62,28.62,33.76,72.83,45.68
28.18,28.18,32.39,68.96,45.72
28.58,28.58,38.70,68.90,49.53
38.92,38.92,39.65,72.63,49.07
38.36,38.36,38.89,67.05,47.05
35.96,35.96,35.73,69.48,47.63
35.45,35.45,36.75,72.75,44.81
36.39,36.39,34.33,68.64,44.30
33.89,33.89,35.21,68.11,46.68
32.18,32.18,39.72,68.68,49.44
33.16,33.16,40.93,69.43,49.88
33.80,33.80,36.65,56.89,49.41
37.39,37.39,35.31,54.27,48.01
35.02,35.02,36.58,57.27,47.10
32.60,32.60,37.39,49.23,45.18
35.14,35.14,36.77,55.74,45.37
32.56,32.56,36.85,57.28,44.81
31.87,31.87,37.66,55.23,47.64
25.43,25.43,35.40,69.57,51.48
26.89,26.89,32.26,72.63,52.19
29.58,29.58,30.81,69.44,48.85
30.92,30.92,31.84,71.51,50.29
33.16,33.16,31.98,67.19,47.95
29.91,29.91,33.18,72.07,49.94
25.98,25.98,32.29,68.88,46.45
24.86,24.86,32.43,70.26,49.94
30.39,30.39,36.23,70.73,48.43
34.53,34.53,36.59,71.14,49.93
33.76,33.76,35.36,71.98,49.05
34.26,34.26,32.22,66.44,47.23
32.76,32.76,35.78,72.66,48.10
32.68,32.68,34.55,68.58,43.64
32.44,32.44,38.00,70.42,45.80
34.87,34.87,37.11,68.06,44.71
34.46,34.46,35.37,70.81,48.58
35.68,35.68,34.99,69.69,46.97
35.61,35.61,33.40,69.64,47.10
33.44,33.44,33.05,70.76,46.27
29.04,29.04,31.55,68.50,44.35
33.45,33.45,31.81,72.49,46.07
31.32,31.32,33.43,66.66,45.63
30.60,30.60,41.41,72.31,49.35
24.87,24.87,35.05,66.56,46.77
27.78,27.78,34.98,67.01,49.45
29.53,29.53,32.69,64.77,45.91
31.01,31.01,31.77,61.92,49.53
28.14,28.14,31.29,58.11,43.17
24.25,24.25,33.33,56.98,45.70
23.00,23.00,35.40,62.40,42.37
23.56,23.56,36.92,69.08,45.02
30.14,30.14,36.86,71.42,44.35
27.62,27.62,34.32,68.11,44.19
30.03,30.03,33.14,70.72,43.53
30.05,30.05,31.72,68.08,44.64
29.17,29.17,31.75,73.66,44.03
30.37,30.37,33.36,71.15,41.22
32.91,32.91,34.68,73.49,43.38
32.00,32.00,33.75,66.39,44.47
32.76,32.76,32.81,72.78,46.26
33.68,33.68,33.22,66.19,45.73
30.25,30.25,29.37,72.74,45.20
30.33,30.33,31.25,69.39,41.32
31.86,31.86,29.33,66.57,45.64
29.19,29.19,31.33,67.54,47.03
29.76,29.76,35.18,67.55,48.06
25.25,25.25,32.62,69.80,46.48
26.61,26.61,31.46,72.23,49.93
28.45,28.45,30.39,64.49,44.45
28.73,28.73,28.25,70.77,49.71
29.21,29.21,28.98,64.74,46.23
24.10,24.10,28.08,69.10,48.57
23.98,23.98,29.22,67.62,48.62
26.34,26.34,37.24,67.86,50.49
26.58,26.58,35.80,67.35,50.70
28.37,28.37,34.95,63.96,51.84
27.81,27.81,32.59,71.86,53.52
27.56,27.56,30.60,63.69,49.29
28.11,28.11,33.36,72.21,51.62
28.29,28.29,34.27,63.47,44.87
31.47,31.47,31.45,69.84,47.14
31.91,31.91,33.17,66.05,46.23
31.42,31.42,33.25,71.18,51.84
33.86,33.86,33.61,67.68,51.02
36.58,36.58,35.50,64.24,50.99
43.67,43.67,38.07,69.59,54.03
40.63,40.63,38.12,65.21,55.19
45.45,45.45,35.23,69.11,57.18
50.28,50.28,36.11,61.91,58.17
51.29,51.29,34.72,69.78,56.20
50.80,50.80,33.72,64.48,56.06
49.59,49.59,35.41,68.49,56.47
44.81,44.81,38.52,66.13,53.16
44.00,44.00,36.34,67.79,54.90
43.15,43.15,34.62,67.37,53.40
38.27,38.27,34.80,65.56,52.35
36.70,36.70,35.70,66.78,53.25
35.71,35.71,38.94,66.32,52.14
35.30,35.30,35.89,68.82,49.72
34.33,34.33,32.75,63.18,47.38
33.35,33.35,29.86,68.96,51.58
37.92,37.92,32.39,63.65,48.74
35.66,35.66,30.73,66.24,55.43
36.38,36.38,33.39,65.75,53.94
36.04,36.04,31.26,64.16,53.68
40.50,40.50,31.96,68.19,53.29
53.90,53.90,31.41,66.96,54.26
58.00,58.00,34.35,62.10,49.42
58.40,58.40,36.09,63.58,48.19
57.44,57.44,35.44,52.81,47.21
59.07,59.07,34.06,57.15,45.40
59.73,59.73,32.89,52.89,45.52
58.36,58.36,35.97,64.87,47.56
53.48,53.48,33.68,71.29,48.46
44.85,44.85,32.90,73.20,50.34
40.98,40.98,32.53,74.36,51.99
41.74,41.74,36.22,70.09,50.81
37.90,37.90,34.91,71.82,51.71
37.30,37.30,33.05,72.88,51.46
36.33,36.33,32.59,70.11,52.74
37.71,37.71,34.83,72.86,52.60
37.54,37.54,35.77,72.60,49.26
52.88,52.88,48.94,71.56,51.04
56.43,56.43,50.12,73.39,48.86
54.67,54.67,47.86,72.85,48.96
49.03,49.03,42.27,70.78,49.15
37.16,37.16,40.22,73.63,50.42
35.54,35.54,40.88,71.23,52.87
32.66,32.66,39.79,70.39,50.33
30.75,30.75,38.60,74.20,47.90
33.62,33.62,40.32,69.77,42.34
44.72,44.72,54.12,72.22,48.03
46.02,46.02,54.86,69.86,45.09
36.65,36.65,48.86,67.48,46.79
32.65,32.65,46.59,69.14,51.68
33.82,33.82,48.81,68.52,50.90
30.04,30.04,45.70,67.42,54.37
32.22,32.22,44.89,59.94,51.88
33.48,33.48,43.18,57.86,47.40
32.71,32.71,42.92,57.49,50.21
33.73,33.73,43.53,52.83,52.38
31.91,31.91,42.01,56.55,46.03
31.76,31.76,41.22,59.13,48.80
28.90,28.90,43.26,58.23,48.71
22.97,22.97,45.07,73.87,51.21
28.02,28.02,54.81,62.37,46.95
24.61,24.61,49.12,72.60,52.55
25.65,25.65,46.18,64.76,49.71
27.77,27.77,45.19,69.26,51.27
30.99,30.99,45.50,61.85,47.22
29.85,29.85,42.70,67.92,50.03
28.91,28.91,41.20,67.87,48.19
28.26,28.26,40.52,66.48,48.70
31.19,31.19,41.95,69.27,52.58
31.65,31.65,43.57,66.07,52.59
30.34,30.34,43.61,70.10,53.66
29.65,29.65,43.15,62.01,55.39
31.19,31.19,42.59,71.22,53.47
29.91,29.91,44.06,63.63,49.31
32.21,32.21,45.84,69.72,50.58
30.53,30.53,42.57,64.00,49.42
29.03,29.03,41.03,68.38,49.48
27.02,27.02,40.90,67.43,50.21
27.07,27.07,39.66,66.79,49.86
29.03,29.03,39.17,69.59,52.42
29.69,29.69,39.62,65.08,56.86
31.22,31.22,38.70,69.92,56.98
31.11,31.11,38.44,65.37,59.31
32.03,32.03,39.09,70.17,61.17
32.26,32.26,41.40,64.23,59.63
36.60,36.60,42.58,68.66,61.24
34.40,34.40,41.59,62.78,60.61
34.58,34.58,40.88,67.41,59.99
35.83,35.83,38.27,62.42,61.70
35.99,35.99,37.28,52.01,62.65
35.59,35.59,38.39,66.10,62.49
34.96,34.96,36.33,73.55,62.88
34.69,34.69,37.49,64.36,64.32
36.06,36.06,40.33,73.16,64.83
34.77,34.77,40.12,65.27,64.57
33.79,33.79,36.50,74.13,62.75
32.47,32.47,35.70,62.22,64.03
32.92,32.92,36.23,74.24,63.19
32.24,32.24,37.72,64.99,63.12
31.73,31.73,37.73,72.55,62.76
31.06,31.06,36.35,65.91,62.31
32.98,32.98,35.80,73.84,59.33
31.44,31.44,35.16,64.98,56.16
30.52,30.52,34.72,72.36,52.71
33.22,33.22,34.20,66.18,52.87
37.94,37.94,34.76,66.89,57.51
36.66,36.66,34.75,60.70,61.60
36.94,36.94,33.89,71.16,62.43
37.71,37.71,32.69,67.02,62.06
37.11,37.11,31.36,68.98,62.31
34.97,34.97,32.60,66.25,57.06
34.29,34.29,33.44,69.84,52.28
30.65,30.65,33.00,63.75,51.08
34.37,34.37,35.14,70.11,55.98
34.27,34.27,31.97,67.98,55.67
35.16,35.16,33.01,69.91,55.68
39.08,39.08,33.90,65.04,55.59
35.46,35.46,33.24,68.36,55.92
34.65,34.65,33.06,67.06,55.49
33.24,33.24,33.38,67.92,57.75
34.62,34.62,33.68,66.97,60.18
35.95,35.95,32.56,64.26,59.85
33.51,33.51,30.72,66.52,60.08
33.58,33.58,30.29,63.62,59.04
35.75,35.75,33.58,70.80,58.46
35.92,35.92,37.48,65.71,58.42
42.78,42.78,44.82,66.41,58.02
58.66,58.66,54.95,64.71,54.94
56.88,56.88,51.73,69.76,52.54
54.54,54.54,49.67,67.89,54.50
49.77,49.77,45.51,68.48,53.26
40.98,40.98,44.55,64.77,53.11
40.41,40.41,43.33,65.57,54.37
36.90,36.90,40.82,70.00,54.13
37.40,37.40,43.88,62.79,50.47
35.84,35.84,46.37,68.74,52.30
36.56,36.56,46.91,66.89,48.83
35.32,35.32,45.75,66.76,48.20
35.06,35.06,46.41,64.93,51.47
35.46,35.46,45.70,68.14,53.80
34.99,34.99,46.84,67.60,53.12
35.20,35.20,46.35,66.09,51.11
38.11,38.11,46.43,66.34,50.77
37.48,37.48,46.05,62.92,49.65
42.47,42.47,47.61,69.44,49.35
50.00,50.00,48.67,59.53,51.00
53.39,53.39,45.72,62.94,52.33
53.44,53.44,46.03,56.09,53.54
50.13,50.13,45.22,56.98,50.65
43.55,43.55,44.34,60.11,51.01
37.60,37.60,41.33,55.11,48.06
36.73,36.73,41.84,56.70,44.13
35.85,35.85,45.02,58.91,47.07
34.62,34.62,47.12,69.19,49.94
32.48,32.48,48.40,66.02,49.73
34.32,34.32,46.95,65.52,50.56
34.95,34.95,45.99,72.54,48.31
33.81,33.81,39.85,66.92,50.11
34.04,34.04,39.86,67.09,50.42
32.21,32.21,39.07,71.49,45.65
32.09,32.09,38.13,67.24,43.70
35.38,35.38,41.11,69.44,49.20
32.79,32.79,40.79,70.99,50.90
34.90,34.90,42.30,67.21,48.87
35.47,35.47,43.97,70.48,51.13
34.14,34.14,41.73,68.82,45.84
31.60,31.60,41.62,65.21,45.55
30.59,30.59,43.80,70.39,47.07
33.19,33.19,45.26,68.50,47.99
32.63,32.63,43.24,64.45,47.19
31.97,31.97,37.86,69.60,52.90
32.78,32.78,38.92,66.84,49.73
33.78,33.78,37.69,63.18,49.18
34.90,34.90,37.51,71.34,48.82
36.48,36.48,39.21,67.61,50.34
35.51,35.51,42.65,68.15,47.16
36.06,36.06,46.98,67.91,47.01
34.80,34.80,47.54,71.78,49.65
34.27,34.27,45.56,68.02,55.77
35.77,35.77,42.44,68.74,54.71
33.66,33.66,39.29,56.76,52.97
32.29,32.29,38.07,58.60,51.87
30.27,30.27,37.58,60.04,49.93
31.03,31.03,37.69,64.04,48.42
24.48,24.48,38.09,71.55,48.50
26.19,26.19,37.83,69.27,45.01
31.79,31.79,45.12,70.78,50.50
33.39,33.39,46.20,67.77,47.36
33.06,33.06,42.17,67.50,52.54
32.73,32.73,40.26,71.71,47.87
32.97,32.97,39.69,68.31,51.34
30.77,30.77,38.18,71.52,50.54
31.31,31.31,37.49,69.07,51.36
32.24,32.24,37.99,73.41,49.36
32.79,32.79,36.93,67.82,48.93
31.67,31.67,35.17,71.42,52.04
33.94,33.94,36.17,67.61,51.44
35.73,35.73,38.10,66.05,52.02
34.89,34.89,37.47,64.69,52.52
33.58,33.58,37.73,68.62,54.37
32.45,32.45,36.96,67.38,51.35
32.38,32.38,36.44,68.94,50.76
35.00,35.00,37.58,70.82,48.39
33.06,33.06,37.37,71.44,49.12
27.18,27.18,38.46,72.18,47.88
22.69,22.69,39.96,73.04,44.00
28.24,28.24,49.21,72.05,53.75
31.67,31.67,51.69,72.07,50.93
34.08,34.08,51.98,72.23,52.76
34.97,34.97,50.71,73.63,52.09
35.93,35.93,51.18,73.03,50.34
33.62,33.62,49.57,71.50,49.74
31.31,31.31,45.92,66.50,48.83
25.96,25.96,40.71,70.81,46.56
26.65,26.65,40.98,69.71,49.52
25.12,25.12,37.84,72.44,55.05
26.79,26.79,36.76,70.92,53.16
28.99,28.99,36.35,71.79,55.97
29.37,29.37,35.19,70.51,54.03
29.23,29.23,34.78,73.18,52.15
28.19,28.19,34.33,71.79,55.37
29.30,29.30,35.06,71.67,54.67
32.01,32.01,36.45,73.02,54.70
28.90,28.90,35.44,73.66,52.95
29.77,29.77,37.50,71.74,48.79
30.11,30.11,36.45,73.70,53.77
31.33,31.33,36.14,71.47,51.08
31.96,31.96,35.51,70.47,53.54
30.14,30.14,33.65,63.66,53.22
32.59,32.59,33.65,68.70,55.23
31.06,31.06,34.88,69.14,50.70
29.90,29.90,33.34,73.02,52.16
33.09,33.09,34.22,72.53,51.34
33.90,33.90,33.35,72.60,49.42
35.17,35.17,33.93,70.39,51.15
36.06,36.06,36.40,73.11,50.74
28.57,28.57,35.18,70.96,51.38
25.01,25.01,41.56,72.71,54.53
21.85,21.85,44.38,71.04,52.39
26.76,26.76,46.16,71.59,55.13
28.81,28.81,42.96,72.07,53.31
29.09,29.09,41.05,71.25,51.56
30.00,30.00,41.72,72.34,51.83
30.35,30.35,40.58,71.15,49.26
30.25,30.25,39.64,72.87,49.21
30.27,30.27,39.45,69.74,50.14
29.90,29.90,39.58,74.02,50.81
28.72,28.72,38.51,70.63,51.63
29.50,29.50,38.29,72.88,51.28
30.95,30.95,37.37,70.71,53.79
27.94,27.94,33.86,71.47,51.40
25.19,25.19,34.76,71.80,54.09
27.68,27.68,40.02,67.53,53.47
26.18,26.18,40.73,71.37,52.79
26.88,26.88,39.28,71.30,51.34
29.24,29.24,38.51,69.97,51.57
29.11,29.11,36.64,70.66,52.98
29.99,29.99,35.11,71.40,49.67
27.36,27.36,33.84,68.83,47.95
23.95,23.95,31.26,70.22,49.75
20.61,20.61,36.61,69.53,48.95
27.62,27.62,49.61,69.83,56.02
33.93,33.93,53.63,69.30,51.99
36.16,36.16,49.36,67.31,49.90
33.35,33.35,42.06,69.33,49.55
29.54,29.54,41.08,69.17,51.22
30.24,30.24,40.93,69.38,51.15
26.16,26.16,38.08,68.77,52.47
26.90,26.90,43.58,70.88,52.82
32.46,32.46,47.08,66.75,51.03
41.58,41.58,50.42,67.43,49.87
42.85,42.85,51.29,66.43,52.59
40.58,40.58,49.41,66.73,52.95
29.63,29.63,40.97,63.16,50.06
28.25,28.25,39.71,66.45,53.60
28.38,28.38,37.30,56.60,47.03
30.83,30.83,40.33,58.12,47.81
27.31,27.31,39.01,66.46,54.24
28.67,28.67,38.72,70.68,49.84
29.86,29.86,39.90,69.36,44.21
30.33,30.33,40.07,72.71,49.07
34.12,34.12,41.73,70.24,53.75
34.73,34.73,41.83,68.50,50.58
34.87,34.87,42.46,71.88,51.44
33.46,33.46,42.26,71.35,45.20
32.63,32.63,40.08,71.00,49.56
33.20,33.20,41.74,70.36,48.39
32.27,32.27,40.58,68.12,48.43
35.70,35.70,42.03,70.99,49.37
34.29,34.29,42.21,72.35,49.76
38.55,38.55,41.91,70.47,50.07
33.84,33.84,42.68,67.86,51.93
40.12,40.12,43.61,71.21,51.24
43.76,43.76,39.17,69.59,52.89
44.93,44.93,39.26,69.98,49.27
48.38,48.38,40.18,69.80,49.75
46.25,46.25,39.86,70.30,47.15
44.68,44.68,38.47,71.99,50.62
43.08,43.08,38.30,69.08,53.77
40.66,40.66,37.23,68.75,50.70
45.63,45.63,38.12,68.86,49.60
50.94,50.94,36.38,68.62,45.51
56.74,56.74,42.41,69.16,50.14
56.88,56.88,42.86,66.00,51.08
58.24,58.24,41.85,67.46,54.48
58.24,58.24,41.95,54.58,52.39
57.73,57.73,40.43,56.23,43.87
58.24,58.24,40.12,60.07,43.16
57.10,57.10,40.53,66.86,48.23
55.44,55.44,39.28,70.48,51.88
55.03,55.03,37.41,68.60,47.03
46.69,46.69,38.09,70.18,49.37
39.26,39.26,37.07,69.91,49.24
38.50,38.50,38.88,63.81,45.61
35.39,35.39,37.37,69.36,46.32
35.50,35.50,39.37,68.08,49.52
33.57,33.57,39.04,72.77,43.63
37.79,37.79,41.75,63.77,45.47
36.37,36.37,41.09,71.37,49.70
37.28,37.28,42.53,62.68,44.22
34.83,34.83,41.08,71.38,48.47
41.80,41.80,45.09,57.94,44.56
44.11,44.11,45.02,67.16,49.55
42.91,42.91,47.25,68.95,44.92
43.71,43.71,47.06,64.30,49.31
43.88,43.88,46.62,68.46,47.72
42.57,42.57,45.97,64.81,49.40
37.66,37.66,43.38,71.58,49.00
37.42,37.42,43.29,62.37,45.34
35.97,35.97,41.83,70.51,52.15
33.72,33.72,42.03,62.02,44.57
37.54,37.54,45.87,68.47,54.75
34.50,34.50,42.79,64.14,47.68
34.30,34.30,40.56,62.78,51.76
37.26,37.26,43.43,67.72,49.14
39.40,39.40,44.74,63.65,50.61
41.74,41.74,44.71,68.56,48.60
43.12,43.12,45.40,61.54,52.29
41.57,41.57,43.73,71.46,50.59
41.53,41.53,44.81,67.15,46.77
41.89,41.89,42.73,68.41,43.03
44.66,44.66,42.86,66.65,45.21
45.26,45.26,42.40,71.39,47.70
44.06,44.06,43.29,72.01,46.89
40.63,40.63,42.43,71.57,45.06
38.98,38.98,40.23,72.02,45.96
46.31,46.31,45.43,68.96,48.31
41.56,41.56,43.56,72.59,49.15
42.94,42.94,44.20,71.74,46.72
40.62,40.62,42.37,73.82,43.79
41.45,41.45,42.93,69.53,44.25
41.03,41.03,43.25,73.09,48.98
37.57,37.57,41.01,68.19,47.58
41.89,41.89,43.70,69.21,44.36
37.53,37.53,40.95,67.49,46.90
38.08,38.08,41.18,73.52,46.63
39.05,39.05,41.69,68.32,44.96
35.54,35.54,41.03,71.16,48.30
34.32,34.32,42.07,65.64,48.52
33.02,33.02,42.29,70.68,46.14
33.63,33.63,39.75,69.13,46.57
37.42,37.42,41.01,71.32,48.26
35.49,35.49,39.62,69.40,48.12
35.14,35.14,41.89,69.39,50.12
33.96,33.96,40.52,69.47,49.09
29.53,29.53,38.94,69.27,46.91
29.62,29.62,39.81,68.05,49.54
29.46,29.46,37.42,68.34,45.89
31.52,31.52,38.33,71.97,44.80
29.03,29.03,40.38,64.31,46.02
32.20,32.20,40.35,70.48,47.95
31.85,31.85,38.55,68.45,51.21
30.62,30.62,36.42,66.95,50.34
29.85,29.85,37.78,67.09,52.16
30.74,30.74,39.47,68.05,51.02
30.46,30.46,42.23,69.05,52.56
24.71,24.71,38.90,67.94,47.83
28.94,28.94,35.17,67.14,50.80
33.24,33.24,39.50,65.62,48.59
29.20,29.20,35.92,70.08,50.29
29.69,29.69,34.48,60.38,48.24
28.53,28.53,30.96,69.79,51.87
29.16,29.16,31.71,65.19,49.52
34.74,34.74,32.10,68.51,48.06
51.51,51.51,38.45,65.19,49.67
55.56,55.56,40.36,67.48,49.67
56.19,56.19,42.52,67.97,52.37
55.77,55.77,42.73,66.91,48.67
55.60,55.60,42.37,67.85,49.86
56.26,56.26,39.86,65.54,49.97
58.14,58.14,39.64,68.61,50.35
58.38,58.38,36.64,62.23,46.52
51.93,51.93,36.92,70.29,48.72
48.14,48.14,38.10,66.82,49.26
43.64,43.64,36.34,68.93,46.06
43.57,43.57,38.38,66.33,49.33
44.14,44.14,40.19,67.42,51.41
47.88,47.88,41.44,60.09,45.76
41.45,41.45,38.66,55.85,41.21
42.25,42.25,39.99,55.26,39.55
41.47,41.47,41.48,55.43,41.97
42.89,42.89,43.31,59.05,46.96
37.82,37.82,40.52,72.13,50.05
43.21,43.21,43.96,70.55,47.80
36.93,36.93,40.29,71.34,46.17
36.91,36.91,40.04,68.72,49.35
35.63,35.63,38.90,71.21,53.10
40.33,40.33,40.63,68.37,50.84
42.25,42.25,42.06,71.26,51.09
38.14,38.14,41.73,69.71,47.37
42.54,42.54,43.16,69.97,50.54
48.10,48.10,45.31,71.21,51.27
44.70,44.70,42.20,67.89,47.89
48.42,48.42,43.90,71.78,53.25
46.52,46.52,40.67,72.62,46.41
41.50,41.50,41.65,65.38,47.85
36.40,36.40,38.74,69.70,51.47
36.13,36.13,38.85,71.71,49.80
37.16,37.16,39.85,67.97,50.81
36.24,36.24,42.57,70.61,50.34
35.95,35.95,41.47,69.94,46.71
37.46,37.46,42.13,66.65,45.31
36.77,36.77,40.34,69.31,48.35
34.24,34.24,39.84,69.98,47.90
35.08,35.08,44.35,68.15,49.57
30.97,30.97,44.67,66.33,49.70
31.98,31.98,46.94,58.72,51.85
34.32,34.32,48.23,58.34,54.18
34.38,34.38,46.75,57.76,51.43
32.95,32.95,43.77,55.18,51.64
32.77,32.77,42.45,51.99,50.77
32.10,32.10,41.12,56.17,52.14
29.23,29.23,43.27,62.11,54.72
29.76,29.76,41.07,71.21,53.23
33.05,33.05,40.55,68.92,50.74
33.88,33.88,39.93,72.34,52.46
34.64,34.64,39.73,69.85,50.85
34.86,34.86,37.95,71.15,52.39
33.99,33.99,39.60,69.10,48.52
31.65,31.65,36.36,71.33,51.41
30.71,30.71,38.15,68.58,52.15
28.54,28.54,35.85,71.36,47.44
28.44,28.44,35.98,70.19,46.27
30.29,30.29,36.37,68.60,46.58
32.27,32.27,37.09,71.20,49.34
30.28,30.28,35.03,69.43,48.23
29.85,29.85,34.44,70.52,50.28
30.00,30.00,36.11,69.51,47.44
31.65,31.65,37.04,70.75,49.95
29.12,29.12,36.78,67.83,47.50
38.73,38.73,44.61,70.90,49.97
33.14,33.14,43.78,69.52,51.15
33.09,33.09,40.18,70.67,50.99
33.18,33.18,39.89,68.56,49.93
29.16,29.16,35.12,68.50,50.13
29.28,29.28,36.10,69.77,50.99
32.66,32.66,40.89,67.37,50.93
29.86,29.86,37.18,70.47,49.06
30.20,30.20,36.00,68.31,44.78
32.26,32.26,35.29,71.30,44.94
34.11,34.11,35.69,66.38,47.08
31.32,31.32,35.25,71.10,48.56
30.01,30.01,33.78,64.48,45.07
27.94,27.94,34.88,57.41,43.52
25.49,25.49,34.68,66.77,50.07
25.48,25.48,37.35,69.68,47.77
29.89,29.89,42.70,69.73,50.65
28.37,28.37,44.42,72.99,52.40
26.39,26.39,42.37,69.67,50.47
28.35,28.35,39.83,69.48,46.42
28.93,28.93,37.46,73.19,44.35
32.31,32.31,40.19,71.17,49.23
32.24,32.24,37.80,69.95,46.17
32.76,32.76,37.94,73.05,44.38
33.97,33.97,38.96,69.03,42.25
29.27,29.27,37.27,72.77,39.87
25.02,25.02,38.35,72.17,39.76
28.15,28.15,55.31,68.22,47.32
24.08,24.08,50.41,72.72,51.97
25.49,25.49,43.30,70.79,54.79
22.68,22.68,37.57,70.76,56.18
21.58,21.58,36.20,67.85,55.36
22.21,22.21,36.69,69.32,53.52
23.10,23.10,36.32,67.07,52.46
25.73,25.73,36.39,67.25,53.28
24.74,24.74,34.81,70.20,52.71
19.98,19.98,34.76,70.11,49.50
20.50,20.50,41.30,69.44,54.16
17.00,17.00,44.53,68.44,57.62
16.74,16.74,45.35,71.72,57.62
18.13,18.13,42.90,67.68,57.69
25.24,25.24,43.37,70.87,55.97
27.34,27.34,38.42,66.16,54.19
24.95,24.95,35.26,70.40,52.16
25.54,25.54,37.09,66.54,52.59
27.48,27.48,35.78,69.06,50.93
26.32,26.32,35.46,68.36,49.96
29.54,29.54,37.02,67.36,52.27
30.76,30.76,35.93,71.08,51.16
28.37,28.37,35.90,68.08,48.83
31.02,31.02,36.86,68.28,49.50
31.96,31.96,36.84,67.35,52.18
35.94,35.94,38.11,70.54,49.94
37.39,37.39,37.33,68.04,52.52
44.53,44.53,36.62,68.84,51.28
48.10,48.10,35.28,66.44,51.32
42.19,42.19,34.40,64.49,50.93
50.81,50.81,32.61,69.79,51.31
56.85,56.85,37.23,65.24,52.40
59.38,59.38,37.44,69.64,51.93
59.11,59.11,39.78,67.41,52.47
56.99,56.99,39.91,69.14,50.01
59.99,59.99,40.25,68.95,54.33
59.09,59.09,41.07,69.07,49.40
58.42,58.42,41.98,68.08,52.10
55.17,55.17,40.83,68.64,50.96
53.39,53.39,40.28,69.09,50.93
47.41,47.41,37.72,67.39,51.75
40.63,40.63,37.81,68.51,50.51
38.84,38.84,36.82,68.40,50.10
34.89,34.89,37.78,69.41,48.60
35.16,35.16,40.43,69.14,48.00
33.00,33.00,37.89,65.07,46.11
32.75,32.75,37.83,70.12,45.84
35.43,35.43,40.68,59.73,47.31
35.15,35.15,40.39,57.43,41.55
34.83,34.83,43.91,60.22,41.68
31.84,31.84,44.54,73.76,42.05
30.01,30.01,41.70,66.40,44.12
27.51,27.51,38.60,69.77,42.32
29.16,29.16,37.35,73.02,43.87
29.29,29.29,37.27,66.63,41.92
28.87,28.87,36.36,69.87,44.53
28.83,28.83,38.11,71.40,47.38
30.25,30.25,40.25,68.46,42.18
27.93,27.93,40.55,70.48,45.09
29.06,29.06,39.46,71.40,43.55
28.11,28.11,38.14,66.39,43.61
28.05,28.05,36.57,72.47,45.42
27.35,27.35,36.13,70.05,43.20
27.68,27.68,34.77,67.42,44.54
27.17,27.17,34.09,73.32,45.37
27.62,27.62,34.20,66.70,41.77
26.07,26.07,33.35,69.25,42.44
27.11,27.11,35.26,73.17,44.40
27.93,27.93,37.85,62.00,44.23
24.48,24.48,35.07,69.29,41.17
23.26,23.26,32.94,68.36,40.06
21.91,21.91,35.13,69.30,46.70
24.00,24.00,41.08,67.99,44.59
22.82,22.82,40.57,68.63,46.03
22.17,22.17,37.43,69.52,44.32
26.75,26.75,36.48,67.27,44.77
24.61,24.61,38.77,69.09,47.74
24.37,24.37,37.80,52.58,45.69
29.26,29.26,39.28,59.25,44.48
28.78,28.78,39.84,58.51,41.21
28.96,28.96,42.44,58.51,41.37
28.22,28.22,39.73,69.50,43.05
31.07,31.07,40.29,72.32,38.43
30.16,30.16,39.36,69.07,43.99
30.80,30.80,37.05,67.92,42.00
27.91,27.91,37.99,66.62,40.52
28.48,28.48,36.60,68.80,40.76
26.62,26.62,33.67,70.51,39.45
23.93,23.93,35.02,66.25,41.43
25.01,25.01,36.53,70.10,39.66
26.51,26.51,35.58,69.92,37.66
26.04,26.04,36.64,68.44,39.29
22.90,22.90,36.82,66.35,40.70
24.06,24.06,30.94,70.96,40.92
24.81,24.81,30.59,65.88,36.59
26.68,26.68,33.08,67.95,37.34
28.46,28.46,36.44,68.46,38.99
24.71,24.71,34.28,67.66,38.19
24.02,24.02,29.93,69.55,36.05
22.43,22.43,29.17,66.29,36.24
23.20,23.20,30.55,69.79,38.77
23.55,23.55,27.98,68.02,36.67
23.20,23.20,29.82,69.29,34.22
28.35,28.35,35.96,64.22,38.74
28.54,28.54,37.70,71.34,38.31
22.06,22.06,32.25,64.95,36.44
24.67,24.67,31.69,66.95,37.06
26.37,26.37,34.63,67.73,38.52
24.83,24.83,34.69,65.86,45.66
24.87,24.87,32.81,65.29,44.39
20.74,20.74,28.41,54.49,41.47
20.80,20.80,31.61,55.73,40.14
20.47,20.47,32.40,70.14,47.88
18.21,18.21,30.01,70.78,45.97
21.43,21.43,30.94,68.22,45.57
21.75,21.75,32.57,68.99,47.65
20.42,20.42,30.77,70.83,53.05
23.35,23.35,30.20,69.85,47.82
22.32,22.32,32.89,68.72,48.69
29.09,29.09,34.68,68.41,50.66
27.11,27.11,33.39,71.32,52.72
27.56,27.56,30.87,68.89,45.59
22.47,22.47,29.91,66.67,52.86
25.36,25.36,29.46,72.61,50.26
25.05,25.05,28.45,70.38,46.32
26.50,26.50,33.83,67.17,43.24
25.41,25.41,30.86,61.68,44.54
28.04,28.04,40.83,63.76,41.45
27.34,27.34,34.60,68.52,44.96
27.56,27.56,31.88,68.07,40.97
26.80,26.80,33.03,71.11,40.38
27.86,27.86,34.54,69.96,38.22
25.82,25.82,38.93,71.79,35.57
20.96,20.96,31.29,67.89,38.92
19.86,19.86,33.57,73.72,42.53
27.62,27.62,43.44,68.04,47.75
22.64,22.64,37.77,70.82,49.91
22.29,22.29,38.70,68.59,50.26
21.64,21.64,36.56,70.89,50.56
20.83,20.83,38.51,70.79,48.98
21.90,21.90,34.82,68.27,49.77
22.21,22.21,36.99,72.27,49.96
25.64,25.64,35.67,71.13,49.79
26.17,26.17,37.94,70.39,48.69
26.43,26.43,35.91,66.47,49.08
24.31,24.31,36.29,71.06,50.64
24.46,24.46,36.17,68.06,48.44
23.06,23.06,36.34,70.82,48.01
23.30,23.30,37.93,70.62,47.07
24.98,24.98,40.07,69.73,46.44
25.33,25.33,38.48,71.83,43.10
25.78,25.78,37.82,69.56,44.33
22.45,22.45,35.28,70.12,45.85
24.43,24.43,33.25,69.93,44.06
22.26,22.26,34.65,69.40,44.82
21.48,21.48,35.31,69.34,44.88
20.32,20.32,32.46,71.90,43.56
18.91,18.91,32.27,69.86,40.80
23.93,23.93,37.43,70.39,43.81
23.04,23.04,37.94,70.45,40.65
21.61,21.61,33.46,70.98,39.34
20.79,20.79,37.58,71.54,42.15
21.22,21.22,35.73,69.22,39.86
19.64,19.64,36.95,71.51,44.30
20.49,20.49,37.11,69.88,41.08
19.18,19.18,38.22,69.71,43.75
23.24,23.24,35.87,69.56,40.16
19.99,19.99,36.01,71.75,44.41
21.27,21.27,35.41,68.00,41.94
21.94,21.94,37.16,65.35,48.85
19.29,19.29,36.22,58.35,47.52
21.00,21.00,34.80,58.23,44.99
20.34,20.34,37.24,49.19,40.29
18.69,18.69,32.69,56.49,40.20
21.94,21.94,37.39,61.47,45.88
19.04,19.04,34.91,69.68,48.17
17.97,17.97,31.18,66.03,44.92
20.16,20.16,30.31,66.04,47.29
20.68,20.68,33.30,72.34,41.89
18.94,18.94,29.40,63.67,42.29
19.93,19.93,29.28,67.47,45.25
21.67,21.67,32.15,71.78,45.16
25.96,25.96,35.29,63.86,44.78
20.50,20.50,31.70,70.22,40.68
21.17,21.17,30.08,68.38,41.07
18.90,18.90,32.57,64.50,38.22
21.34,21.34,32.51,71.59,44.09
19.56,19.56,31.83,66.43,45.73
20.34,20.34,29.84,63.68,41.51
22.05,22.05,34.66,71.55,46.47
21.04,21.04,29.69,67.03,45.99
21.24,21.24,32.56,63.00,40.43
20.03,20.03,28.53,71.26,44.32
19.83,19.83,29.96,65.79,43.93
19.47,19.47,27.95,64.17,42.87
21.37,21.37,28.47,72.21,40.12
21.68,21.68,30.47,65.57,40.91
25.13,25.13,33.01,67.89,38.96
26.93,26.93,36.31,69.81,37.37
20.29,20.29,30.18,71.59,34.03
22.91,22.91,31.77,69.11,33.43
22.15,22.15,31.47,69.46,37.82
18.77,18.77,30.44,70.20,35.21
19.61,19.61,30.17,67.95,33.71
21.36,21.36,30.19,71.71,35.53
27.33,27.33,36.66,60.02,41.71
20.49,20.49,30.43,71.23,41.44
19.16,19.16,27.96,66.63,36.34
20.50,20.50,27.18,72.40,39.35
21.50,21.50,29.71,69.19,36.91
19.91,19.91,31.33,67.84,38.24
20.83,20.83,30.32,66.42,41.16
20.93,20.93,29.04,70.46,40.20
23.50,23.50,33.18,68.89,37.77
22.86,22.86,32.62,67.71,36.64
22.27,22.27,30.76,70.30,34.98
19.15,19.15,29.53,64.45,39.43
18.53,18.53,34.12,73.18,39.27
19.99,19.99,28.70,65.27,33.78
19.95,19.95,29.16,71.05,32.70
21.14,21.14,34.24,64.02,40.05
22.62,22.62,34.10,70.25,44.69
16.77,16.77,30.25,69.30,40.11
20.90,20.90,33.37,70.56,34.61
20.99,20.99,31.68,71.79,38.05
20.02,20.02,30.63,71.14,40.02
23.02,23.02,37.14,71.16,40.14
20.31,20.31,34.17,71.77,43.98
26.46,26.46,39.91,72.75,40.11
24.37,24.37,36.66,72.14,39.04
17.61,17.61,34.77,71.09,36.75
19.63,19.63,32.50,71.17,34.00
21.47,21.47,34.68,72.82,33.88
19.32,19.32,34.73,72.56,37.06
21.33,21.33,31.69,71.38,34.66
19.70,19.70,30.21,72.53,39.08
23.05,23.05,31.08,71.83,42.92
19.21,19.21,30.53,70.61,47.59
22.23,22.23,29.59,73.04,47.43
20.30,20.30,27.68,72.35,48.23
20.70,20.70,31.59,72.36,48.79
20.22,20.22,30.56,72.23,46.48
19.51,19.51,32.51,72.82,49.74
20.63,20.63,31.10,72.00,46.84
24.34,24.34,36.67,71.81,54.19
20.63,20.63,36.64,71.03,54.75
19.79,19.79,35.13,70.78,55.28
19.26,19.26,32.92,73.08,55.64
21.12,21.12,29.28,71.81,53.45
21.93,21.93,34.09,70.55,54.10
22.21,22.21,33.10,71.68,53.15
23.28,23.28,34.30,69.49,52.61
27.78,27.78,34.91,58.05,50.26
20.46,20.46,33.78,55.26,50.23
21.13,21.13,34.60,56.31,52.40
20.69,20.69,36.55,56.99,50.68
22.21,22.21,36.17,55.28,50.74
21.28,21.28,40.30,54.70,50.47
19.86,19.86,41.41,54.13,51.69
22.66,22.66,42.15,56.21,51.69
25.24,25.24,47.20,56.59,51.94
22.39,22.39,45.37,56.00,53.89
21.33,21.33,44.09,56.28,53.06
20.43,20.43,46.21,56.96,53.36
19.68,19.68,43.74,56.39,53.34
20.05,20.05,46.67,56.04,52.49
20.27,20.27,42.81,55.00,53.32
23.69,23.69,44.87,55.47,51.32
24.54,24.54,44.78,57.19,48.34
21.34,21.34,43.89,57.25,49.63
22.36,22.36,42.90,54.42,49.24
20.36,20.36,42.29,57.07,49.12
21.35,21.35,46.35,55.61,48.89
22.95,22.95,45.99,48.63,46.12
21.45,21.45,35.92,45.82,37.31
24.63,24.63,40.53,44.94,40.09
21.63,21.63,39.02,41.74,35.92
20.68,20.68,40.90,42.35,36.81
16.91,16.91,42.98,40.17,35.25
19.67,19.67,43.22,41.99,34.98
19.82,19.82,39.64,37.39,35.70
19.49,19.49,42.55,38.20,34.44
19.43,19.43,44.40,42.53,35.33
25.34,25.34,42.09,36.26,36.52
20.95,20.95,42.64,37.47,37.05
20.85,20.85,39.23,32.17,38.40
21.75,21.75,41.05,35.19,38.29
21.35,21.35,41.48,34.82,38.57
20.72,20.72,41.16,36.91,39.87
18.54,18.54,41.34,39.38,39.88
21.62,21.62,41.98,38.36,40.04
24.37,24.37,42.10,38.84,38.85
20.60,20.60,44.07,42.82,40.62
20.77,20.77,40.07,37.99,39.89
19.32,19.32,41.72,37.02,38.91
19.42,19.42,43.65,39.48,39.68
23.13,23.13,42.61,37.01,35.42
21.10,21.10,35.56,28.16,26.97
20.11,20.11,34.00,27.49,26.92
24.30,24.30,37.49,30.92,28.67
19.24,19.24,31.55,29.47,25.84
18.92,18.92,36.97,27.27,24.52
16.40,16.40,35.04,30.52,23.51
17.99,17.99,36.29,29.87,23.97
17.39,17.39,37.84,31.40,24.06
18.45,18.45,33.30,30.62,22.71
23.11,23.11,38.07,28.95,26.71
20.48,20.48,34.85,28.69,27.40
20.16,20.16,35.45,28.87,25.80
18.41,18.41,36.58,32.28,25.77
20.29,20.29,33.83,26.90,27.30
19.06,19.06,33.36,30.63,26.57
18.69,18.69,35.10,33.20,25.91
19.98,19.98,32.80,24.04,28.42
21.97,21.97,35.52,27.87,29.00
23.05,23.05,33.99,27.64,27.99
19.34,19.34,35.12,25.38,29.34
17.99,17.99,33.40,26.52,26.18
19.77,19.77,34.63,30.85,28.41
22.32,22.32,35.49,26.48,27.75
18.32,18.32,32.83,23.05,23.67
18.03,18.03,32.62,18.21,23.40
26.95,26.95,34.76,26.47,25.67
19.18,19.18,33.39,19.45,21.19
19.34,19.34,31.61,24.87,19.63
15.34,15.34,30.86,25.51,19.52
18.92,18.92,32.96,21.62,20.52
16.84,16.84,31.30,28.88,20.53
18.69,18.69,32.89,25.44,21.49
19.10,19.10,31.52,24.21,22.20
25.90,25.90,34.18,24.00,24.52
18.05,18.05,33.19,21.24,19.10
18.63,18.63,31.58,24.54,20.63
21.57,21.57,29.67,22.42,22.45
19.32,19.32,30.88,25.35,21.27
20.69,20.69,32.20,22.25,23.41
21.12,21.12,31.98,23.46,25.14
21.02,21.02,31.22,23.22,25.17
23.94,23.94,32.68,23.71,24.00
22.12,22.12,34.03,25.79,22.90
21.22,21.22,33.00,23.45,22.97
16.89,16.89,32.48,24.85,21.60
22.14,22.14,33.89,19.07,25.42
20.12,20.12,30.97,23.42,22.06
20.55,20.55,32.77,19.57,20.68
22.05,22.05,33.77,18.60,23.05
22.25,22.25,32.35,20.49,21.94
19.56,19.56,31.43,21.07,19.41
16.63,16.63,31.82,18.79,19.33
17.50,17.50,30.87,22.57,20.07
19.93,19.93,31.67,16.22,19.24
18.92,18.92,30.83,20.64,20.08
20.32,20.32,30.88,16.13,21.63
25.39,25.39,33.35,17.31,23.76
20.50,20.50,31.66,14.03,19.93
18.61,18.61,30.31,15.35,19.98
18.08,18.08,30.61,17.16,18.80
20.63,20.63,30.83,16.77,19.81
20.34,20.34,31.23,13.02,19.97
19.73,19.73,31.40,18.45,21.33
19.36,19.36,29.97,13.19,22.10
20.25,20.25,31.36,16.46,24.13
23.21,23.21,32.57,17.66,22.90
18.90,18.90,30.54,16.12,18.46
20.55,20.55,30.38,17.29,19.56
16.31,16.31,31.00,16.75,19.85
20.25,20.25,31.08,16.07,20.61
15.75,15.75,30.63,14.03,18.54
19.04,19.04,30.31,17.61,19.87
24.39,24.39,32.09,17.73,23.16
16.50,16.50,31.19,14.19,19.49
18.35,18.35,31.55,18.23,17.27
12.70,12.70,31.00,12.62,16.60
17.79,17.79,31.60,14.72,19.94
15.48,15.48,28.95,18.26,19.68
16.42,16.42,32.45,15.71,19.15
22.30,22.30,31.95,15.31,22.27
23.18,23.18,32.00,14.25,21.28
14.32,14.32,31.28,14.74,17.39
16.69,16.69,28.37,14.15,18.22
18.52,18.52,28.58,16.86,17.36
14.01,14.01,30.10,18.23,18.23
15.18,15.18,30.93,16.89,18.63
17.20,17.20,31.16,18.56,19.77
19.21,19.21,30.35,17.07,22.22
18.37,18.37,28.57,15.54,21.43
18.56,18.56,28.78,17.28,19.50
17.25,17.25,30.64,14.87,18.65
13.12,13.12,29.58,15.37,18.79
17.22,17.22,30.48,17.78,20.54
14.35,14.35,31.21,13.60,18.22
14.95,14.95,30.39,15.51,19.48
17.96,17.96,29.51,15.64,20.74
13.82,13.82,30.83,15.43,17.52
13.13,13.13,30.53,15.59,17.20
10.03,10.03,30.16,18.60,17.99
12.14,12.14,31.34,19.02,17.64
11.45,11.45,30.55,16.71,19.22
12.82,12.82,30.41,17.02,18.05
13.18,13.18,31.10,16.03,18.16
21.61,21.61,30.92,17.37,21.70
15.22,15.22,29.23,16.41,17.85
10.58,10.58,30.16,19.27,16.43
12.18,12.18,29.81,18.36,19.42
11.37,11.37,29.18,17.23,16.79
9.47,9.47,30.25,19.41,17.06
12.57,12.57,29.47,16.99,18.30
12.91,12.91,29.58,17.89,19.53
13.77,13.77,31.46,16.24,19.89
17.95,17.95,30.73,17.39,20.11
12.15,12.15,28.61,16.93,16.60
11.74,11.74,30.58,17.87,16.64
11.45,11.45,29.31,16.97,16.04
11.08,11.08,29.65,18.59,18.19
9.04,9.04,31.75,18.32,17.85
8.31,8.31,28.78,16.83,19.10
12.94,12.94,28.69,18.79,17.74
9.06,9.06,30.09,18.70,14.16
10.22,10.22,29.89,17.60,17.05
7.45,7.45,26.95,18.52,16.68
9.63,9.63,29.96,19.04,16.89
7.63,7.63,30.21,17.69,17.80
11.22,11.22,29.22,18.92,16.59
15.52,15.52,32.13,17.12,19.91
13.02,13.02,29.88,17.17,17.21
7.53,7.53,30.06,18.94,17.79
4.76,4.76,31.63,17.71,15.35
7.81,7.81,30.42,18.40,16.37
6.92,6.92,29.19,18.17,17.48
8.95,8.95,30.79,18.12,17.92
8.15,8.15,32.38,17.94,19.43
9.97,9.97,31.04,19.03,18.38
10.39,10.39,31.37,18.36,18.08
6.40,6.40,31.63,18.89,19.33
9.49,9.49,30.06,19.28,17.08
4.73,4.73,31.45,18.92,16.92
7.70,7.70,30.83,18.53,17.17
4.74,4.74,31.28,19.19,16.72
6.03,6.03,32.22,19.07,16.15
9.50,9.50,31.70,18.70,18.26
4.94,4.94,30.91,18.88,17.84
4.64,4.64,30.66,19.17,17.00
3.86,3.86,31.36,18.18,18.95
3.80,3.80,30.27,19.00,18.78
3.69,3.69,32.17,18.55,17.78
6.20,6.20,31.84,16.39,19.56
5.83,5.83,29.38,19.00,17.19
8.94,8.94,30.72,17.75,16.96
4.79,4.79,31.19,16.56,18.15
2.58,2.58,30.04,20.16,17.68
2.86,2.86,31.12,17.66,15.38
3.38,3.38,30.05,16.88,17.19
2.78,2.78,28.84,18.93,17.47
3.39,3.39,31.12,17.18,16.14
5.52,5.52,28.93,17.20,17.57
5.02,5.02,29.55,19.27,17.69
4.54,4.54,31.23,17.83,16.84
3.76,3.76,31.78,17.73,19.28
1.60,1.60,30.63,20.28,18.00
2.91,2.91,32.41,18.18,15.88
2.30,2.30,31.37,18.90,17.28
2.57,2.57,31.26,19.54,18.88
3.16,3.16,32.07,18.71,17.75
2.91,2.91,30.84,18.14,19.36
2.29,2.29,29.57,18.72,16.34
1.71,1.71,30.82,18.77,15.50
1.98,1.98,31.48,19.03,17.02
1.74,1.74,31.11,19.45,18.27
2.51,2.51,31.87,19.25,17.15
2.66,2.66,31.77,18.35,19.16
4.05,4.05,30.93,18.23,18.68
2.40,2.40,30.87,18.15,16.68
2.21,2.21,29.38,18.13,16.50
2.33,2.33,29.65,18.68,17.92
1.94,1.94,31.92,19.43,16.12
2.41,2.41,31.19,16.66,17.72
1.93,1.93,29.49,17.50,16.37
1.81,1.81,29.42,17.81,16.28
2.35,2.35,28.06,14.94,15.42
1.27,1.27,29.04,16.85,16.30
0.73,0.73,29.69,16.90,14.57
1.05,1.05,27.64,15.45,15.12
1.00,1.00,27.34,15.87,14.80
0.67,0.67,27.70,16.88,13.97
0.57,0.57,26.80,14.60,14.65
0.41,0.41,25.96,16.20,15.12
0.21,0.21,28.05,15.48,13.10
0.15,0.15,26.65,13.77,14.14
0.07,0.07,25.02,13.92,12.92
0.02,0.02,24.64,14.38,11.08
0.08,0.08,24.73,12.82,11.59
0.13,0.13,24.14,13.61,13.37
0.06,0.06,24.64,13.52,11.40
0.04,0.04,24.04,12.17,11.70
0.00,0.00,23.44,12.74,11.02
-0.00,-0.00,23.68,12.21,9.49
-0.00,-0.00,22.40,11.89,9.83
-0.00,-0.00,23.72,11.19,11.66
-0.00,-0.00,22.88,11.81,10.03
-0.00,-0.00,22.06,10.31,10.22
-0.00,-0.00,22.03,10.07,10.22
-0.00,-0.00,22.02,10.62,8.25
-0.00,-0.00,20.51,9.68,8.59
-0.00,-0.00,21.00,8.62,9.68
-0.00,-0.00,19.96,9.73,7.80
-0.00,-0.00,18.12,8.43,7.73
-0.00,-0.00,14.91,5.78,2.73
-0.00,-0.00,2.86,0.39,0.10
-0.00,-0.00,-0.00,-0.00,-0.00
-0.00,-0.00,-0.00,-0.00,-0.00
-0.00,-0.00,-0.00,-0.00,-0.00
-0.00,-0.00,-0.00,-0.00,-0.00
-0.00,-0.00,-0.00,-0.00,-0.00
-0.00,-0.00,-0.00,-0.00,-0.00
-0.00,-0.00,-0.00,-0.00,-0.00
-0.00,-0.00,-0.00,-0.00,-0.00
-0.00,-0.00,-0.00,-0.00,-0.00
-0.00,-0.00,-0.00,-0.00,-0.00
-0.00,-0.00,-0.00,-0.00,-0.00
-0.00,-0.00,-0.00,-0.00,-0.00
-0.00,-0.00,-0.00,-0.00,-0.00
-0.00,-0.00,-0.00,-0.00,-0.00
-0.00,-0.00,-0.00,-0.00,-0.00
-0.00,-0.00,-0.00,-0.00,-0.00
-0.00,-0.00,-0.00,-0.00,-0.00
-0.00,-0.00,-0.00,-0.00,-0.00
-0.00,-0.00,-0.00,-0.00,-0.00
-0.00,-0.00,-0.00,-0.00,-0.00
-0.00,-0.00,-0.00,-0.00,-0.00
-0.00,-0.00,-0.00,-0.00,-0.00
-0.00,-0.00,-0.00,-0.00,-0.00
-0.00,-0.00,-0.00,-0.00,-0.00
-0.00,-0.00,-0.00,-0.00,-0.00
-0.00,-0.00,-0.00,-0.00,-0.00
-0.00,-0.00,-0.00,-0.00,-0.00
-0.00,-0.00,-0.00,-0.00,-0.00
-0.00,-0.00,-0.00,-0.00,-0.00
-0.00,-0.00,-0.00,-0.00,-0.00
-0.00,-0.00,-0.00,-0.00,-0.00
-0.00,-0.00,-0.00,-0.00,-0.00
-0.00,-0.00,-0.00,-0.00,-0.00
-0.00,-0.00,-0.00,-0.00,-0.00
-0.00,-0.00,-0.00,-0.00,-0.00
-0.00,-0.00,-0.00,-0.00,-0.00
-0.00,-0.00,-0.00,-0.00,-0.00
-0.00,-0.00,-0.00,-0.00,-0.00
-0.00,-0.00,-0.00,-0.00,-0.00
-0.00,-0.00,-0.00,-0.00,-0.00
-0.00,-0.00,-0.00,-0.00,-0.00
-0.00,-0.00,-0.00,-0.00,-0.00
-0.00,-0.00,-0.00,-0.00,-0.00
-0.00,-0.00,-0.00,-0.00,-0.00
-0.00,-0.00,-0.00,-0.00,-0.00
-0.00,-0.00,-0.00,-0.00,-0.00
-0.00,-0.00,-0.00,-0.00,-0.00
-0.00,-0.00,-0.00,-0.00,-0.00
-0.00,-0.00,-0.00,-0.00,-0.00
-0.00,-0.00,-0.00,-0.00,-0.00
-0.00,-0.00,-0.00,-0.00,-0.00
-0.00,-0.00,-0.00,-0.00,-0.00
-0.00,-0.00,-0.00,-0.00,-0.00
-0.00,-0.00,-0.00,-0.00,-0.00
-0.00,-0.00,-0.00,-0.00,-0.00
-0.00,-0.00,-0.00,-0.00,-0.00
-0.00,-0.00,-0.00,-0.00,-0.00
-0.00,-0.00,-0.00,-0.00,-0.00
-0.00,-0.00,-0.00,-0.00,-0.00
-0.00,-0.00,-0.00,-0.00,-0.00
-0.00,-0.00,-0.00,-0.00,-0.00
-0.00,-0.00,-0.00,-0.00,-0.00
-0.00,-0.00,-0.00,-0.00,-0.00
-0.00,-0.00,-0.00,-0.00,-0.00
-0.00,-0.00,-0.00,-0.00,-0.00
-0.00,-0.00,-0.00,-0.00,-0.00
-0.00,-0.00,-0.00,-0.00,-0.00
-0.00,-0.00,-0.00,-0.00,-0.00
-0.00,-0.00,-0.00,-0.00,-0.00
-0.00,-0.00,-0.00,-0.00,-0.00
-0.00,-0.00,-0.00,-0.00,-0.00
-0.00,-0.00,-0.00,-0.00,-0.00
-0.00,-0.00,-0.00,-0.00,-0.00
-0.00,-0.00,-0.00,-0.00,-0.00
-0.00,-0.00,-0.00,-0.00,-0.00
-0.00,-0.00,-0.00,-0.00,-0.00
-0.00,-0.00,-0.00,-0.00,-0.00
-0.00,-0.00,-0.00,-0.00,-0.00
-0.00,-0.00,-0.00,-0.00,-0.00
-0.00,-0.00,-0.00,-0.00,-0.00
-0.00,-0.00,-0.00,-0.00,-0.00
-0.00,-0.00,-0.00,-0.00,-0.00
-0.00,-0.00,-0.00,-0.00,-0.00
-0.00,-0.00,-0.00,-0.00,-0.00
-0.00,-0.00,-0.00,-0.00,-0.00
-0.00,-0.00,-0.00,-0.00,-0.00
-0.00,-0.00,-0.00,-0.00,-0.00
-0.00,-0.00,-0.00,-0.00,-0.00
-0.00,-0.00,-0.00,-0.00,-0.00
-0.00,-0.00,-0.00,-0.00,-0.00
-0.00,-0.00,-0.00,-0.00,-0.00
-0.00,-0.00,-0.00,-0.00,-0.00
-0.00,-0.00,-0.00,-0.00,-0.00
-0.00,-0.00,-0.00,-0.00,-0.00
-0.00,-0.00,-0.00,-0.00,-0.00
-0.00,-0.00,-0.00,-0.00,-0.00
-0.00,-0.00,-0.00,-0.00,-0.00
-0.00,-0.00,-0.00,-0.00,-0.00
-0.00,-0.00,-0.00,-0.00,-0.00
-0.00,-0.00,-0.00,-0.00,-0.00
-0.00,-0.00,-0.00,-0.00,-0.00
-0.00,-0.00,-0.00,-0.00,-0.00
-0.00,-0.00,-0.00,-0.00,-0.00
-0.00,-0.00,-0.00,-0.00,-0.00
-0.00,-0.00,-0.00,-0.00,-0.00
-0.00,-0.00,-0.00,-0.00,-0.00
-0.00,-0.00,-0.00,-0.00,-0.00
-0.00,-0.00,-0.00,-0.00,-0.00
-0.00,-0.00,-0.00,-0.00,-0.00
-0.00,-0.00,-0.00,-0.00,-0.00
-0.00,-0.00,-0.00,-0.00,-0.00
-0.00,-0.00,-0.00,-0.00,-0.00
-0.00,-0.00,-0.00,-0.00,-0.00
-0.00,-0.00,-0.00,-0.00,-0.00
-0.00,-0.00,-0.00,-0.00,-0.00
-0.00,-0.00,-0.00,-0.00,-0.00
-0.00,-0.00,-0.00,-0.00,-0.00
-0.00,-0.00,-0.00,-0.00,-0.00
-0.00,-0.00,-0.00,-0.00,-0.00
-0.00,-0.00,-0.00,-0.00,-0.00
-0.00,-0.00,-0.00,-0.00,-0.00
-0.00,-0.00,-0.00,-0.00,-0.00
-0.00,-0.00,-0.00,-0.00,-0.00
-0.00,-0.00,-0.00,-0.00,-0.00
-0.00,-0.00,-0.00,-0.00,-0.00
-0.00,-0.00,-0.00,-0.00,-0.00
-0.00,-0.00,-0.00,-0.00,-0.00
-0.00,-0.00,-0.00,-0.00,-0.00
-0.00,-0.00,-0.00,-0.00,-0.00
-0.00,-0.00,-0.00,-0.00,-0.00
-0.00,-0.00,-0.00,-0.00,-0.00
-0.00,-0.00,-0.00,-0.00,-0.00
-0.00,-0.00,-0.00,-0.00,-0.00
-0.00,-0.00,-0.00,-0.00,-0.00
-0.00,-0.00,-0.00,-0.00,-0.00
-0.00,-0.00,-0.00,-0.00,-0.00
-0.00,-0.00,-0.00,-0.00,-0.00
-0.00,-0.00,-0.00,-0.00,-0.00
-0.00,-0.00,-0.00,-0.00,-0.00
-0.00,-0.00,-0.00,-0.00,-0.00
-0.00,-0.00,-0.00,-0.00,-0.00
-0.00,-0.00,-0.00,-0.00,-0.00
-0.00,-0.00,-0.00,-0.00,-0.00
-0.00,-0.00,-0.00,-0.00,-0.00
-0.00,-0.00,-0.00,-0.00,-0.00
-0.00,-0.00,-0.00,-0.00,-0.00
-0.00,-0.00,-0.00,-0.00,-0.00
-0.00,-0.00,-0.00,-0.00,-0.00
-0.00,-0.00,-0.00,-0.00,-0.00
-0.00,-0.00,-0.00,-0.00,-0.00
-0.00,-0.00,-0.00,-0.00,-0.00
-0.00,-0.00,-0.00,-0.00,-0.00
-0.00,-0.00,-0.00,-0.00,-0.00
-0.00,-0.00,-0.00,-0.00,-0.00
-0.00,-0.00,-0.00,-0.00,-0.00
-0.00,-0.00,-0.00,-0.00,-0.00
-0.00,-0.00,-0.00,-0.00,-0.00
-0.00,-0.00,-0.00,-0.00,-0.00
-0.00,-0.00,-0.00,-0.00,-0.00
-0.00,-0.00,-0.00,-0.00,-0.00
-0.00,-0.00,-0.00,-0.00,-0.00
-0.00,-0.00,-0.00,-0.00,-0.00
-0.00,-0.00,-0.00,-0.00,-0.00
-0.00,-0.00,-0.00,-0.00,-0.00
-0.00,-0.00,-0.00,-0.00,-0.00
-0.00,-0.00,-0.00,-0.00,-0.00
-0.00,-0.00,-0.00,-0.00,-0.00
